No,Nama ,Kecamatan,Nama Lengkap,TTL,Alamat,Telepon,Pendidikan,Diangkat,No SK,Jabatan
2525, Pagedongan,Pagedongan,Habib Burohim,"Pasir Pengaraian, 19 Januari 1990",Pagedongan Rt 005 RW 007,085231411515,S1,2018,141.3/27 TAHUN 2018,KASI PEMERINTAHAN
2526, Pagedongan,Pagedongan,Dian Arief Ashari,"Kendal, 20 Agustus 1983",Pagedongan RT 004 RW 001,085741159656,D3,2018,141.3/26 TAHUN 2018,KAUR KEUANGAN
2527, Pagedongan,Pagedongan,Puji Astuti,"Banjarnegara, 18 Agustus 1968",Pagedongan RT 004 RW 001,085846039973,SMA,2016,141/41 TAHUN 2016,KAUR PERENCANAAN
2528, Pagedongan,Pagedongan,Fia Novita,"Banjarnegara, 7 Agustus 1994",Pagedongan RT 002 Rw 005,088215590053,S1,2023,141.3/61 Tahun 2023,KAUR TATA USAHA DAN UMUM
2529, Pagedongan,Pagedongan,Siti Latifah,"Banjarnegara, 12 April 1979",Pagedongan RT 002 RW 004,082225368370,SMA,2019,141.1/998 TAHUN 2019,KEPALA DESA
2530, Pagedongan,Pagedongan,Eko Budianto,"Klaten, 11 Desember 1987",Pagedongan RT 004 RW 001,085781040764,SMA,2023,141.3/62 TAHUN 2023,KEPALA DUSUN 1 PAMURIAN
2531, Pagedongan,Pagedongan,Enita,"Banjarnegara, 13 Mei 1991",Pagedongan RT 003 RW 002,082243911622,S1,2023,141.3/63 TAHUN 2023,KEPALA DUSUN 2 WANAJENENG
2532, Pagedongan,Pagedongan,SUTIRNO,"Banjarnegara, 15 Juli 1969",Pagedongan RT 003 RW 005,088215394090,SMA,2016,141/49 TAHUN 2016,KEPALA DUSUN 3 WATUBELAH
2533, Pagedongan,Pagedongan,Eli Farhati,"Banjarnegara, 3 Agustus 1980",PAgedongan RT 002 RW 006,087715380137,SMA,2017,141/13 TAHUN 2017,KEPALA DUSUN 4 PAKISAJI
2534, Pagedongan,Pagedongan,Ma'ruf Sholeh,"Banjarnegara, 3 Oktober 1988",Pagedongan Rt 005 RW 007,085802936578,S1,2017,141/10 TAHUN 2017,SEKRETARIS DESA
2535, Pagedongan,Pagedongan,Slamet Riyadi,"Banjarnegara, 7 Februari 1983",Pagedongan RT 004 RW 007,085842676599,SMA,2023,140/1419 TAHUN 2023,Anggota
2536, Pagedongan,Pagedongan,Muhamad Arief Purwono,"Banjarnegara, 14 Oktober 1988",Pagedongan RT 004 RW 006,083150850295,SMA,2023,140/1419 TAHUN 2023,Anggota
2537, Pagedongan,Pagedongan,Budiono,"Banjarnegara, 4 Maret 1989",Pagedongan RT 003 RW 005,08818592300,SMA,2023,140/1419 Tahun 2023,Anggota
2538, Pagedongan,Pagedongan,Novi Yastuti,"Kuningan, 8 November 1985",Pagedongan RT 001 RW 001,082238613100,S1,2023,140/1419 TAHUN 2023,Anggota
2539, Pagedongan,Pagedongan,Mualifah,"Banjarnegara, 14 Januari 1983",Pagedongan RT 002 RW 004,083862441723,SMA,2023,140/1419 TAHUN 2023,Anggota
2540, Pagedongan,Pagedongan,Nana Setiawan,"Banjarnegara, 19 Juli 1980",PAgedongan RT 005 RW 001,081327300610,SMA,2023,140/1419 TAHUN 2023,Anggota
2541, Pagedongan,Pagedongan,Akhmad Khozin Amanulloh,"Banjarnegara, 9 Juli 1976",Pagedongan RT 002 RW 002,081327154215,S1,2023,140/1419 TAHUN 2023,Ketua
2542, Pagedongan,Pagedongan,Yeti Noviana,"Banjarnegara, 31 Oktober 1980",Pagedongan RT 002 RW 003,085756119981,S1,2023,140/1419 Tahun 2023,Sekretaris
2543, Pagedongan,Pagedongan,Praptiono Novera Orianto,"Banjarnegara, 2 November 1989",Pagedongan RT 001 RW 007,081392179490,SMA,2023,140/1419 TAHUN 2023,Wakil Ketua
2544, Pagelak,Madukara,ADE LUKMAN FIRMANSYAH,"Banjarnegara, 26 Oktober 1996","Pagelak RT 01 RW 02 Kecamatan Madukara, Kabupaten Banjarnegara",081393933338,SMA,2020,141.3/30/Tahun 2020,KADUS I
2545, Pagelak,Madukara,MUNFARID,"Banjarnegara, 14 Februari 1968","Pagelak RT 02 RW 01 Kecamatan Madukara, Kabupaten Banjarnegara",081288687251,SMA,2005,01 TAHUN 2005,KADUS II
2546, Pagelak,Madukara,SURATNO,"Banjarnegara, 28 Februari 1968",PAGELAK RT 03 RW 03 KECAMATAN MADUKARA KABUPATEN BANJARNEGARA,082220235858,SMA,1998,141/06/1998,KADUS III
2547, Pagelak,Madukara,M. BADRUN IKHSAN,"Banjarnegara, 07 September 1971",PAGELAK RT 01 RW 03 KECAMATAN MADUKARA KABUPATEN BANJARNEGARA,081327163971,SMA,2012,141/02/ 2012,KASI KESEJAHTERAAN
2548, Pagelak,Madukara,RIANA,"Banjarnegara, 18 Mei 1990",PAGELAK RT 02 RW 03 KECAMATAN MADUKARA KABUPATEN BANJARNEGARA,082322209111,SMA,2017,21 TAHUN 2017,KASI PELAYANAN
2549, Pagelak,Madukara,MAKMUM,"Banjarnegara, 30 Oktober 1967",PAGELAK RT 03 RW 02 KECAMATAN MADUKARA KABUPATEN BANJARNEGARA,081325093536,SMA,1998,141/06/1998,KASI PEMERINTAHAN
2550, Pagelak,Madukara,MUFIDATUN NADHIROH,"Banjarnegara, 07 Mei 1985",PAGELAK RT 05 RW 02 KECAMATAN MADUKARA KABUPATEN BANJARNEGARA,081226786043,S1,2013,141/14/ 2013,KAUR KEUANGAN
2551, Pagelak,Madukara,PRIMADEVI LAKSITA,"Yogyakarta, 22 Juni 1992","Pagelak RT 02 RW 01 Kecamatan Madukara, Kabupaten Banjarnegara",081329464949,SMA,2017,20 TAHUN 2017,KAUR PERENCANAAN
2552, Pagelak,Madukara,ANIK SAMSU HAYATI,"Magelang, 01 November 1967","Pagelak RT 03 RW 01 Kecamatan Madukara, Kabupaten Banjarnegara",085227620992,SMA,2002,141/06/Tahun 2001,KAUR TATA USAHA DAN UMUM
2553, Pagelak,Madukara,"MARSONO, S. IP","Banjarnegara, 20 Februari 1963","Pagelak RT 01 RW 02 Kecamatan Madukara, Kabupaten Banjarnegara",081327680077,S1,2019,141.1/1106 TAHUN 2019,KEPALA DESA
2554, Pagelak,Madukara,MUHAMAD SOFAN,"Banjarnegara, 21 Juni 1986","Pagelak RT 02 RW 01 Kecamatan Madukara, Kabupaten Banjarnegara",081226208316,SMA,2017,17 TAHUN 2017,SEKRETARIS DESA
2555, Pagelak,Madukara,RAGHUSFI BHUENA VENTURA,"Banjarnegara, 28 Juni 2000","Pagelak RT 02 RW 01 Kecamatan Madukara, Kabupaten Banjarnegara",085867474387,S1,2023,140/1017 TAHUN 2023,ANGGOTA BPD
2556, Pagelak,Madukara,SAMINGUN,"Banjarnegara, 21 Mei 1979","Pagelak RT 01 RW 03 Kecamatan Madukara, Kabupaten Banjarnegara",085385529008,SMA,2023,140/1017 TAHUN 2023,ANGGOTA BPD
2557, Pagelak,Madukara,YANUAR NUGRAHAWIJAYADI,"Banjarnegara,11 Januari 1977","Pagelak RT 01 RW 01 Kecamatan Madukara, Kabupaten Banjarnegara",082394567711,D3,2023,140/1017 TAHUN 2023,ANGGOTA BPD
2558, Pagelak,Madukara,SUKRON JAMIL,"Banjarnegara, 08 Agustus 1986",PAGELAK RT 03 RW 02 KECAMATAN MADUKARA KABUPATEN BANJARNEGARA,082322519480,SMA,2023,140/1017 TAHUN 2023,ANGGOTA BPD
2559, Pagelak,Madukara,MARKO ROKHMANTO,"Banjarnegara, 24 Maret 1975",PAGELAK RT 04 RW 02 KECAMATAN MADUKARA KABUPATEN BANJARNEGARA,085225819442,S1,2023,140/1017 TAHUN 2023,KETUA BPD
2560, Pagelak,Madukara,NURLAELI,"Banjarnegara, 21 Oktober 1979",PAGELAK RT 02 RW 02 KECAMATAN MADUKARA KABUPATEN BANJARNEGARA,082225120423,S1,2023,140/1017 TAHUN 2023,SEKRETARIS  BPD
2561, Pagelak,Madukara,BUDI SETYO PRIYANTO,"Banjarnegara, 06 April 1981","Pagelak RT 05 RW 03 Kecamatan Madukara, Kabupaten Banjarnegara",085727937582,SMA,2023,140/1017 TAHUN 2023,WAKIL KETUA BPD
2562, Pagentan,Pagentan,Sahim,"Banjarnegara, 14 Agustus 1970",Desa Pagentan RT 002 RW 005,082325663570,SMA,2017,141.3/44/Tahun 2017,Kadus Bulu
2563, Pagentan,Pagentan,Agung Nugroho,"Banjarnegara, 10 April 1983",Desa Pagentan RT 001 RW 001,085228805710,S1,2018,29 Tahun 2018,Kadus Krajan 1
2564, Pagentan,Pagentan,Ahmad Setiawan,"Banjarnegara, 09 Juli 1981",Desa Pagentan RT 002 RW 004,085225369623,SMA,2018,30 Tahun 2018,Kadus Krajan 2
2565, Pagentan,Pagentan,Triana Susanti,"Banjarnegara, 27 Januari 1987",Desa Pagentan RT 002 RW 008,085657076897,S1,2018,31 Tahun 2018,Kadus Tedunan
2566, Pagentan,Pagentan,Nofa Sugara,"Banjarnegara, 17 Juli 1999",Desa Pagentan RT 001 RW 002,082221697850,SMA,2024,141/35 Tahun 2024,Kasi Kesejahteraan
2567, Pagentan,Pagentan,Resmi Wahyu Anggono,"Banjarnegara, 16 September 1985",Desa Pagentan RT 003 RW 007,085227781810,S1,2023,141/34 Tahun 2023,Kasi pelayanan
2568, Pagentan,Pagentan,Zakiatun Ma'rufah,"Banjarnegara, 17 Juni 1994",Desa Pagentan RT 002 RW 004,085712244638,S1,2018,27 Tahun 2018,Kasi Pemerintahan
2569, Pagentan,Pagentan,Salamah,"Banjarnegara, 10 April 1966",Desa Pagentan RT 003 RW 007,085600355343,SMA,2017,141.3/27/Tahun 2017,Kaur Keuangan
2570, Pagentan,Pagentan,Edi Mulyanto,"Banjarnegara, 9 Agustus 1981",Desa Pagentan Rt 002 RW 001,082339005670,SMA,2018,141/23 Tahun 2018,Kaur Perencanaan
2571, Pagentan,Pagentan,Ahfidha Nurussiam,"Pati, 21 MAret 1993",Desa Pagentan RT 002 RW 002,085727174155,S1,2018,32 Tahun 2018,Kaur TU dan Umum
2572, Pagentan,Pagentan,Abdul Kohar,"Banjarnegara, 29 April 1971",Desa Pagentan RT 001 Rw 003,081329520044,SMA,2019,400.10.2/768 Tahun 2024,Kepala Desa
2573, Pagentan,Pagentan,Sukatin,"Banjarnegara, 5 Juli 1977",Desa Pagentan RT 002 RW 007,08085227927025,SMA,2024,141/34 Tahun 2024,Kepala Dusun Sawangan
2574, Pagentan,Pagentan,Umar Wasit,"Banjarnegara, 19 April 1966",Desa Pagentan Rt 004 RW 001,085327623005,SMA,2018,141/22 Tahun 2018,Sekretaris Desa
2575, Pagentan,Pagentan,Abdul Rohman,"Banjarnegara, 02 April 1966",Desa Pagentan RT 005 RW 002,085702521175,SMA,2018,141/26 Tahun 2018,Staf Kasi Kesejahteraan
2576, Pagentan,Pagentan,Mahludi,"Banjarnegara, 21 Maret 1973",Desa Pagentan RT 001 RW 007,000000000000,SMA,2017,141.3/45/Tahun 2017,Staf Kasi Pemerintahan
2577, Pagentan,Pagentan,Ahmad Sahidi,"Situbondo, 14 September 1989",Desa Pagentan  RT 001 RW 004,082136095388,S1,2023,140/1551 Tahun 2023,Anggota BPD
2578, Pagentan,Pagentan,Slamet,"Banjarnegara, 20 Maret 1988",Desa Pagentan RT 002 RW 008,085869011832,SLTP,2023,140/1551 Tahun 2023,Anggota BPD
2579, Pagentan,Pagentan,Santo,"Banjarnegara, 30 November 1993",Desa Pagentan RT 002 RW 006,085727489408,SLTP,2023,140/1551 Tahun 2023,Anggota BPD
2580, Pagentan,Pagentan,Nur Aini,"Banjarnegara, 25 November 1978",Desa Pagentan RT 003 RW 003,085290619485,SMA,2023,140/1551 Tahun 2023,Anggota BPD
2581, Pagentan,Pagentan,Lela Arfiyantini,"Karawang, 11 April 1975",Desa Pagentan RT 002 RW 007,085743174920,SMA,2023,140/1551 Tahun 2023,Anggota BPD
2582, Pagentan,Pagentan,Eko Susanto,"Banjarnegara, 05 September 1990",Desa Pagentan RT 001 RW 005,085754061743,SLTP,2023,140/1551 Tahun 2023,Anggota BPD
2583, Pagentan,Pagentan,Tusyam Amirrudin,"Banjarnegara, 31 Maret 1990",Desa Pagentan RT 004 RW 001,082137566683,S1,2023,140/1551 Tahun 2023,Katua BPD
2584, Pagentan,Pagentan,Prihandoko,"Banjarnegara, 25 Mei 1990",Desa Pagentan RT 002 RW 002,082234838769,S1,2023,140/1551 Tahun 2023,Sekretaris BPD
2585, Pagentan,Pagentan,Heru Bekti Irawan,"Banjarnegara, 5 Januari 1977",Desa Pagentan RT 002 RW 003,081327992322,S1,2023,140/1551 Tahun 2023,Wakil Ketua BPD
2586, Pagergunung,Wanayasa,SUTARMIN,"Banjarnegara, 23 Desember 1974",PAGERGUNUNG RT 001 RW 001 Kec. Wanayasa Kab. Banjarnegara,085747883864,SMA,2017,141/1/TAHUN 2017,KASI KESRA
2587, Pagergunung,Wanayasa,SUTARWAN,"Banjarnegara, 25 Mei 1984",PAGERGUNUNG RT 001 RW 001 Kec. Wanayasa Kab. Banjarnegara,085802964191,SMA,2022,141.32/27 TAHUN 2022,KASI PELAYANAN
2588, Pagergunung,Wanayasa,ZAENAL ARIFIN,"Banjarnegara, 15 September 1982",PAGERGUNUNG RT 002 RW 001 Kec. Wanayasa Kab. Banjarnegara,081228789992,DIII,2017,141.31/9/TAHUN 2017,KASI PEMERINTAHAN
2589, Pagergunung,Wanayasa,YUSNAENI NURHIDAYATI,"Banjarnegara, 24 Maret 2001",PAGERGUNUNG RT 003 RW 001 Kec. Wanayasa Kab. Banjarnegara,082226630120,S1,2022,141.32/40/TAHUN 2022,KAUR KEUANGAN
2590, Pagergunung,Wanayasa,AZIZ WALUYO,"Banjarnegara, 12 Juni 1989",PAGERGUNUNG RT 001 RW 001 Kec. Wanayasa Kab. Banjarnegara,082324816710,SMA,2017,141.31/9/TAHUN 2017,KAUR PERENCANAAN
2591, Pagergunung,Wanayasa,SARMIN,"Banjarnegara, 20 Agustus 1974",PAGERGUNUNG RT 002 RW 003 Kec. Wanayasa Kab. Banjarnegara,082329076855,SLTP,2017,141/1/TAHUN 2017,KAUR TU DAN UMUM
2592, Pagergunung,Wanayasa,AMIN SUPRIYONO,"Banjarnegara, 20-08-1975",Pagergunung RT 003 RW 001 Kec. Wanayasa Kab. Banjarnegara,085290448775,SMA,2019,141.1/1021 TAHUN 2019,Kepala Desa
2593, Pagergunung,Wanayasa,SUPONO,"Banjarnegara, 23 Juli 1980",PAGERGUNUNG RT 001 RW 001 Kec. Wanayas Kab. Banjarnegara,082131872005,SMA,2017,141.31/9/TAHUN 2017,KEPALA DUSUN 1
2594, Pagergunung,Wanayasa,IRAWAN,"Banjarnegara, 09 Agustus 1975",PAGERGUNUNG RT 003 RW 002 Kec. Wanayasa Kab. Banjarnegara,081548986289,SMA,2017,141/1/TAHUN 2017,KEPALA DUSUN 2
2595, Pagergunung,Wanayasa,MUHAMIN,"Banjarnegara, 05 Maret 1971",PAGERGUNUNG RT 003 RW 003 Kec. Wanayasa Kab. Banjarnegara,08234898442,SLTP,2017,141/1/TAHUN 2017,KEPALA DUSUN 3
2596, Pagergunung,Wanayasa,SUTANTO,"Banjarnegara, 25 Mei 1986",PAGERGUNUNG RT 005 RW 003 Kec. Wanayasa Kab. Banjarnegara,085329636986,SMA,2017,141.31/8/TAHUN 2017,SEKRETARIS DESA
2597, Pagergunung,Wanayasa,SITI KHARISOH,"Banjarnegara, 30 Januari 1996",Desa Pagergunung RT 005 RW 003 Kec. Wanayasa,081617818920,SLTP,2023,140/940 TAHUN 2023,Ketua Bidang Pembangunan Desa dan Pemberdayaan Mas
2598, Pagergunung,Wanayasa,SITI MARYAM,"Banjarnegara, 01 April 1994",Desa Pagergunung RT 005 RW 003 Kec. Wanayasa,085779534742,SLTP,2023,140/940 TAHUN 2023,Ketua Bidang Penyelenggaraan Pemerintahan Desa dan
2599, Pagergunung,Wanayasa,NUR IDRIS,"Banjarnegara, 27 Desember 1965",Desa Pagergunung RT 002 RW 001 Kec. Wanayasa,081299432274,DII,2023,140/940 TAHUN 2023,Ketua Merangkap Anggota
2600, Pagergunung,Wanayasa,DWI WINARSIH,"Banjarnegara, 07 Mei 2000",Desa Pagergunung RT 003 RW 002 Kec. Wanayasa,081326700520,SLTA,2023,140/940 TAHUN 2023,Sekretaris Merangkap Anggota
2601, Pagergunung,Wanayasa,EVI ASTUTI,"Banjarnegara, 03 Februari 1996",Desa Pagergunung RT 003 RW 001 Kec. Wanayasa,08157957767,SLTA,2023,140/940 TAHUN 2023,Wakil Ketua Merangkap Anggota
2602, Pagerpelah,Karangkobar,Narwono,Banjarnegara 03 Juli 1976,Pagerpelah Rt 02 Rw 01,082316499977,SLTP,2012,Nomor 141/07/2017,Kadus 1
2603, Pagerpelah,Karangkobar,Gita Aryani,"Banjarnegara, 24 Mei 2003",Pagerpelah Rt 03 Rw 02,082327410015,SLTA,2025,Nomor 141/53 tahun 2025,Kadus 2
2604, Pagerpelah,Karangkobar,Ahmad,"Banjarnegara, 08 Agustus 1992",Pagerpelah Rt 01 Rw 04,082143691612,SMA,2017,Nomor 17 tahun 2017,Kadus 3
2605, Pagerpelah,Karangkobar,Nur Kholis,Banjarnegar 10 Juni 1988,Pagerpelah Rt 02 Rw 02,082213050492,D3,2021,Nomor 141/27/tahun 2021,Kasi Kesejahteraan
2606, Pagerpelah,Karangkobar,Suwandi,"Banjarengara, 09 Agustus 1968",Pagerpelah Rt 05 Rw 02,082323977898,SLTP,1990,Nomor 141/07/2017,Kasi Pelayanan
2607, Pagerpelah,Karangkobar,Umi Maryamah,"Banjarnegara, 03 Januari 1991",Pagerpelah Rt 03 Rw 01,082220331313,SMA,2017,Nomor 15 tahun 2017,Kasi Pemerintahan
2608, Pagerpelah,Karangkobar,Erisa Hanadita Sugianto,"Banjarnegara, 14 September 1991",Pagerpelah Rt 01 Rw 01,085227751507,D3,2025,Nomor 141/52 tahun 2025,Kaur keuangan
2609, Pagerpelah,Karangkobar,Ponadi,"Banjarnegara, 10 Oktober 1977",Pagerpelah Rt 03 Rw 05,085226528922,SMA,2006,Nomor 141/07/2017,Kaur Perencanaan
2610, Pagerpelah,Karangkobar,Purwati,"Banjarnegara, 24 Mei 1995",Pagerpelah Rt 02 Rw 01,081229426120,SMA,2017,Nomor 16 tahun 2017,Kaur TU dan Umum
2611, Pagerpelah,Karangkobar,Sukar,Banjarnegara 04 Juli 1964,Pagerpelah Rt 02 Rw 01,081317124421,SMA,2024,Nomor 400.10.2/589 tahun 2024,Kepala Desa
2612, Pagerpelah,Karangkobar,Budi Susmanto,"Banjarnegara, 11 Oktober 1987",Pagerpelah Rt 03 Rw 05,085219198686,SMA,2017,Nomor 14 tahun 2017,Sekretaris Desa
2613, Pagerpelah,Karangkobar,Supangat,"Banjarnegara, 03 November 1974",Pagerpelah  Rt 01 Rw 03,081326109801,SLTP,2012,Nomor 141/07/2017,Staf Seksi Kesejahteraan/Kayim
2614, Pagerpelah,Karangkobar,Nur Rofik,"Banjarnegara, 26 November 1993",Pagerpelah Rt 04 Rw 01,081317696700,SLTA,2023,Nomor 140/873 tahun 2023,Anggota
2615, Pagerpelah,Karangkobar,Adhib Setiawan,"Banjarnegara, 21 Juli 1993",Pagerpelah Rt 02 Rw 01,082335602632,SLTA,2023,Nomor 140/873 tahun 2023,Anggota
2616, Pagerpelah,Karangkobar,Nuning Rahmawati,"Banjarnegara, 17 Agustus 1996",Pagerpelah Rt 02 Rw 04,081335928299,SLTA,2023,Nomor 140/873 tahun 2023,Anggota
2617, Pagerpelah,Karangkobar,Muhamad Abdul Latif,"Banjarnegara, 06 Oktober 1994",Pagerpelah Rt 03 Rw 01,081225566125,SLTA,2023,Nomor 140/873 tahun 2023,Anggota
2618, Pagerpelah,Karangkobar,Karman,"Banjarnegara, 21 Maret 1978",Pagerpelah Rt 02 Rw 05,085124436266,SLTA,2023,Nomor 140/873 tahun 2023,Anggota
2619, Pagerpelah,Karangkobar,Tukiyo,Banjarnegar 04 Maret 1980,Pagerpelah Rt 01 Rw 04,085385605852,SLTA,2023,Nomor 140/873 tahun 2023,Ketua
2620, Pagerpelah,Karangkobar,Evi Susmiyati,"Banjarnegara, 01 November 1978",Pagerpelah Rt 01 Rw 02,085227888137,SLTA,2023,Nomor 140/873 tahun 2023,Sekertaris
2621, Pakelen,Madukara,Irvan Nur Hidayat,"Banjarnegara, 3 September 1999",Pakelen RT 02 RW 03,081228954339,S1,2024,141.32/28 TAHUN 2024,KADUS III
2622, Pakelen,Madukara,Iin Wijayanti,"Banjarnegara, 11 Juni 1994",PAKELEN RT 1 RW 1 DESA PAKELEN,081328889902,D3,2019,141/18 TAHUN 2019,KASI KESEJAHTERAAN
2623, Pakelen,Madukara,Yulianti Waisah,"Banjarnegara, 28 Juli 1987",Pakelen RT 02 RW 02,085865189404,SLTA,2024,141.32/30 TAHUN 2024,KASI PEMERINTAHAN
2624, Pakelen,Madukara,Vera Selfiyanti,"Banjarnegara, 13 November 1992",PAKELEN RT 1 RW 1 DESA PAKELEN,089626700699,SLTA,2024,141.32/29 TAHUN 2024,KAUR KEUANGAN
2625, Pakelen,Madukara,Budi Santoso,"Banjarnegara, 20 September 1986",PAKELEN RT 1 RW 1 DESA PAKELEN,085226675576,S1,2019,141/19 TAHUN 2019,Kaur TU dan Umum
2626, Pakelen,Madukara,KUSNAN,"Banjarnegara, 5 Juni 1972",PAKELEN RT 1 RW 1 DESA PAKELEN,082326720322,S1,2019,141.1/1104/TAHUN 2019,KEPALA DESA
2627, Pakelen,Madukara,YANI MUJI LESTARI,"Banjarnegara, 21 Mei 1993",PAKELEN RT 1 RW 1 DESA PAKELEN,082226178496,D3,2019,141/17 TAHUN 2019,SEKRETARIS DESA
2628, Pakikiran,Susukan,NUR HUDA AL KHALIL,"Banjarnegara, 15 - 08 - 1969",PAKIKIRAN RT 02 RW 01,0821 2561 6509,SLTA,2017,01 TAHUN 2017,KADUS 1
2629, Pakikiran,Susukan,MISRUN,"Banjarnegara, 11 - 11 - 1976",PAKIKIRAN RT 02 RW 04,0821 3592 3311,SLTA,2017,4/1/2017,KADUS 2
2630, Pakikiran,Susukan,AGUS BUDIARTO WIBOWO,"BANJARNEGARA, 04-08-1970",PAKIKIRAN RT 04 RW 03,0821 2402 4826,SLTP,2017,01 TAHUN 2017,KASI KESRA
2631, Pakikiran,Susukan,WAHIDIN,"Banjarnegara, 01-11-1973",PAKIKIRAN RT 03 RW 02,0838 6235 1710,SLTA,2022,141 / 19 / Tahun 2022,KASI PELAYANAN
2632, Pakikiran,Susukan,RAKIM,"BANJARNEGARA, 03-09-1970",PAKIKIRAN RT 02 RW 02,085227098479,SLTP,2023,141/38/TAHUN 2023,KASI PEMERINTAHAN
2633, Pakikiran,Susukan,ASIH SUBEKTI,"Banjarnegara, 10 - 08 - 1968",PAKIKIRAN RT 05 RW 02,0821 3787 9959,S1,2023,141/38/Tahun 2023,KAUR KEUANGAN
2634, Pakikiran,Susukan,WAHID SAEFUDIN,"Banjarnegara, 27 - 02 - 1995",PAKIKIRAN RT 02 RW 03,0821 1371 0660,SLTA,2017,141/08/2017,KAUR PERENCANAAN
2635, Pakikiran,Susukan,SITI SUPRIYATI,"Banjarnegara, 17 - 12 - 1970",PAKIKIRAN RT 02 RW 01,0888 0240 5400,SLTA,2017,01 TAHUN 2017,KAUR TU DAN UMUM
2636, Pakikiran,Susukan,Sarkim,"Banjarnegara, 10 - 08 - 1967",Pakikiran RT 03 RW 02,3373031008670002,SLTA,2024,400.10.2/876 TAHUN 2024,Kepala Desa
2637, Pakikiran,Susukan,YULITA DWI LESTARI,"Banjarnegara, 30 - 07 - 1983",PAKIKIRAN RT 01 RW 01,3304017007830002,D3,17/05,141/08/2017,SEKRETARIS DESA
2638, Pakikiran,Susukan,SUMEDI PAINO,"Banjarnegara, 26 - 09 - 1965",PAKIKIRA RT 02 RW 01,0813 2815 4052,SLTP,2017,01 TAHUN 2017,STAFF KAUR TU DAN UMUM
2639, Pakikiran,Susukan,ANGGITA AGUNG PRADANU,"Banjarnegara, 03 -01-1998",PAKIKIRAN RT 03 RW 02,085803571868,SLTA,2023,01 TAHUN 2023,ANGGOTA
2640, Pakikiran,Susukan,MISWOYO,"Banjarnegara, 28-03-1991",PAKIKIRAN RT 04 RW 03,085743662800,SLTP,2025,01 2025,ANGGOTA
2641, Pakikiran,Susukan,"DWI SATMOKO, ST","Banjarnegara, 12-04-1983",PAKIKIRAN RT 01 RW 01,085647690790,S1,2023,01 TAHUN 2023,KETUA
2642, Pakikiran,Susukan,NARTIN,"Banjarnegara, 17-10-1982",PAKIKIRAN RT 06 RW 03,085800168909,SLTA,2023,01 TAHUN 2023,KETUA BIDANG PEMBANGUNAN DAN PEMBERDAYAAN MASYARAK
2643, Pakikiran,Susukan,NUR FUAD BUDIYANTO,"Banjarnegara, 10 Agustus 1988",PAKIKIRAN RT 02 RW 02,085743310543,S1,2023,01 TAHUN 2023,KETUA BIDANG PEMERINTAHAN DAN KEMASYARAKATAN
2644, Pakikiran,Susukan,ANITA ANGGRAENI,"Banjarnegara, 11 Maret 1991",PAKIKIRAN RT 02 RW 03,087720803320,SLTA,2023,01 TAHUN 2023,SEKRETARIS
2645, Pakikiran,Susukan,NUR ROKHMAN,"Banjarnegara, 13 Maret 1991",PAKIKIRAN RT 02 RW 04,083844024675,SLTA,2023,01 TAHUN 2023,WAKIL KETUA
2646, Panarusankulon,Susukan,ZUHRIYANTO,Banjarnegara 14-10-1968,Panerusan Kulon RT 1 RW 3,085710154279,SMA,2017,Jan-17,KADUS 2
2647, Panarusankulon,Susukan,JASMO,Banjarnegara 15-09-1968,Panerusan Kulon RT 1 RW 5,085227557333,SMA,2017,Jan-17,KADUS 3
2648, Panarusankulon,Susukan,DARSONO,Banjarnegara 11-12-1982,Panerusan Kulon RT 1 RW 2,085868877067,SMA,2017,Jan-17,KASI KESEJAHTERAAN
2649, Panarusankulon,Susukan,NISLAM FAUZI,Banjarnegara 17-07-1975,Panerusan Kulon RT 3 RW 3,085799671237,SMA,2017,Jan-17,KASI PELAYANAN
2650, Panarusankulon,Susukan,SUPARNI,Banjarnegara 19-12-1977,Panerusan Kulon RT 1 RW 3,085712846092,SMA,2017,Jan-17,KASI PEMERINTAHAN
2651, Panarusankulon,Susukan,SITI KHATIJAH,Banyumas 23-09-1990,Panerusan Kulon RT 1 RW 2,085740518886,S1,2017,141/11/2017,KAUR KEUANGAN
2652, Panarusankulon,Susukan,SUWARNO,Banjarnegara 08-07-1965,Panerusan Kulon RT 1 RW 2,081339102223,SMP,2017,Jan-17,KAUR PERENCANAAN
2653, Panarusankulon,Susukan,ROCHMADI,Banjarnegara 10-07-1981,Panerusan Kulon RT 1 RW 2,088238858987,D2,2017,Jan-17,KAUR TU DAN UMUM
2654, Panarusankulon,Susukan,ACHMAD SYAFI'I,Jakarta 24-01-1969,Panerusan Kulon RT 1 RW 2,082325010544,SMA,2019,141.1/968/2019,KEPALA DESA
2655, Panarusankulon,Susukan,DWI PURWANTO BASUKI,Banjarnegara 12-06-1979,Panerusan Kulon RT 1 RW 2,082243311139,S1,2017,141/11/2017,SEKRETARIS DESA
2656, Panarusankulon,Susukan,AKHMAD SAFARI,"Banyumas, 21 Nopember 1983","Panerusan Kulon, RT. 03 RW. 05",085868369588,SMP,2023,140/108/TAHUN 2023,Anggota
2657, Panarusankulon,Susukan,HARYATI,"Banjarnegara, 17 Juli 1973","Panerusan Kulon, RT. 01 RW. 01",085802442116,SMA,2023,140/108/TAHUN 2023,Anggota
2658, Panarusankulon,Susukan,ALSIYAH,"Banjarnegara, 13 Mei 1983","Panerusan Kulon, RT. 02 RW. 05",085600467402,SMP,2023,140/108/TAHUN 2023,Anggota
2659, Panarusankulon,Susukan,DARMADI,"Kediri, 30 Desember 1980","Panerusan Kulon, RT. 02 RW. 03",085227190511,SMA,2023,140/108/TAHUN 2023,Anggota
2660, Panarusankulon,Susukan,RUSMANTO,"Banjarnegara, 05 Agustus 1972","Panerusan Kulon, RT. 01 RW. 03",081327009427,SMA,2023,140/108/TAHUN 2023,Ketua
2661, Panarusankulon,Susukan,WIWI ROCHYATUN,"Banjarnegara, 21Pebruari 1981","Panerusan Kulon, RT. 02 RT. 04",085291029298,S1,2023,140/108/TAHUN 2023,Sekretaris
2662, Panarusankulon,Susukan,EDY PURNOMO,"Banjarnegara, 19 Januari 1980","Panerusan Kulon, RT. 01 RW. 02",082220619773,SMK,2023,140/108/TAHUN 2023,Wakil Ketua
2663, Panarusanwetan,Susukan,AGUS TIYONO,"Banjarnegara, 10 Agustus 1961",Desa Panerusan Wetan RT. 01 RW. 02 Kec. Susukan Kab. Banjarnegara Prov. Jawa Tengah Kode Pos 53475,081390795457,SLTP,2019,291.1969TAHUN2019,Kepala Desa
2664, Panarusanwetan,Susukan,SUDIRIN,"Banjarnegara, 15 Mei 1985",Desa Panerusan Wetan RT. 02 RW. 03 Kec. Susukan Kab. Banjarnegara Prov. Jawa Tengah Kode Pos 53475,082136300844,S 1,2017,01 Tahun 2017,Kepala Dusun 1
2665, Panarusanwetan,Susukan,SAMSUDIN,"Banjarnegara, 03 Juni 1968",Desa Panerusan Wetan RT. 03 RW. 02 Kec. Susukan Kab. Banjarnegara Prov. Jawa Tengah Kode Pos 53475,085890061536,SLTA,2017,01 Tahun 2017,Kepala Dusun 2
2666, Panarusanwetan,Susukan,ADI WIBOWO,"Banjarnegara, 14 September 1987",Desa Panerusan Wetan RT. 02 RW. 03 Kec. Susukan Kab. Banjarnegara Prov. Jawa Tengah Kode Pos 53475,087848450118,SLTA,2017,141/21/Tahun 2017,Kepala Seksi Kesejahteraan Rakyat
2667, Panarusanwetan,Susukan,SUNARSO,"Banjarnegara, 20 Februari 1971",Desa Panerusan Wetan RT. 02 RW. 02 Kec. Susukan Kab. Banjarnegara Prov. Jawa Tengah Kode Pos 53475,082324878671,SLTA,2017,01 Tahun 2017,Kepala Seksi Pelayanan
2668, Panarusanwetan,Susukan,SABAR SANTOSA,"Banjarnegara, 20 Maret 1970",Desa Panerusan Wetan RT. 02 RW. 01 Kec. Susukan Kab. Banjarnegara Prov. Jawa Tengah Kode Pos 53475,085701524316,SLTA,2017,01 Tahun 2017,Kepala Seksi Pemerintahan
2669, Panarusanwetan,Susukan,SRI ARFIAH,"Banjarnegara, 19 November 1975",Desa Panerusan Wetan RT. 02 RW. 01 Kec. Susukan Kab. Banjarnegara Prov. Jawa Tengah Kode Pos 53475,085282257142,SLTA,2017,01 Tahun 2017,Kepala Urusan Keuangan
2670, Panarusanwetan,Susukan,SIRODJ ZAENUDIN,"Banjarnegara, 23 Juni 1969",Desa Panerusan Wetan RT. 03 RW. 01 Kec. Susukan Kab. Banjarnegara Prov. Jawa Tengah Kode Pos 53475,081226836399,SLTA,2017,01 Tahun 2017,Kepala Urusan Perencanaan Desa
2671, Panarusanwetan,Susukan,SITI ROHIMAH,"Banjarnegara, 28 Mei 1980",Desa Panerusan Wetan RT. 02 RW. 01 Kec. Susukan Kab. Banjarnegara Prov. Jawa Tengah Kode Pos 53475,081617006991,SLTA,2017,01 Tahun 2017,Kepala Urusan Tata Usaha dan Umum
2672, Panarusanwetan,Susukan,TEGUH DHANI PRISTIWANTO,"Banjarnegara, 27 Mei 1985",Desa Panerusan Wetan RT. 01 RW. 01 Kec. Susukan Kab. Banjarnegara Prov. Jawa Tengah Kode Pos 53475,082225699985,S 1,2017,141/21/Tahun 2017,Sekertaris Desa
2673, Panarusanwetan,Susukan,TARSITO,"Banjarnegara, 24 Maret 1967",Desa Panerusan Wetan RT. 02 RW. 01 Kec. Susukan Kab. Banjarnegara Prov. Jawa Tengah Kode Pos 53475,-,SLTP,2017,01 Tahun 2017,Staff
2674, Panarusanwetan,Susukan,Sugiono,"Banjarnegara, 27 Maret 1978",Desa Panerusan Wetan RT. 02 RW. 03 Kec. Susukan Kab. Banjarnegara Prov. Jawa Tengah Kode Pos 53475,085750201302,SLTP,2023,140/1.074 Tahun 2023,Anggota Bidang Pembangunan Desa dan Pemberdayaan M
2675, Panarusanwetan,Susukan,Rato,"Banjarnegara, 14 April 1975",Desa Panerusan Wetan RT. 01 RW. 04 Kec. Susukan Kab. Banjarnegara Prov. Jawa Tengah Kode Pos 53475,08813829287,SLTP,2023,140/1.074 Tahun 2023,Anggota Bidang Penyelenggaraan Pemerintah Desa dan
2676, Panarusanwetan,Susukan,Roji,"Banjarnegara, 12 Mei 1976",Desa Panerusan Wetan RT. 04 RW. 04 Kec. Susukan Kab. Banjarnegara Prov. Jawa Tengah Kode Pos 53475,085600644336,SLTP,2023,140/1.074 Tahun 2023,Bidang Pembangunan Desa dan Pemberdayaan Masyaraka
2677, Panarusanwetan,Susukan,Suratman,"Banjarnegara, 17 Desember 1979",Desa Panerusan Wetan RT. 05 RW. 02 Kec. Susukan Kab. Banjarnegara Prov. Jawa Tengah Kode Pos 53475,085642350467,SLTA,2023,140/1.074 Tahun 2023,Bidang Penyelenggaraan Pemerintah Desa dan Pembina
2678, Panarusanwetan,Susukan,"Wijayanto Sulistiyanto, S.Pd.","Banjarnegara, 15 Juni 1974",Desa Panerusan Wetan RT. 02 RW. 01 Kec. Susukan Kab. Banjarnegara Prov. Jawa Tengah Kode Pos 53475,081391480908,S 1,2023,140/1.074 Tahun 2023,Ketua BPD
2679, Panarusanwetan,Susukan,"Nurlaela, A.Ma.Pust","Banjarnegara, 30 September 1988",Desa Panerusan Wetan RT. 03 RW. 01 Kec. Susukan Kab. Banjarnegara Prov. Jawa Tengah Kode Pos 53475,08561544868,D 2,2023,140/1.074 Tahun 2023,Sekertaris
2680, Panarusanwetan,Susukan,"Anton Sugiono, S.Pd.","Banjarnegara, 21 Oktober 1985",Desa Panerusan Wetan RT. 01 RW. 01 Kec. Susukan Kab. Banjarnegara Prov. Jawa Tengah Kode Pos 53475,085227289088,S 1,2023,140/1.074 Tahun 2023,Wakil Ketua BPD
2681, Panawaren,Sigaluh,Tambah Eko Untoro,"Banjarnegara,01 Desember 1967",Panawaren RT 02 RW 04,081223255555,SMA,2019,291.1/2028,Kepala Desa
2682, Panawaren,Sigaluh,Subiyono,"Banjarnegara, 01 April 1981",Panawaren RT 01 RW 01,085865060146,SMA,2021,141/20,Kepala Dusun I
2683, Panawaren,Sigaluh,Wahyu Mangestiyanto,"Banjarnegara, 17 Maret 1990",Panawaren RT 1 RW 02,081542726925,SMA,2021,141/21,Kepala Dusun II
2684, Panawaren,Sigaluh,Biatno,"Banjarnegara, 27 Oktober 1984",Panawaren RT 01 RW 03,082328213967,SMA,2021,141/22,Kepala Dusun III
2685, Panawaren,Sigaluh,Ahmad Mudzakkir,"Banjarnegara, 03 Maret 1978",Panawaren RT 02 RW 05,085727501448,SMA,2017,141/15,Kepala Dusun V
2686, Panawaren,Sigaluh,Asif Sujirno Al Bikam,"Banjarnegara,08 Januari 1966",Panawaren RT 04 RW 04,085221712366,SMA,2000,141/14,Kepala Seksi Kesejahteraan
2687, Panawaren,Sigaluh,Mutaqin,"Banjarnegara,28 Februari 1985",Panawaren RT 03 RW 01,082243610886,SMA,2017,141/10,Kepala Seksi Pelayanan
2688, Panawaren,Sigaluh,Nining Setyowati,"Banjarnegara,28 Oktober 1986",Panawaren RT 05 RW 04,082138780557,SMA,2017,141/09,Kepala Seksi Pemerintahan
2689, Panawaren,Sigaluh,Anifah,"Banjarnegara, 08 April 1984","Panawaren, RT 01 RW 05",081328300044,SMA,2017,141/19,Kepala Urusan Keuangan
2690, Panawaren,Sigaluh,Ari Gunawan,"Banjarnegara, 25 Oktober 1994",Panawaren RT 02 RW 03,085728572995,SMA,2018,141/14,Kepala Urusan Perencanaan
2691, Panawaren,Sigaluh,Slamet Mulyanto,"Banjarnegara, 16 Januari 1979","Panawaren, RT 02 RW 04",085729762333,SMA,2017,141/06,Kepala Urusan Tata Usaha dan Umum
2692, Panawaren,Sigaluh,Eling Dwi Anggita,"Banjarnegara,12 Desember 1996",Panawaren RT 01 RW 01,085820277959,SMA,2017,141/18,Sekretaris Desa
2693, Panawaren,Sigaluh,Siti Khoimah,"Banjarnegara, 16 April 1987",Panawaren RT 02 RW 06,085870022012,SMA,2023,140/1312,Anggota Badan Permusyawaratan Desa
2694, Panawaren,Sigaluh,Gito Wahyono,"Banjarnegara, 11 Maret 1998",Panawaren RT 01 RW 03,085198595615,SMA,2023,140/1312,Anggota Badan Permusyawaratan Desa
2695, Panawaren,Sigaluh,Zaenal Arifin,"Banjarnegara, 01 Juli 1974","Panawaren, RT 02 RW 05",085875127512,SMA,2023,140/1312,Anggota Badan Permusyawaratan Desa
2696, Panawaren,Sigaluh,Ari Efendi,"Banjarnegara, 19 Desember 1997",Panawaren RT 01 RW 03,081225388855,SMA,2025,400.10.2/370,Anggota Badan Permusyawaratan Desa
2697, Panawaren,Sigaluh,Kirono,"Banjarnegara, 25 April 1984",Panawaren RT 03 RW 01,085712275867,SMA,2023,140/1312,Ketua Badan Permusyawaratan Desa
2698, Panawaren,Sigaluh,Sarli Nugroho,"Wonosobo, 13 Juli 1990",Panawaren RT 02 RW 04,081392054967,SMA,2023,140/1312,Sekretaris Badan Permusyawaratan Desa
2699, Panawaren,Sigaluh,Biyono,"Banjarnegara, 17 Juni 1982",Panawaren RT 05 RW 04,081299857248,SMA,2023,140/1312,Wakil Badan Permusyawaran Desa
2700, Pandanarum,Pandanarum,HARSONO,"Banjarengara, 30 Mei 1978",Pandanarum Rt.02 Rw.01,085 716 765 768,DII,2017,140/01.2,Kasi Kesejahteraan
2701, Pandanarum,Pandanarum,SUTRISNO,"Banjarnegara, 21 Juli 1969",Pandanarum Rt.02 Rw.01,085 799 290 206,SMA,2020,140/16.02,Kasi Pelayanan
2702, Pandanarum,Pandanarum,KARMINO,"Banjarengara, 14 Mei 1973",Pandanarum Rt.01 Rw.02,085 879 899 887,SMA,2017,140/01.1,Kasi Pemerintahan
2703, Pandanarum,Pandanarum,NGUDIONO,"Banjarnegara, 24 Agustus 1989",Pandanarum Rt.01 Rw.02,085 866 755 411,SMK,2017,140/07.14,Kaur Keuangan
2704, Pandanarum,Pandanarum,MISWANTO,"Banjarnegara, 6 Juni 1975",Pandanarum Rt.02 Rw.03,085 842 060 675,SLTP,2020,140/16.03,Kaur Perencanaan
2705, Pandanarum,Pandanarum,EKA WIJATMOKO,"Banjarnegara, 8 Oktober 1985",Pandanarum Rt.06 Rw.01,085 728 799 209,SLTP,2017,140/01.4,Kaur TU dan Umum
2706, Pandanarum,Pandanarum,MISROD,"Banjarnegara, 4 Maret 1968",Pandanarum Rt.02 Rw.02,081575159154,SLTP,2019,141.1/1090,Kepala Desa
2707, Pandanarum,Pandanarum,SARJO,"Banjarnegara, 18 Februari 1970",Pandanarum Rt.06 Rw.01,085 868 444 441,SMA,2017,140/01.6,Kepala Dusun Pandanarum
2708, Pandanarum,Pandanarum,HADI SUTOYO,"Banjarnegara, 25 Februari 1967",Pandanarum Rt.04 Rw.02,085 701 015 208,SD,2017,140/16.01,Kepala Dusun Salam
2709, Pandanarum,Pandanarum,SUTRISNO,"Banjarnegara, 4 Mei 1975",Pandanarum Rt.02 Rw.03,085 640 992 268,SMA,2020,140/16.04,Kepala Dusun Situkung
2710, Pandanarum,Pandanarum,ENI WARYANTI,"Banjarnegara, 7 Februari 1990",Pandanarum Rt.02 Rw.03,085700585488,SMK,2017,140/07.13,Sekretaris Desa
2711, Pandanarum,Pandanarum,DAHYO,"Banjarnegara, 26 Juni 1973",Pandanarum Rt.05 Rw.01,085 701 015 190,SD,2020,140/16.05,Staf Kasi kesejahteraan
2712, Pandanarum,Pandanarum,SARYO,"Banjarnegara, 21 Juni 1971",Pandanarum Rt.01 Rw.02,085 642 442 412,SD,2017,140/01.12,Staf Kaur Keuangan
2713, Pandanarum,Pandanarum,RAHMAT PUJIONO,"Banjarnegara, 06 Juli 1983",Pandanarum Rt.03 Rw.03,+62 857-7301-0093,SLTP,2023,140/878 Tahun 2023,Anggota
2714, Pandanarum,Pandanarum,SAKTI PURNAMA SARI,"Banjarnegara,  07 April 1998",Pandanarum Rt.01 Rw.02,+62 857-0211-0875,SMA,2023,140/878 Tahun 2023,Anggota
2715, Pandanarum,Pandanarum,NASIRIN,"Banjarnegara,  24 Oktober 1988",Pandanarum Rt.04 Rw.03,+62 858-1098-7840,SMA,2023,140/878 Tahun 2023,Anggota
2716, Pandanarum,Pandanarum,NISAR,"Banjarnegara,  21 September 1987",Pandanarum Rt.02 Rw.02,+62 858-0247-0882,SLTP,2023,140/878 Tahun 2023,Anggota
2717, Pandanarum,Pandanarum,INA SULISTIYOWATI,"Banjarnegara,  11 Mei 1977",Pandanarum Rt.01 Rw.01,+62 858-6986-0605,SMA,2023,140/878 Tahun 2023,Ketua BPD
2718, Pandanarum,Pandanarum,SETIYA HARYATI,"Banjarnegara,  06 Oktober 1992",Pandanarum Rt.06 Rw.01,6.2856E+12,SMA,2023,140/878 Tahun 2023,Sekretaris BPD
2719, Pandanarum,Pandanarum,RUSMANTO,"Banjarnegara,  24 April 1985",Pandanarum Rt.01 Rw.01,0857-0101-5262,SMA,2023,140/878 Tahun 2023,Wakil Ketua BPD
2720, Pandansari,Wanayasa,MUHAMMAD FAUZAN,"Banjarnegara, 10 April 1977",Pandansari Rt 04 Rw 01,082133803631,SMA,2017,141 Tahun 2017,Kadus 1
2721, Pandansari,Wanayasa,ABDULLATIF ANWAR,"Banjarnegara, 13 Januari 1971",Pandansari Rt 01 Rw 03,081393038473,S1,2017,141 Tahun 2017,Kadus 3
2722, Pandansari,Wanayasa,MUKHAMAD JAMKHOLI,"Banjarnegara, 16 Oktober 1966",Pandansari Rt 02 Rw 04,082324167411,SMA,2017,141 Tahun 2017,Kadus 4
2723, Pandansari,Wanayasa,KHOSIM,"Banjarnegara, 06 Mei 1979",Pandansari Rt 04 Rw 04,081329810443,SMA,2002,141/02/02,Kasi Kesejahteraan
2724, Pandansari,Wanayasa,SLAMET HIDAYAT,"Banjarnegara, 15 September 1986",Pandansari Rt 04 Rw 05,081287546036,SMA,2017,141 Tahun 2017,Kasi Pelayanan
2725, Pandansari,Wanayasa,ANGGIT TOPO DWI PURNOMO,"Banjarnegara, 23 Juni 1982",Pandansari Rt 01 Rw 03,085222313186,S1,2017,Nomor 01 Tahun 2017,Kaur Keuangan
2726, Pandansari,Wanayasa,AYU WIDIANINGSIH,"Banjarnegara, 22 Oktober 2002",Pandansari Rt 02 Rw 03,081239054193,SMK,2024,Nomor 01 Tahun 2024,Kaur Perencanaan
2727, Pandansari,Wanayasa,HASIM,"Banjarnegara, 01 Februari 1968",Pandansari Rt 03 Rw 02,082227241605,SLTP,2017,141 Tahun 2017,Kaur TU dan Umum
2728, Pandansari,Wanayasa,BADAR,"Banjarnegara, 14 Maret 1977",Pandansari Rt 03 Rw 05,085302860149,SMA,2019,141.1/983 Tahun 2019,Kepala Desa
2729, Pandansari,Wanayasa,USWATUN HASANAH,"Banjarnegara, 20 Januari 1988",Pandansari Rt 04 Rw 04,085329659998,S1,2017,Nomor 01 Tahun 2017,Sekretaris Desa
2730, Pandansari,Wanayasa,TOTO SEPTIYANTO,"Banjarnegara, 02 September 2002",Pandansari Rt 01 Rw 01,082225215993,SMA,2023,140/937 TAHUN 2023,Anggota BPD
2731, Pandansari,Wanayasa,ULVIA ROSIDHA,"Banjarnegara, 26 Desember 1992",Pandansari Rt 02 Rw 04,081216923901,D3,2023,140/937 TAHUN 2023,Anggota BPD
2732, Pandansari,Wanayasa,YOHANA KARIN AL JEHANI,"Banjarnegara, 24 Februari 1999",Pandansari Rt 02 Rw 03,082139923428,SMA,2023,140/937 TAHUN 2023,Anggota BPD
2733, Pandansari,Wanayasa,ULFATUNUDIN,"Banjarnegara, 19 Juni 1991",Pandansari Rt 01 Rw 03,085233205017,SMA,2023,140/937 TAHUN 2023,Anggota BPD
2734, Pandansari,Wanayasa,NUHRODIN,"Banjarnegara, 01 Januari 1988",Pandansari Rt 01 Rw 02,081225077176,S1,2023,140/937 TAHUN 2023,Ketua BPD
2735, Pandansari,Wanayasa,WIWIT SETYADIN,"Banjarnegara, 09 Maret 1997",Pandansari Rt 04 Rw 05,082257199877,S1,2023,140/937 TAHUN 2023,Sekretaris BPD
2736, Pandansari,Wanayasa,SOlAIMAN,"Banjarnegara, 12 Juni 1990",Pandansari Rt 04 Rw 04,085865874145,SLTP,2023,140/937 TAHUN 2023,Wakil Ketua BPD
2737, Panggisari,Mandiraja,Kusbiantoro,"Cilacap, 3 Juli 1977",Panggisari RT 003 RW 005,085236566668,SMA,2017,141/11 Tahun 2017,Kasi Kesejahteraan
2738, Panggisari,Mandiraja,"Eli Sri Mulyani, S.Pd","Banjarnegara, 25 April 1984",Panggisari RT 007 RW 001,082324814168,S1,2019,141/10/2019,Kasi Pelayanan
2739, Panggisari,Mandiraja,Sarinah,"Banjarnegara, 17 Februari 1972",Panggisari RT 001 RW 005,081327325672,SMEA,2017,141/6/ Tahun 2017,Kasi Pemerintahan
2740, Panggisari,Mandiraja,"Suharno, S.Sos","Banjarnegara, 8 Mei 1969",Panggisari RT 002 RW 001,085228458440,S1,2017,141/6/ Tahun 2017,Kaur Keuangan
2741, Panggisari,Mandiraja,Nuring Tiyas Setio Husodo,"Banjarnegara, 27 September 1993",Panggisari RT 006 RW 001,0895342095803,SMA,2017,141/11 Tahun 2017,Kaur Perencanaan
2742, Panggisari,Mandiraja,Anggit Priagung Adisty,"Banjarnegara, 23 Juni 1995",Panggisari RT 002 RW 002,082220173166,S1,2017,141/11 Tahun 2017,Kaur TU &amp; Umum
2743, Panggisari,Mandiraja,"Budi Setiawan, S.E.","Banjarnegara, 07 Oktober 1985",Panggisari RT 001 RW 004,085227547094,S1,2024,400.10.2/561/ TAHUN 2024,Kepala Desa
2744, Panggisari,Mandiraja,Adi Kurniawan,"Banjarnegara, 27 Juli 1985",Panggisari RT 004 RW 003,081227950343,SMA,2017,141/6/ Tahun 2017,Kepala Dusun Dasih
2745, Panggisari,Mandiraja,"Laeli Alfiatun Rokhmah, S.Pd","Banjarnegara, 2 Januari 1994",Panggisari RT 004 RW 002,085725342898,S1,2023,141.3/45 Tahun 2023,Kepala Dusun Dogleg
2746, Panggisari,Mandiraja,Dra. Nunuk Dwi Astuti,"Purbalingga, 30 November 1968",Panggisari RT 003 RW 005,082135444744,S1,2017,141/6/ Tahun 2017,Kepala Dusun Gandulekor
2747, Panggisari,Mandiraja,Hermanto,"Banjarnegara, 15 Januari 1981",Panggisari RT 006 RW 001,085641134561,MAN,2019,141/33/ Tahun 2019,Kepala Dusun Panggisari
2748, Panggisari,Mandiraja,"Siti Maryam, S.I.Pust","Banjarnegara, 05 September 1982",Panggisari RT 002 RW 002,081228493540,S1,2019,141/09/2019,Sekretaris Desa
2749, Panggisari,Mandiraja,Tri Budiono,"Banjarnegara, 17 Februari 1983",Panggisari RT 003 RW 002,08895904309,SMA,2017,141/6/ Tahun 2017,Staff Kasi Kesejahteraan
2750, Panggisari,Mandiraja,"Enggal Natalia, SH","Banjarnegara, 01-01-1982","Panggisari, RT 04/02",085385383312,S1,2023,140/923  Tahun 2023,Anggota
2751, Panggisari,Mandiraja,Kheri,"Banjarnegara, 10-07-1979","Panggisari, RT 02/04",083143955570,SLTA,2023,140/923  Tahun 2023,Anggota
2752, Panggisari,Mandiraja,Rosalina Ayu Setianingrum,"Banjarnegara, 07-09-1988","Panggisari, RT 01/05",082225173189,SLTA,2023,140/923  Tahun 2023,Anggota
2753, Panggisari,Mandiraja,"Supriyadi, A.Md","Karanganyar, 10-02-1982","Panggisari, RT 04/03",085227856016,D3,2023,140/923  Tahun 2023,Anggota
2754, Panggisari,Mandiraja,Edi Priyanto,"Banjarnegara, 07-04-1978","Panggisari, RT 03/01",081327092104,SLTA,2023,140/923  Tahun 2023,Ketua Bidang Pembangunan Desa dan Pemberdayaan Mas
2755, Panggisari,Mandiraja,Waris Setiyono,"Banjarnegara, 29-05-1981","Panggisari, RT 04/02",082138484242,SLTA,2023,140/923  Tahun 2023,Ketua Bidang Penyelenggaraan Pemerintahan Desa dan
2756, Panggisari,Mandiraja,"Riyanto, S.Pd","Banjarnegara, 4 Agustus 1963",Panggisari RT 002 RW 002,0852 2563 0354,S1,2023,140/923  Tahun 2023,Ketua BPD
2757, Panggisari,Mandiraja,"Subhan, S.Ag","Banjarnegara, 07-09-1966","Panggisari, RT 03/05",085328018666,S1,2023,140/923  Tahun 2023,Sekretaris
2758, Panggisari,Mandiraja,"Suwakhyo, S.Pd","Banjarnegara, 26-06-1967","Panggisari, RT 01/01",087897120423,S1,2023,140/923  Tahun 2023,Wakil Ketua
2759, Parakan,Purwanegara,DARUN,"BANJARNEGARA, 07/04/1972",KALISAWAH RT 03 RW 05,081327630300,SMA,2022,42 TAHUN 2025,KASI KESEJAHTERAAN
2760, Parakan,Purwanegara,SULISTIYANI,"BANJARNEGARA, 14/05/1982",KALISAWAH RT 01 RW 05,081227599957,SMA,2017,141/15 TH 2017,KASI PELAYANAN
2761, Parakan,Purwanegara,YANITA EMAN SUSIANTI,"BANJARNEGARA,03/11/1988",BLEBER RT 03 RW 02,088227681806,SMA,2017,001/I/TH 2017,KASI PEMERINTAHAN
2762, Parakan,Purwanegara,EKA JUNI WINDIANTI,"BANJARNEGARA, 19/06/1994",GADOG RT 01 RW 03,085225798464,S I,2017,141/15 TH 2017,KAUR KEUANGAN
2763, Parakan,Purwanegara,ROKHATI,"BANJARNEGARA, 24/10/1988",KEBUMEN RT 03 RW 01,08999368239,SMA,2025,42 TAHUN 2025,KAUR PERENCANAAN
2764, Parakan,Purwanegara,MUGI RIYANTO,"BANJARNEGARA, 03/04/1992",PURBASANA RT 05 RW 04,081391986411,SMA,2022,141/49 TAHUN 2022,KAUR TU &amp; UMUM
2765, Parakan,Purwanegara,SARYO,"Banjarnegara, 07/05/1979",Dusun bleber RT 01 RW 02,085352240129,SMA,2019,400.10.2/961 TAHUN 2024,Kepala Desa
2766, Parakan,Purwanegara,JOKO,"BANJARNEGARA, 01/03/1973",KEBUMEN RT 01 RW 01,08978030616,SMA,2004,140/04 TH 2004,KEPALA DUSUN I
2767, Parakan,Purwanegara,SUTARMO,"BANJARNEGARA,01/03/1973",BLEBER RT 03 RW 02,088239525943,SMA,2000,141/10/2000,KEPALA DUSUN II
2768, Parakan,Purwanegara,RUJITO,"BANJARNEGARA, 31/05/1972",GADOG RT 01 RW 03,081229524088,SMA,1994,141/09 /2017,KEPALA DUSUN III
2769, Parakan,Purwanegara,ADAM,"BANJARNEGARA, 05/06/1984",PURBASANA RT 01 RW 04,0882005361745,SMA,2020,141/50/ 2020,KEPALA DUSUN IV
2770, Parakan,Purwanegara,SUGENG RIYADI,"BANJARNEGARA, 14/10/1985",KALISAWAH RT 01 RW 05,085141309288,SMA,2017,141/15/TH 2017,KEPALA DUSUN V
2771, Parakan,Purwanegara,LATIF DIDI PRATOMO,"BANJARNEGARA, 25/06/1991",GADOG RT 01 RW 03,081390612878,D III,2017,141/15/TH 2017,SEKRETARIS DESA
2772, Parakan,Purwanegara,KARSIM,"BANJARNEGARA, 28/05/1973",PURBASANA RT 01 RW 04,085201989732,SMA,2017,001/I/TH 2017,STAF KASI KESEJAHTERAAN
2773, Parakan,Purwanegara,DARYONO,"BANJARNEGARA, 23/06/1975",KEBUMEN RT 02 RW 01,081327070466,S I,2017,001/I/TH 2017,STAF KASI PELAYANAN
2774, Pasegeran,Pandanarum,Sebel Al Kudrat,"Banjarnegara, 31 Mei 1972","Pasegeran, RT 2 RW 5",085706905782,SMA,2019,141.1/1089/2019,Kepala Desa
2775, Pasegeran,Pandanarum,Carno,"Banjarnegara, 10 Oktober 1969","Pasegeran, RT 1 RW 1",085802967354,SMP,2025,141/26/2025,Kepala Dusun 1
2776, Pasegeran,Pandanarum,Sumar,"Banjarnegara, 11 September 1973","Pasegeran, RT 1 RW 2",081392473508,SMA,2010,141/11/2010,Kepala Dusun 2
2777, Pasegeran,Pandanarum,Karyidi,"Banjarnegara, 12 Maret 1967","Pasegeran, RT 2 RW 3",085326628211,SMA,1993,141/11/1993,Kepala Dusun 3
2778, Pasegeran,Pandanarum,Tugimin Al M.Mukmin,"Bantul, 23 Maret 1971","Pasegeran, RT 1 RW 5",081227623973,SMA,2025,141/27/2025,Kepala Dusun 4
2779, Pasegeran,Pandanarum,Tasmin Al Suryanoto,"Banjarnegara, 29 Februari 1968","Pasegeran, RT 2 RW 6",085641694566,SMA,2025,141/28/2025,Kepala Dusun 5
2780, Pasegeran,Pandanarum,Retno Widodo,"Banjarnegara, 08 April 1975","Pasegeran, RT 2 RW 2",081328535432,SMA,2009,141/10/2009,Kepala Seksi Kesejahteraan
2781, Pasegeran,Pandanarum,Rahmawati Bunga Nurhawa,"Banjarnegara, 14 Juli 1997","Pasegeran, RT 4 RW 3",082326886286,SMA,2018,141/20/2018,Kepala Seksi Pelayanan
2782, Pasegeran,Pandanarum,Achmad Sabar Utomo,"Banjarnegara, 02 Mei 1996","Pasegeran, RT 2 RW 1",085871947916,SMA,2025,141/23/2025,kepala Seksi Pemerintahan
2783, Pasegeran,Pandanarum,Wardiono,"Banjarnegara, 19 Mei 1996","Pasegeran, RT 2 RW 5",081510511181,SMA,2025,141/25/2025,Kepala Urusan Keuangan
2784, Pasegeran,Pandanarum,Fuad Wahyudiyanto,"Banjarnegara, 20 Juni 1988","Pasegeran, RT 2 RW 5",085740722685,SMA,2017,141/12/2017,Kepala Urusan Perencanaan
2785, Pasegeran,Pandanarum,Sukarso,"Banjarnegara, 30 November 1977","Pasegeran, RT 2 RW 6",085758005045,SMA,2025,141/24/2025,Kepala Urusan TU dan Umum
2786, Pasegeran,Pandanarum,Amanulloh,"Banjarnegara, 02 November 1977","Pasegeran, RT 2 RW 2",082135138300,D3,2017,141/11/2017,Sekretaris Desa
