No,Nama ,Kecamatan,Nama Lengkap,TTL,Alamat,Telepon,Pendidikan,Diangkat,No SK,Jabatan
1330, Kalitengah,Purwanegara,RIA SETIYANI,"Banjarnegara, 20 Oktober 1991",Kalitengah Rt 01 Rw 03,0821-3784-7471,SLTP,2023,140/1065 tahun 2023,ANGGOTA
1331, Kalitengah,Purwanegara,ARI KRISTIANTO,"Banjarnegara, 28 Januari 1988",Kalitengah Rt 02 Rw 03,0813-2888-4849,SLTP,2023,140/1065 tahun 2023,ANGGOTA
1332, Kalitengah,Purwanegara,JASLAM,"Banjarnegara, 15 Januari 1988",Kalitengah Rt 02 Rw 01,0822-2350-5850,SLTA,2023,140/1065 tahun 2023,ANGGOTA
1333, Kalitengah,Purwanegara,JUNEDIYANTO,"Banjarnegara, 17 Maret 1985",Kalitengah Rt 07 Rw 02,0852-9015-7389,SLTA,2023,140/1065 tahun 2023,ANGGOTA
1334, Kalitengah,Purwanegara,MISKUN AH UMAR,"Banjarnegara, 21 Juni 1968",Kalitengah Rt 03 Rw 03,0823-2661-9219,SLTP,2023,140/1065 tahun 2023,ANGGOTA
1335, Kalitengah,Purwanegara,SARTO,"Banjarnegara, 26 Maret 1983",0813-1741-5217,Kalitengah Rt 05 Rw ,SLTP,2023,140/1065 tahun 2023,ANGGOTA
1336, Kalitengah,Purwanegara,"HENI WIDIASTUTI, Spd. SD","Banjarnegara, 2 Agustus 1982",Kalitengah Rt 05 Rw 01,0823-2798-3111,S1,2023,140/1065 tahun 2023,KETUA
1337, Kalitengah,Purwanegara,MISTAM,"Banjarnegara, 11 Mei 1978",Kalitengah Rt 02 Rw 01,0822-2350-5850,SLTA,2023,140/1065 tahun 2023,SEKERTARIS
1338, Kalitengah,Purwanegara,MAKUN,"Banjarnegara, 10 Mei 1981",Kalitengah Rt 02 Rw 02,0823-2767-6377,SLTA,2023,140/1065 tahun 2023,WAKIL KETUA
1339, Kalitlaga,Pagentan,KUATUROHIM,"BANJARNEGARA, 30 OKTOBER 1983",KALITLAGA RT 02 RW 01,085228927000,SLTA,07 JU,141/29/2022,KASI KESEJAHTERAAN
1340, Kalitlaga,Pagentan,SUROSO,"BANJARNEGARA,05 NOPEMEBER 1968",KALITLAGA RT 04 RW 03,081358516922,SLTA,23 NO,141/23/2016,KASI PEMERINTAHAN
1341, Kalitlaga,Pagentan,MUJI SANTOSA,"BANJARNEGARA,27 OKTOBER 1992",KALITLAGA RT 01 RW 02,082322987078,SLTA,07 JU,141/30/2022,KAUR KEUANGAN
1342, Kalitlaga,Pagentan,SUPREHATIN,"BANJARNEGARA, 07 Agustus 1987",KALITLAGA RT 04 RW 03,085201222099,SLTA,07 Ju,141/29/2022,Kaur Perencanaan
1343, Kalitlaga,Pagentan,WARTINI,"BANJARNEGARA,19 FERBRUARI 1972",KALITLAGA RT 01 RW 02,085647714614,SLTA,07 JU,141/29/2022,KAUR TU DAN UMUM
1344, Kalitlaga,Pagentan,GUNTUR AGUS SALIM,"BANJARNEGARA,09 Mei 1991",KALITLAGA RT 04 RW 03,082330408883,S1,30 Ap,400.10/2/596/2024,KEPALA DESA
1345, Kalitlaga,Pagentan,PARNO,"BANJARNEGARA,17 APRIL 1966",KALITLAGA RT 02 RW 03,085292817097,SLTA,23 NO,141/28/2016,KEPALA DUSNU 3
1346, Kalitlaga,Pagentan,BARDI,"BANJARNEGARA,10 JUNI 1968",KALITLAGA TR 01 RW 01,085727503960,SLTA,07 JU,141/29/2022,KEPALA DUSUN 1
1347, Kalitlaga,Pagentan,PARDI,"BANJARNEGRA,16 JULI 1961",KALITLAGA RT 01 RW 02,081324195556,SMP,07 JU,141/29/2022,KEPALA DUSUN 2
1348, Kalitlaga,Pagentan,ARIEF HIDAYATULLOH,"BANJARNEGRA,05 MARET 1991",KALITLAGA RT 02 RW 01,082323000834,SLTA,16 ME,141/15/2017,SEKRETARIS DESA
1349, Kalitlaga,Pagentan,RUSMINI,"BANJARNEGARA,06 APRIL 1983",KALITLAGA RT 02 RW 01,081398689202,S 1,07 JU,141/29/2022,STAF KASI PELAYANAN
1350, Kaliurip,Madukara,MARYO,"BANJARNEGARA, 10 JUNI 1969","KALIURIP, RT03 RW02",088740005112,SMA,2000,141/05 Tahun 2000,KADUS 2
1351, Kaliurip,Madukara,TAUFIK,"BANJARNEGARA, 18 Juli 1970","KALIURIP, RT01 RW03",087822285126,SMA,2023,140/20/2023,KADUS 3
1352, Kaliurip,Madukara,MASDAR,"BANJARNEGARA, 10 Feb 1971","KALIURIP, RT02 RW04",081293430590,SMA,2017,141/01/Tahun 2017,KADUS 4
1353, Kaliurip,Madukara,WAHYU JAKA PRASTAWA,"BANJARNEGARA, 24 FEBRUARI 1991","KALIURIP, RT02 RW01",082136373848,SMA,2017,143/01 Tahun 2017,KADUS I KRAJAN
1354, Kaliurip,Madukara,SUMARDI,"BANJARNEGARA, 27 JANUARI 1977","KALIURIP, RT04RW03",085643171671,SMA,2023,140/20/2023,KASI KESEJAHTERAAN
1355, Kaliurip,Madukara,SURONO,"BANJARNEGARA, 24 NOVEMBER 1966","KALIURIP, RT01RW04",082136841983,SMA,2023,140/20/2023,KASI PEMERINTAHAN
1356, Kaliurip,Madukara,HELI APRIFITA SARI,"BANJARNEGARA, 26 April 1994","KALIURIP, RT02 RW02",085642425084,S1,2017,141/09 Tahun 2017,KAUR KEUANGAN
1357, Kaliurip,Madukara,DJUPRI,"BANJARNEGARA, 22 MARET 1983","KALIURIP,RT01RW02",085700413500,S1,2017,143/01 Tahun 2017,KAUR PERENCANAAN
1358, Kaliurip,Madukara,BIKA,"BANJARNEGARA, 13 Agustus 1967","KALIURIP, RT03 RW02",081391683745,SLTP,2017,141/01/Tahun 2017,KAUR TU &amp; UMUM
1359, Kaliurip,Madukara,RADI,"BANJARNEGARA, 17 JULI 1971","KALIURIP , RT04 RW02",085136978254,SMA,2019,143/1/ Tahun 2019,KEPALA DESA
1360, Kaliurip,Madukara,ZULFIKAR ARIEF GHUFRON,"BANJARNEGARA, 15 FEBRUARI 1987","KALIURIP, RT02RW05",082220111753,S1,2022,140/09/ Tahun 2022,SEKRETARIS DESA
1361, Kaliurip,Madukara,SUDIBYO,"BANJARNEGARA, 4 SEPTEMBER 1976","KALIURIP,RT002RW001",082136991046,S1,2023,140/1019 Tahun 2023,KETUA
1362, Kaliurip,Madukara,SARMO,"BANJARNEGARA, 14 MARET 1962","KALIURIP,RT004RW003",081327335159,SLTP,2023,140/1019 Tahun 2023,WAKIL KETUA
1363, Kaliwinasuh,Purwareja Klampok,MARDJONO,"Banjarnegara, 16-01-1959",Kaliwinasuh RT 01 RW 04,081326101200,SMA,2024,400.10.2/321 TAHUN 2024,Kepala Desa
1364, Kaliwinasuh,Purwareja Klampok,SLAMET PRIADI,"Banjarnegara, 01-05-1967",Kaliwinasuh RT 01 RW 02,081328913398,SMA,2017,141.3/22 Tahun 2017,Kepala Dusun Buaran
1365, Kaliwinasuh,Purwareja Klampok,SYAIFUDDIN,"Banjarnegara, 16-12-1971",Kaliwinasuh RT 03 RW 10,085725933658,SMA,2017,141.3/26 Tahun 2017,Kepala Dusun Kalinasuh
1366, Kaliwinasuh,Purwareja Klampok,SUGIARTO,"Banjarnegara, 02-06-1979",Kaliwinasuh RT 02 RW 04,082327905371,S1,2017,141.3/23 Tahun 2017,Kepala Dusun Karanggude
1367, Kaliwinasuh,Purwareja Klampok,SUMARNO,"Banjarnegara, 10-02-1967",Kaliwinasuh RT 01 RW 06,085624434229,SMA,2017,141.3/24 Tahun 2017,Kepala Dusun Pagendotan
1368, Kaliwinasuh,Purwareja Klampok,RATNASARI,"Banjarnegara, 23-04-1991",Kaliwinasuh RT 02 RW 04,085742308201,S1,2019,141.3/31 Tahun 2019,Kepala Seksi Pelayanan
1369, Kaliwinasuh,Purwareja Klampok,PARYANTO,"Banjarnegara, 07-01-1977",Kaliwinasuh RT 02 RW 08,085826377709,S1,2017,141.3/18 Tahun 2017,Kepala Seksi Pemerintahan
1370, Kaliwinasuh,Purwareja Klampok,MOELJONO,"Banjarnegara, 02-08-1971",Kaliwinasuh RT 02 RW 04,085601579886,SMA,2017,141.3/21 Tahun 2017,Kepala Urusan Keuangan
1371, Kaliwinasuh,Purwareja Klampok,RIZKI HAYUNINGTYAS,"Banjarnegara, 18-06-1989",Kaliwinasuh RT 02 RW 04,085799788700,S1,2017,141/41/Tahun 2017,Kepala Urusan Perencanaan
1372, Kaliwinasuh,Purwareja Klampok,PRIYO ENDAR UTOMO,"Banjarnegara, 18-04-1977",Kaliwinasuh RT 01 RW 10,085748796305,S1,2017,141.3/20 Tahun 2017,Kepala Urusan Tata Usaha dan Umum
1373, Kaliwinasuh,Purwareja Klampok,RITO,"Banjarnegara, 07-07-1983",Kaliwinasuh RT 02 RW 04,082323469779,SMA,2017,141/39/Tahun 2017,Sekretaris Desa
1374, Kaliwinasuh,Purwareja Klampok,MA'IN,"Banjarnegara, 12-02-1973",Kaliwinasuh RT 02 RW 05,085741423915,SMA,2017,141.3/29 Tahun 2017,Staf Kepala Seksi Kesejahteraan
1375, Kaliwinasuh,Purwareja Klampok,AHMAD SUDIONO PARJIONO,"Banjarnegara, 24-11-1966",Kaliwinasuh RT 02 RW 01,082328621229,SMA,2017,141.3/27 Tahun 2017,Staf Kepala Seksi Pelayanan
1376, Kaliwinasuh,Purwareja Klampok,SUROTO,"Banjarnegara, 03-04-1976",Kaliwinasuh RT 02 RW 04,082297031114,SMA,2017,141.3/28 Tahun 2017,Staf Kepala Seksi Pemerintahan
1377, Kaliwinasuh,Purwareja Klampok,SOBIRIN,"Banjarnegara, 24-10-1969",Kaliwinasuh RT 03 RW 10,083862055049,SMA,2017,141.3/31 Tahun 2017,Staf Kepala Urusan Keuangan
1378, Kaliwinasuh,Purwareja Klampok,ATMO SUPARMAN,"Banjarnegara, 13-02-1972",Kaliwinasuh RT 02 RW 01,081548421878,SMP,2023,140/866 Tahun 2023,Anggota Bidang Pembangunan
1379, Kaliwinasuh,Purwareja Klampok,KHOERUN NAS,"Banjarnegara, 26-12-1992",Kaliwinasuh RT 01 RW 09,081226596737,SMA,2023,140/866 Tahun 2023,Anggota Bidang Pembangunan
1380, Kaliwinasuh,Purwareja Klampok,VIKA EDY PURWANTO,"Banjarnegara, 17-10-1973",Kaliwinasuh RT 02 RW 04,085292215308,SMA,2023,140/866 Tahun 2023,Anggota Bidang Pemerintahan
1381, Kaliwinasuh,Purwareja Klampok,KHOTIMAH,"Banjarnegara, 09-01-1964",Kaliwinasuh RT 02 RW 10,085600383875,S1,2023,140/866 Tahun 2023,Kepala Bidang Pembangunan
1382, Kaliwinasuh,Purwareja Klampok,T.WAJIYO,"Sleman, 11-12-1957",Kaliwinasuh RT 03 RW 03,085878390300,S1,2023,140/866 Tahun 2023,Kepala Bidang Pemerintahan
1383, Kaliwinasuh,Purwareja Klampok,SARNO,"Banjarnegara, 09-01-1960",Kaliwinasuh RT 01 RW 06,085870813697,S1,2023,140/866 Tahun 2023,Ketua
1384, Kaliwinasuh,Purwareja Klampok,DWI LESTARI SUCININGSIH,"Banjarnegara, 18-11-1992",Kaliwinasuh RT 01 RW 08,085877850706,S1,2023,140/866 Tahun 2023,Perwakilan Perempuan
1385, Kaliwinasuh,Purwareja Klampok,HESTI FEBRIANA SAPUTRI,"Banjarnegara, 12-02-1987",Kaliwinasuh RT 03 RW 02,085730283917,D3,2023,140/866 Tahun 2023,Sekretaris
1386, Kaliwinasuh,Purwareja Klampok,ISNEN PRIYONO,"Banjarnegara, 21-04-1971",Kaliwinasuh RT 02 RW 08,085291521021,S1,2023,140/866 Tahun 2023,Wakil Ketua
1387, Kaliwungu,Mandiraja,HARIS SETIAWAN,"Banjarnegara, 22 Februari 1994","Kaliwungu, RT 001 RW 005",085227515535,SMK,2021,141.3/18/Tahun 2021,Kasi Kesejahteraan
1388, Kaliwungu,Mandiraja,FITRI MUSLIMAH,"Banjarnegara, 13 April 1991","Kaliwungu, RT 003 RW 005",082213341178,D3,2017,No.18/VI/Tahun 2017,Kasi Pelayanan
1389, Kaliwungu,Mandiraja,UMI FADILAH,"Banjarnegara, 30 Desember 1983","Kaliwungu, RT 001 RW 006",082226625320,S1,2011,No.01/I/2017,Kasi Pemerintahan
1390, Kaliwungu,Mandiraja,PRIYO,"Banjarnegara, 10 Juni 1966","Kaliwungu, RT 002 RW 003",082226625404,SMA,2001,No.01/I/2017,Kaur Keuangan
1391, Kaliwungu,Mandiraja,YATIMIN,"Banjarnegara, 08 Agustus 1990",Kaliwungu RT 003 RW 004,082136688870,SMA,2017,No.17/VI/Tahun 2017,Kaur Perencanaan
1392, Kaliwungu,Mandiraja,KARSUN,"Banjarnegara, 12 Oktober 1954","KALIWUNGU, RT 001 RW 006",083123801631,SMA (PAKET C),2019,141.1/1009 TAHUN 2019,Kepala Desa
1393, Kaliwungu,Mandiraja,KUNDARTO,"Banjarnegara, 02 September 1972","Kaliwungu, RT 002 RW 002",08818592204,SMP,2005,No.01/I/2017,Kepala Dusun 1
1394, Kaliwungu,Mandiraja,HADIMAN,"Banjarnegara, 03 Januari 1969","Kaliwungu, RT 001 RW 003",085327959220,SMK,2001,No.01/I/2017,Kepala Dusun 2
1395, Kaliwungu,Mandiraja,EKO SAPUTRO,"Banjarnegara, 13 Agustus 1989","Kaliwungu, RT 003 RW 008",085641749624,SMK,2021,141.3/17/Tahun 2021,Kepala Dusun 3
1396, Kaliwungu,Mandiraja,KHOLIDUN,"Banjarnegara, 06 April 1989","Kaliwungu, RT 003 RW 004",081228413145,S1,2018,No.141.31/21 Tahun 2018,Sekretaris Desa
1397, Kaliwungu,Mandiraja,SUHIRNO,"Banjarnegara, 25 Agustus 1996","Kaliwungu, RT 001 RW 008",081342554381,SMP,2023,140/924 Tahun 2023,Anggota
1398, Kaliwungu,Mandiraja,DARIS,"Purbalingga, 10 Januari 1971","Kaliwungu, RT 002 RW 004",081353696657,SLTA,2023,140/924 Tahun 2023,Anggota
1399, Kaliwungu,Mandiraja,WALUYO,"Banjarnegara, 21 Agustus 1974","Kaliwungu, RT 002 RW 003",085227770120,SLTA,2023,140/924 Tahun 2023,Anggota
1400, Kaliwungu,Mandiraja,RIFKI PRASETYO,"Banjarnegara, 11 September 1999","Kaliwungu, RT 002 RW 008",083898550230,SLTA,2023,140/924 Tahun 2023,Anggota
1401, Kaliwungu,Mandiraja,SUKOYO,"Banjarnegara, 1 Januari 1992","Kaliwungu, RT 002 RW 001",085227992015,D3,2023,140/924 Tahun 2023,Ketua BPD
1402, Kaliwungu,Mandiraja,DEVINA WULANSARI,"Banjarnegara, 26 Desember 1992","Kaliwungu, RT 001 RW 006",087776546252,SLTA,2023,140/924 Tahun 2023,Sekretaris
1403, Kaliwungu,Mandiraja,IRWANTO,"Banjarnegara, 22 Februari 1986",KALIWUNGU RT 001 RW 005,081325800757,SLTA,2023,140/924 Tahun 2023,Wakil Ketua
1404, Kandangwangi,Wanadadi,Tiyas Suryati,"Banjarnegara, 26 April 1999",Desa Kandangwangi RT 007 RW 003,085848886360,SLTA/SEDERAJAT,2025,141/26 Tahun 2025,Kasi Kesejahteraan Rakyat
1405, Kandangwangi,Wanadadi,Salamun,"Banjarnegara, 06 Desember 1967",Desa Kandangwangi RT 002 RW 003,082322216589,SLTA/SEDERAJAT,2019,141/31 Tahun 2019,Kasi Pelayanan
1406, Kandangwangi,Wanadadi,Dina Suciati,"Banjarnegara, 10 Maret 2000",Desa Kandangwangi RT 005 RW 004,085291178263,SLTA/SEDERAJAT,2022,141/27 Tahun 2022,Kasi Pemerintahan
1407, Kandangwangi,Wanadadi,Astuti Eka Rini,"Banjarnegara, 13 Agustus 1994",Desa Kandangwangi RT 005 RW 002,082335366733,DIPLOMA IV / STRATA I,2020,141/45 Tahun 2020,Kaur Keuangan
1408, Kandangwangi,Wanadadi,Ita Faida,"Banjarnegara, 27 Januari 1982",Desa Kandangwangi RT 001 RW 003,082326997382,DIPLOMA IV / STRATA I,2017,141/08 Tahun 2017,Kaur Perencanaan
1409, Kandangwangi,Wanadadi,Fahrudin,"Banjarnegara, 05 Februari 1967",Desa Kandangwangi RT 001 RW 002,082225332842,SLTA/SEDERAJAT,2019,141/30 Tahun 2018,Kaur TU dan Umum
1410, Kandangwangi,Wanadadi,Suhono,"Banjarnegara, 11 Oktober 1971",Desa Kandangwangi RT 007 RW 003,082118745479,SLTP/SEDERAJAT,2019,141.1/936 2019,Kepala Desa
1411, Kandangwangi,Wanadadi,Panjang Muabah,"Banjarnegara, 22 Agustus 1982",Desa Kandangwangi RT 004 RW 001,082326066040,SLTA/SEDERAJAT,2020,141/46 Tahun 2020,Kepala Dusun I
1412, Kandangwangi,Wanadadi,Fikri Alim Wijaya,"Banjarnegara, 01 Februari 1994",Desa Kandangwangi RT 005 RW 002,085747584393,DIPLOMA IV / STRATA I,2018,141/36 Tahun 2018,Kepala Dusun II
1413, Kandangwangi,Wanadadi,Mujahidin,"Banjarnegara,11 Maret 1976",Desa Kandangwangi RT 003 RW 003,082143167020,SLTA/SEDERAJAT,2016,141/19 Tahun 2016,Kepala Dusun III
1414, Kandangwangi,Wanadadi,Teguh Widiyanto,"Banjarnegara, 26 Juli 1975",Desa Kandangwangi RT 002 RW 004,081229825367,DIPLOMA IV / STRATA I,2016,141/19 Tahun 2016,Kepala Dusun IV
1415, Kandangwangi,Wanadadi,Aminah,"Banjarnegara, 14 Juli 1981",Desa Kandangwangi RT 005 RW 002,182136715838,DIPLOMAT IV / STRATA I,2018,141/35 Tahun 2018,Sekretaris Desa
1416, Kandangwangi,Wanadadi,Soli,"Banjarnegara, 16 April 1967",Desa Kandangwangi RT 005 RW 001,085331829128,SLTA/SEDERAJAT,2016,141/19 Tahun 2016,Staff Kasi Kesejahteraan Rakyat
1417, Kandangwangi,Wanadadi,Harin,"Banjarnegara, 14 Februari 1984",Desa Kandangwangi RT 001 RW 004,085291847370,SLTA/SEDERAJAT,2019,141/34 Tahun 2019,Staff Kaur Keuangan
1418, Kandangwangi,Wanadadi,Zulianto,"Banjarnegara, 08 Juli 2000",Desa Kandangwangi RT 004 RW 004,0,SLTP/SEDERAJAT,2023,140/935 Tahun 2023,Anggota BPD
1419, Kandangwangi,Wanadadi,Yatno,"Banjarnegara, 22 Juli 1981",Desa Kandangwangi RT 007 RW 003,0,SLTA/SEDERAJAT,2023,140/935 Tahun 2023,Anggota BPD
1420, Kandangwangi,Wanadadi,Fina Purwani,"Banjarnegara, 21 februari 1997",Desa Kandangwangi RT 002 RW 004,0,SLTA/SEDERAJAT,2023,140/935 Tahun 2023,Anggota BPD
1421, Kandangwangi,Wanadadi,Muhammad Mukhlas,"Banjarnegara, 21 April 1967",Desa Kandangwangi RT 005 RW 002,0,SLTA/SEDERAJAT,2025,Keputusan Bupati Banjarnegara ,Anggota BPD
1422, Kandangwangi,Wanadadi,Ratna Mamangi,"Pekalingan, 05 Maret 1987",Desa Kandangwangi RT 006 RW 002,0,SLTA/SEDERAJAT,2023,140/935 Tahun 2023,Anggota BPD
1423, Kandangwangi,Wanadadi,Herman Abdullah,"Banjarnegara, 28 januari 1969",Desa Kandangwangi RT 005 RW 001,0,SLTP/SEDERAJAT,2023,140/935 Tahun 2023,Ketua BPD
1424, Kandangwangi,Wanadadi,Turipno Setyo Wibowo,"Banjarnegara, 12 Agustus 1977",Desa Kandangwangi RT 002 RW 003,0,SLTP/SEDERAJAT,2023,140/935 Tahun 2023,Wakil Ketua BPD
1425, Karanganyar,Kalibening,MULATIH,"Banjarnegara,16/09/1982",KARANGANYAR 01/RW 02,081327995223,S1,2017,08 TAHUN 2017,KADUS 1
1426, Karanganyar,Kalibening,SETYORINI,"Banjarnegara,20/06/1987",KARANGANYAR RT 02/RW 01,081229489250,SLTA,2017,08 TAHUN 2017,KADUS 2
1427, Karanganyar,Kalibening,TOFIK HIDAYAT,"Banjarnegara,05/10/1976",KARANGANYAR RT 02/RW 03,081238633277,SLTA,2018,19 TAHUN 2018,KADUS 3
1428, Karanganyar,Madukara,MUKHAMAD,Banjarnegara 25 Mei 1972,"karanganyar , RT 01 RW 01",087734858174,SMA,2002,141/12/2002,Kasi Kesejahteraan
1429, Karanganyar,Kalibening,JITO,"Banjarnegara,17/12/1981",KARANGANAYAR RT 01/RW 01,082225474733,SLTA,2018,19 TAHUN 2018,KASI KESEJAHTERAAN
1430, Karanganyar,Kalibening,SETIANINGSIH,"Banjarnegara,04/02/1975",KARANGANYAR RT 01/RW 02,081329893220,SLTA,2017,08 TAHUN 2017,KASI PELAYANAN
1431, Karanganyar,Madukara,ADMAN,Banjarnegara 09 Januari  1987,"karanganyar , RT 01 RW 02",085745582013,SMA,2023,141/39/2023,Kasi Pelayanan
1432, Karanganyar,Madukara,REBIN DWI PUJIANTO,Banjarnegara 05 Maret  1973,Karanganyar RT 01 RW 03,082119516778,SMA,1998,141/06/1998,Kasi Pemerintahan
1433, Karanganyar,Kalibening,BANGUN PRAMONO,"Banjarnegara,21/02/1983",KARANGANYAR RT 02/ RW 03,081225339462,SLTA,2018,19 TAHUN 2018,KASI PEMERINTAHAN
1434, Karanganyar,Kalibening,ROHMAN,"Banjarnegara,20/03/1972",KARANGANYAR RT 02/RW 04,081380213400,SLTA,2018,08 TAHUN 2018,KAUR KEUANGAN
1435, Karanganyar,Madukara,ANDRI SEPTIYANTORO,Banjarnegara 23 September   1993,"karanganyar , RT 02 RW 03",087884938979,SMA,2017,141/25/2017,Kaur Keuangan
1436, Karanganyar,Kalibening,BAROKAH SUSENO,"Banjarnegara,17/08/1980",KARANGANYAR RT 01/RW 02,081228282627,SLTA,2017,08 TAHUN 2017,KAUR PEMERINTAHAN
1437, Karanganyar,Madukara,MARKINAH,"Banjarnegara , 04 November 1976",Karanganyar RT 01 RW 03,087808000696,SMA,2005,141/04/2005,kaur Perencanaan
1438, Karanganyar,Madukara,RUDI SETIAWAN,"Banjarnegara , 23 September  1996","karanganyar , RT 02 RW 01",087758572313,SMA,2023,141/ 38 /2023,Kaur TU dan Umum
1439, Karanganyar,Kalibening,PUTRI PERMATASARI,"Cilacap,  26/06/1996",KARANGANYAR RT 02/RW 04,081328341429,SLTA,2017,08 TAHUN 2017,KAUR UMUN DAN TU
1440, Karanganyar,Madukara,TARSO,Banjarnegara 22 November 1980,Karanganyar RT 03 RW 03,083840131392,SMA,2024,400.10.2/581 TAHUN 2024,Kepala Desa
1441, Karanganyar,Kalibening,KASTINI,"Banjarnegara,03/08/1975",KARANGANYAR RT 02/RW 04,0852267494410,S1,2024,400.10.2/610/Tahun 2024,KEPALA DESA
1442, Karanganyar,Madukara,MUHAMAD NGAFIFUDIN,"Banjarnegara , 03 Juni 1987",Karanganyar RT 03 RW 03,083817028272,SMA,2023,141/40/2023,Kepala Dusun I
1443, Karanganyar,Madukara,NURSANTO,"Banjarnegara , 05 Juli 1974","karanganyar , RT 02 RW 01",085786025204,SMA,2002,141/ 04 /2002,Kepala Dusun II
1444, Karanganyar,Madukara,"SALIHIN ,SE",Banjarnegara 04 Mei 1982,"karanganyar , RT 02 RW 01",085291822035,S 1,2017,141/24/2017,Sekertaris Desa
1445, Karanganyar,Kalibening,EVI SRI REJEKI,"Banjarnegara,02/12/1990",KARANGANYAR RT 02/RW 02,082241129109,S1,2017,08 TAHUN 2017,SEKRETARIS DESA
1446, Karanganyar,Kalibening,RIBUT WAHYUDI,"Banjarnegara,10/02/1976",KARANGANYAR RR 03/RW 03,085781000060,SLTA,2023,140/1144 Tahun 2023,ANGGOTA
1447, Karanganyar,Kalibening,YULI ERAWATI,Banjarnegara 20/04/1983,KARANGANYAR RT 02/RW 01,085876725723,SLTP,2023,140/1144 Tahun 2023,ANGGOTA
1448, Karanganyar,Kalibening,WANDI,Banjarnegara 02/01/1971,KARANGANYAR RT 02/RW 04,085780201710,SLTP,2023,140/1144 Tahun 2023,ANGGOTA
1449, Karanganyar,Kalibening,KADAR,Banjarnegara 04/10/1962,KARANGANYAR RT 02/RW 04,087780410620,SLTA,2023,140/1144 Tahun 2023,ANGGOTA
1450, Karanganyar,Madukara,WARDI,"Banjarnegara , 01 April 1970",Karanganyar RT 03 RW 03,081809768958,SLTP,2023,140 / 794 Tahun 2023,Anggota BPD
1451, Karanganyar,Madukara,MISLAM,"Banjarnegara ,  22 Mei 1980",Karanganyar RT 02 RW 03,085701260850,SLTP,2024,400 . 10.2/ 1431 TAHUN 2024,Anggota BPD
1452, Karanganyar,Madukara,KUKUH,"Temanggung , 18 Juli 1962",Karanganyar RT 01 RW 01,087737744355,SMA,2023,140 / 794 Tahun 2023,Ketua BPD
1453, Karanganyar,Kalibening,SULFA'I,Banyumas  16/05/1978,KARANGANYAR RT 01/RW 01,082241256975,SLTA,2023,140/1144 Tahun 2023,KETUA BPD
1454, Karanganyar,Madukara,ADHISTYA AYUNING PUPUT WILASIH,"Banjarnegara , 06 Juni 1998","karanganyar , RT 01 RW 02",083182310859,SLTP,2023,140 / 794 Tahun 2023,Sekertaris BPD
1455, Karanganyar,Kalibening,ARI NUR HIDAYAH,Temanggung 14/06/1988,KARANGANYAR RT 02/RW 01,085785406880,S1,2023,140/1144 Tahun 2023,SEKRETARIS
1456, Karanganyar,Kalibening,PARNO,"Banjarnegara,07/05/1967",KARANGANYAR RT 02/RW 02,085780705670,SLTA,2023,400/1144 Tahun 2023,WAKIL BPD
1457, Karanganyar,Madukara,MUKHLISUN,"Banjarnegara , 31 Maret 1977","karanganyar , RT 02 RW 01",087869579660,SLTP,2023,140 / 794 Tahun 2023,Wakil Ketua BPD
1458, Karanggondang,Karangkobar,AMIN,"Banjarnegara, 04 Oktober 1979","Karanggondang, RT. 01 /01",088226583365,SLTA,2012,141/01/TAHUN 2017,Kasi Kesra
1459, Karanggondang,Karangkobar,BINI,"Banjarnegara, 22 Januari 1992","Karanggondang, RT. 05 /01",085799644995,D3,2017,141/16/TAHUN 2017,Kasi Pelayanan
1460, Karanggondang,Karangkobar,SUCIPTO,"Banjarnegara, 04 Maret 1969","Karanggondang, RT. 01 /02",088221730275,SLTP,1990,141/01/TAHUN 2017,Kasi Pemerintahan
1461, Karanggondang,Karangkobar,SRI PRAMUNINGSIH,"Banjarnegara, 15 Agustus 1987","Karanggondang, RT. 06 /01",081288129860,S1,2020,141/40/TAHUN 2020,Kaur Keuangan
1462, Karanggondang,Karangkobar,SURYANTO,"Banjarnegara, 14 Maret 1973","Karanggondang, RT. 03 /01",088215430940,SLTP,2004,141/01/TAHUN 2017,Kaur Perencanaan
1463, Karanggondang,Karangkobar,ANTO CHANIAGO,"Banjarnegara, 12 Mei 1991","Karanggondang, RT. 03 /04",082337583110,SLTA,2017,141/15/2017,Kaur TU
1464, Karanggondang,Karangkobar,NARWAN,"Banjarnegara, 04 Oktober 1971","Karanggondang, RT. 01 /04",0882003479280,SLTA,2024,400.10.2/591 TAHUN 2024,Kepala Desa
1465, Karanggondang,Karangkobar,TONGAT,"Banjarnegara, 8 Februari 1971","Karanggondang, RT. 02 /01",081391671315,SLTA,2005,141/23/TAHUN 2020,Kepala Dusun I
1466, Karanggondang,Karangkobar,MISWANTO,"Banjarnegara, 2 Juli 1967","Karanggondang, RT. 01 /02",0,SD,2004,141/01/TAHUN 2017,Kepala Dusun II
1467, Karanggondang,Karangkobar,MUDIONO,"Banjarnegara, 04 Desember 1974","Karanggondang, RT. 01 /03",082138477075,SLTA,2004,141/01/TAHUN 2017,Kepala Dusun III
1468, Karanggondang,Karangkobar,TUNUT,"Banjarnegara, 17 Januari 1968","Karanggondang, RT. 01 /04",085217615004,SLTA,2004,141/01/TAHUN 2017,Kepala Dusun IV
1469, Karanggondang,Karangkobar,WIWIT SUPRIHATIN,"Banjarnegara, 21 April 1980","Karanggondang, RT. 01 /01",08112911915,S1,2017,141/14/TAHUN 2017,Sekretaris Desa
1470, Karanggondang,Karangkobar,SAHIR,"Banjarnegara, 02 Februari 1973","Karanggondang, RT. 06 /01",081229382238,S1,2023,140/951/TAHUN 2023,Anggota BPD
1471, Karanggondang,Karangkobar,ALIF LATIFA,"Banjarnegara, 29 Maret 2003","Karanggondang, RT. 03 /04",083156984494,SLTA,2023,140/951/TAHUN 2023,Anggota BPD
1472, Karanggondang,Karangkobar,EKO YULIANTO,"Banjarnegara, 23 Juli 1989","Karanggondang, RT. 01 /02",085226336568,S1,2023,140/951/TAHUN 2023,Anggota BPD
1473, Karanggondang,Karangkobar,SUKAR,"Banjarnegara, 20 Januari 1982","Karanggondang, RT. 01 /03",08814155315,SLTA,2023,140/951/TAHUN 2023,Anggota BPD
1474, Karanggondang,Karangkobar,IKHWAN,"Banjarnegara, 21 Januari 1991","Karanggondang, RT. 02 /01",0882008519324,SLTP,2023,140/951/TAHUN 2023,Ketua BPD
1475, Karanggondang,Karangkobar,NOVI SETYAWATI,"Banjarnegara,06 Juni 2003","Karanggondang, RT. 01 /04",088215440003,SLTA,2023,140/951/TAHUN 2023,Sekretaris BPD
1476, Karanggondang,Karangkobar,PURWANTO,"Banjarnegara, 7 Januari 1986","Karanggondang, RT. 02 /02",085157443671,S1,2023,140/951/TAHUN 2023,Wakil Ketua BPD
1477, Karangjambe,Wanadadi,WAGIYO,"Banjarnegara, 24-07-1975",Karangjambe Rt 02 Rw 02,'081393934736,SMA,2017,141/15/TAHUN 2017,Kasi Kesra
1478, Karangjambe,Wanadadi,NINIK AGUS LESTARI,"Purwokerto, 25-08-1974",Karangjambe Rt 04 Rw 01,'082229491177,S1,2017,141/11/TAHUN 2017,Kasi Pelayanan
1479, Karangjambe,Wanadadi,DEWI FITRIYANI,"Bandung, 09-05-1989",Karangjambe Rt 02 Rw 02,'081375118966,SMA,2018,141/18/TAHUN 2018,Kasi Pemerintahan
1480, Karangjambe,Wanadadi,SUGIARTI,"Banjarnegara, 07 april 1985",Karangjambe Rt 01 Rw 01,082133804109,SMA,2013,141/16/TAHUN 2017,Kaur Keuangan
1481, Karangjambe,Wanadadi,"Rahmawati Nurul Layli, S.Pd.,M.M.","Banjarnegara, 21 Mei 1999",Karangjambe Rt 03 Rw 02,081543245551,S2,2023,141/29/Tahun 2023,Kaur Perencanaan
1482, Karangjambe,Wanadadi,SUTARNO,"Banjarnegara, 12-03-1969",Karangjambe Rt 01 Rw 01,'083801050654,SMP,2017,141/13/TAHUN 2017,Kaur TU dan Umum
1483, Karangjambe,Wanadadi,"Susilo Jatmiko, S.AB.","Banjarnegara,25 Juli 1987",Karangjambe Rt 05 Rw 01,081226070006,S1,2019,141.1/937/Tahun 2019,Kepala Desa Karangjambe
1484, Karangjambe,Wanadadi,SUPRIYONO ADI,"Banjarnegara, 14-01-1970",Karangjambe Rt 05 Rw 01,'088980364880,SMA,2017,141/14/TAHUN 2017,Kepala Dusun 1
1485, Karangjambe,Wanadadi,DARSONO,"Banjarnegara, 12-10-1965",Karangjambe Rt 02 Rw 02,0882007167764,SMP,2017,141/10/TAHUN 2017,Kepala Dusun 2
1486, Karangjambe,Wanadadi,Judi,"Banjarnegara, 27 September 1968",Karangjambe Rt 02 Rw 02,0852 2737 1939,PGA,2023,140/954 TAHUN 2023,Anggota BPD
1487, Karangjambe,Wanadadi,Siswoyo,"Banjarnegara, 13 April 1974",Karangjambe Rt 06 Rw 01,0822 5770 5746,SMA,2023,140/954 TAHUN 2023,Anggota BPD
1488, Karangjambe,Wanadadi,Selyana,"Banjarnegara, 18 Mei 1995",Karangjambe Rt 06 Rw 02,0813 2689 0553,S1,2023,140/954 TAHUN 2023,Anggota BPD
1489, Karangjambe,Wanadadi,Sumardi,"Sragen, 5 Juli 1962",Karangjambe Rt 06 Rw 01,0815 4854 8948,SMA,2023,140/954 TAHUN 2023,Anggota BPD
1490, Karangjambe,Wanadadi,"Ma�mum, S.Pd.","Banjarnegara, 6 Maret 1957",Karangjambe Rt 04 Rw 02,0821 3310 0458,S1,2023,140/954 TAHUN 2023,Ketua BPD Karangjambe
1491, Karangjambe,Wanadadi,Cahyo Wiyono,"Banjarnegara, 17 Desember 1966",Karangjambe RT 05 Rw 02,0813 9157 1003,S1,2023,140/954 TAHUN 2023,Sekretaris BPD
1492, Karangjambe,Wanadadi,Hadi Suwarno,"Banjarnegara, 25 November 1956",Karangjambe Rt 03 Rw 01,0882 0062 08206,DII,2023,140/954 TAHUN 2023,Wakil Ketua BPD
1493, Karangjati,Susukan,ANTON PRIYONGGO,"Banjarnegara, 22 Januari 1982",RT 004 RW 001 Desa Karangjati Kecamatan Susukan Kabupaten Banjarnegara,085814837891,SMA,2019,141/972 Tahun 2019,Kepala Desa
1494, Karangjati,Susukan,HERI SUTANTO,"Banjarnegara, 08 April 1974",RT 003 RW 005 Desa Karangjati Kecamatan Susukan Kabupaten Banjarnegara,081327600844,SLTA,2005,01 TAHUN 2017,Kepala Dusun 1
1495, Karangjati,Susukan,SUPRIYONO,"Banjarnegara, 21 Januari 1979",RT 001 RW 004 Desa Karangjati Kecamatan Susukan Kabupaten Banjarnegara,082146333006,SLTA,2005,01 TAHUN 2017,Kepala Dusun 2
1496, Karangjati,Susukan,WAHYU NURDIANSYAH,"Banjarnegara, 03 Juli 1986",RT 001 RW 003 Desa Karangjati Kecamatan Susukan Kabupaten Banjarnegara,085231666322,D1,2013,01 TAHUN 2017,Kepala Seksi Kesejahteraan
1497, Karangjati,Susukan,SANEN,"Banjarnegara, 11 September 1979",RT 004 RW 002 Desa Karangjati Kecamatan Susukan Kabupaten Banjarnegara,082138933559,SLTA,2005,01 TAHUN 2017,Kepala Seksi Pelayanan
1498, Karangjati,Susukan,DWIANTO,"Banjarnegara, 04 Oktober 1974",RT 001 RW 004 Desa Karangjati Kecamatan Susukan Kabupaten Banjarnegara,085227346783,SLTA,2010,01 TAHUN 2017,Kepala Seksi Pemerintahan
1499, Karangjati,Susukan,YATIMIN,"Banjarnegara, 02 Maret 1972",RT 004 RW 003 Desa Karangjati Kecamatan Susukan Kabupaten Banjarnegara,085135930843,SLTA,2008,01 TAHUN 2017,Kepala Urusan Keuangan
1500, Karangjati,Susukan,TARSIM,"Banjarnegara, 30 Agustus 1972",RT 002 RW 005 Desa Karangjati Kecamatan Susukan Kabupaten Banjarnegara,088221071890,SLTP,2019,141/24  THN 2019,Kepala Urusan Perencanaan
1501, Karangjati,Susukan,RESTU BAYU SETIADI,"Banyumas, 23 Maret 1996",RT 002 RW 003 Desa Karangjati Kecamatan Susukan Kabupaten Banjarnegara,089617533111,SMA,2024,141/36 Tahun 2024,Kepala Urusan Tata Usaha dan Umum
1502, Karangjati,Susukan,AYU SALFIANI,"Banjarnegara, 03 Juni 1995",RT 001 RW 001 Desa Karangjati Kecamatan Susukan Kabupaten Banjarnegara,085310763954,S1,2017,141/14 TH 2017,Sekretaris Desa
1503, Karangjati,Susukan,MUCHAMAD ADIP,"Banjarnegara, 13 Juni 1986",RT 003 RW 003 Desa Karangjati Kecamatan Susukan Kabupaten Banjarnegara,081391093595,SLTP,2010,02 TAHUN 2017,Staf Kasi Pelayanan
1504, Karangjati,Susukan,BASIRAH,"Banjarnegara, 13 Juni 1973",RT 001 RW 003 Desa Karangjati Kecamatan Susukan Kabupaten Banjarnegara,0856 4061 2737,SLTP,2023,140/1.072  Tahun 2023,ANGGOTA
1505, Karangjati,Susukan,WAHIRIN,"Banjarnegara, 23 Desember 1989",RT 005 RW 001 Desa Karangjati Kecamatan Susukan Kabupaten Banjarnegara,0858 9903 8343,SLTA,2023,140/1.072  Tahun 2023,ANGGOTA
1506, Karangjati,Susukan,MUJIONO,"Cilacap, 09 November 1989",RT 004 RW 004 Desa Karangjati Kecamatan Susukan Kabupaten Banjarnegara,0859 3836 6946,SLTA,2023,140/1.072  Tahun 2023,ANGGOTA
1507, Karangjati,Susukan,SUPRIYANTO,"Banjarnegara, 29 September 1982",RT 001 RW 005 Desa Karangjati Kecamatan Susukan Kabupaten Banjarnegara,0813 2679  5008,SLTA,2023,140/1.072  Tahun 2023,ANGGOTA
1508, Karangjati,Susukan,ROHADI,"BANJARNEGARA, 08 APRIL 1965",KARANGJATI RT 04 RW 01,082133244166,S1,2023,140/1072 TAHUN 2023,KETUA BPD
1509, Karangjati,Susukan,KARSONO,"Banjarnegara, 01 September 1974",RT 004 RW 002 Desa Karangjati Kecamatan Susukan Kabupaten Banjarnegara,0813 2701 0650,SLTA,2023,140/1.072  Tahun 2023,SEKRETARIS
1510, Karangjati,Susukan,KARNO BUDIHARJO,"Banjarnegara, 18 Maret 1962",RT 002 RW 003 Desa Karangjati Kecamatan Susukan Kabupaten Banjarnegara,0838 6304 1295,S1,2023,140/1.072  Tahun 2023,WAKIL KETUA
1511, Karangkemiri,Wanadadi,SITI SULIHAH,"Banjarnegara, 06 April 1980","Karangkemiri, RT 04/RW 01 Kec.Wanadadi Kab.Banjarnegara",081391298011,SLTA,2019,141/26/TAHUN 2019,Kasi Kesejahteraan
1512, Karangkemiri,Wanadadi,ADE SOFIANA SURYANI,"Banjarnegara, 26 September 1992","Karangkemiri, RT 01 / RW 02 Kec. Wanadadi Kab. Banjarnegara",081228970684,SLTA,2021,141/22/TAHUN 2021,Kasi Pelayanan
1513, Karangkemiri,Wanadadi,SURATIN,Banjarnegara 03 Maret 1974,"Karangkemiri, RT 02 / RW 04 Kec. Wanadadi Kab. Banjarnegara",081536528983,SLTA,2016,140/15/TAHUN 2016,Kasi Pemerintahan
1514, Karangkemiri,Wanadadi,"SULIS JULIATI, S.I.Pust","Banjarnegara, 01 Juli 1991","Karangkemiri, RT 01 / RW 02 Kec. Wanadadi Kab. Banjarnegara",082137571231,S. 1 Ilmu Perpustakaan,2025,141.3/27/TAHUN 2025,Kaur Keuangan
1515, Karangkemiri,Wanadadi,SUKAR,"Banjarnegara, 05 November 1968","Karangkemiri RT 02 RW 03, Kec. Wanadadi, Kab. Banjarnegara",085227345462,SLTA,2024,400.10.1/313 TAHUN 2024,Kepala Desa
1516, Karangkemiri,Wanadadi,SAIIN,"Banjarnegara, 12 November 1970","Karangkemiri, RT 04 / RW 01 Kec. Wanandadi Kab. Banjarnegara",085200298298,SLTA,2016,140/15/TAHUN 2016,Kepala Dusun 1
1517, Karangkemiri,Wanadadi,NGUDIYONO,"Banjarnegara,12 Mei 1971","Karangkemiri, RT 01/RW 03 Kec. Wanadadi Kab. Banjarnegara",082138209821,SLTA,2016,140/15/TAHUN 2016,Kepala Dusun 2
1518, Karangkemiri,Wanadadi,NUR KHAELALI,Banjarnegara 12 April 1963,"Karangkemiri, RT 03 RW 04 Kec. Wanandadi Kab. Banjarnegara",082228567198,SLTP,2023,140/950/TAHUN 2023,Anggota
1519, Karangkemiri,Wanadadi,RIZKY ROBY NOVIANTO,Banjarnegara 13 November 1997,"Karangkemiri, RT 02 / RW 02 Kec. Wanadadi Kab. Banjarnegara",08157956190,SLTA,2023,140/950/TAHUN 2023,Anggota
1520, Karangkemiri,Wanadadi,RAGIL,Banjarnegar 27 April 1983,"Karangkemiri, RT 02 / RW 02 Kec. Wanadadi Kab. Banjarnegara",081327340698,SLTA,2023,140/950/TAHUN 2023,Anggota
1521, Karangkemiri,Wanadadi,RIHONO,Banjarnegar 09 Maret 1983,"Karangkemiri, RT 02 / RW 04 Kec.Wanadadi Kab.Banjarnegara",085385634083,SLTA,2023,140/950/TAHUN 2023,Anggota
1522, Karangkemiri,Wanadadi,"HERI SUWONDO, SE",Banjarnegara 09 November 1962,"Karangkemiri, RT 04 / RW 01 Kec. Wanadadi Kab. Banjarnegara",081391170201,S.1,2023,140/950/TAHUN 2023,Ketua
1523, Karangkemiri,Wanadadi,"AMAN SAEFULOH, S.Pd.",Banjarnegara 20 Agustus 1986,"Karangkemiri, RT 01 RW 01 Kec. Wanadadi Kab. Banjarnegara",085288426244,S.1,2023,140/950/TAHUN 2023,Sekretaris
1524, Karangkemiri,Wanadadi,"MOHAMAD MUBAROR, S.Pd. SD",Banjarnegara 2 Agustus 1966,Karangkemiri RT 02 RW 03 Kec. Wanandadi Kab. Banjarnegara,081391357118,S.1,2023,140/950/TAHUN 2023,Wakil Ketua
1525, Karangkobar,Karangkobar,BAYU MIARTI,"BANYUMAS, 17 MEI 1989",KARANGKOBAR RT 002 RW 002,085399664708,SMK/SEDERAJAT,2017,NOMOR 17,KASI KESEJAHTERAAN
1526, Karangkobar,Karangkobar,ABDUL WACHID,"BANJARNEGARA,11 AGUSTUS 1967",KARANGKOBAR RT 003 RW 005,085213479662,SLTA/SEDERAJAT,2017,NOMOR 05,KASI PELAYANAN
1527, Karangkobar,Karangkobar,MUHAMMAD FAKHRUDIN,"BANJARNEGARA,12 FEBRUARI 1986",KARANGKOBAR RT 003 RW 006,087739663040,SLTA/SEDERAJAT,2017,NOMOR 5,KASI PEMERINTAHAN
1528, Karangkobar,Karangkobar,SUPRIANTO,"BANJARNEGARA,12 DESEMBER 1989",KARANGKOBAR RT 002 RW 008,081227266265,SMK/SEDERAJAT,2019,141.3/03 TAHUN 2019,KAUR PERENCANAAN
1529, Karangkobar,Karangkobar,EKA RINA YULIANTI,"BANJARNEGARA, 18 JULI 1995",KARANGKOBAR RT 003 RW 006,088806201456,SMK/SEDERAJAT,2017,NOMOR 17,KAUR TU DAN UMUM
1530, Karangkobar,Karangkobar,TEGUH MULYADI,"BANJARNEGARA,02 APRIL 1973",KARANGKOBAR RT 001 RW 001,082315876930,SMA/SEDERAJAT,2024,400.10.2/355 TAHUN 2024,KEPALA DESA
1531, Karangkobar,Karangkobar,FENNY NUROCHMAH,"BANJARNEGARA, 13 DESEMBER 1996",KARANGKOBAR RT 003 RW 003,087792045000,SMA/SEDERAJAT,2017,NOMOR 17,KEPALA DUSUN I
1532, Karangkobar,Karangkobar,MERITA UJIYANI,"BANJARNEGARA,28 MARET 1989",KARANGKOBAR RT 001 RW 005,081252668890,S1,2023,141.32/60/Ds. Krkb/2023,KEPALA DUSUN II
1533, Karangkobar,Karangkobar,RUMYATI,"BANJARNEGARA,28 NOPEMBER 1973",KARANGKOBAR RT 001 RW 007,082327396767,SLTA/SEDERAJAT,2017,NOMOR 5,KEPALA DUSUN III
1534, Karangkobar,Karangkobar,RIYADI SUSANTO,"BANJARNEGARA,01 AGUSTUS 1981",KARANGKOBAR RT 003 RW 009,085786239026,SLTA/SEDERAJAT,2019,141/21/TAHUN 2019,KEPALA DUSUN IV
1535, Karangkobar,Karangkobar,PRATAMA ANDIS SETIOKO,"BANJARNEGARA,21 JULI 1991",KARANGKOBAR RT 001 RW 003,0896-0477-8123,S1,2021,NOMOR 40 TAHUN 2021,SEKRETARIS BPD
1536, Karangkobar,Karangkobar,SUJARWADI,"BANJARNEGARA, 02 AGUSTUS 1983",KARANGKOBAR RT 001 RW 003,0812-8261-6550,SMA/SEDERAJAT,2023,140/797 Tahun 2023,ANGGOTA BPD
1537, Karangkobar,Karangkobar,MULYANTO,"BANJARNEGARA, 11 FEBUARI 1992",KARANGKOBAR RT 002 RW 009,0853-9966-4760,SMP/SEDERAJAT,2023,140/797 Tahun 2023,ANGGOTA BPD
1538, Karangkobar,Karangkobar,EKA SUSIAWATI,"BANAJRNEGARA,18 SEPTEMBER 1999",KARANGKOBAR RT 003 RW 007,0852-9020-3002,SMA/SEDERAJAT,2023,140/797 Tahun 2023,ANGGOTA BPD
1539, Karangkobar,Karangkobar,ANHAR SETIYADI,"BANJARNEGARA, 06 DESEMBER 1981",KARANGKOBAR RT 004 RW 005,0896-8882-9299,S1 PENDIDIKAN SENI MUSIK,2023,140/797 Tahun 2023,ANGGOTA BPD
1540, Karangkobar,Karangkobar,AUFA ROSIHAN NAZARUDIEN,"BANJARNEGARA,16 MARET 1997",KARANGKOBAR RT 002 RW 004,0821-4073-0004,S1 teknik mesin,2023,140/797 Tahun 2023,ANGGOTA BPD
1541, Karangkobar,Karangkobar,VONICA FEBRIAYU DWI SINTA,"BANJARNEGARA,11 FEBRUARI 1992",KARANGKOBAR RT 001 RW 002,0812-2710-4486,SMA/SEDERAJAT,2023,140/797 Tahun 2023,KETERWAKILAN PEREMPUAN
1542, Karangkobar,Karangkobar,ADIL TRIYADI,"BANJARANEGARA, 19/05/1975",KARANGKOBAR RT 002 RW 002,0852-9024-2902,SMA/SEDERAJAT,2023,140/797 Tahun 2023,KETUA BPD
1543, Karangkobar,Karangkobar,TATI KURNIASIH,"BANJARNEGARA,02 MEI 1987",KARANGKOBAR RT 003 RW 006,0857-2643-3260,S1 PENDIDIKAN FISIKA,2023,140/797 Tahun 2023,SEKRETARIS BPD
1544, Karangkobar,Karangkobar,MUSLICH NUR ZAENAL,"BANJARNEGARA,13 MEI 1992",KARANGKOBAR RT 003 RW 008,0821-3800-0130,S1 TEKNIK INFORMATIKA,2023,140/797 Tahun 2023,WAKIL KETUA BPD
1545, Karangmangu,Sigaluh,AGUS PRASETIYONO,"Banjarnegara, 28 Oktober 1983",KARANGMANGU RT 02 RW 01,085385855635,SLTA,2017,141/06 Tahun 2017,Kasi Kesejahteraan dan Pelayanan
1546, Karangmangu,Sigaluh,JONO,"Banjarnegara, 12 Oktober 1974",KARANGMANGU RT 02 RW 01,081215369511,SLTA,2017,141/06 Tahun 2017,Kasi Pemerintahan
1547, Karangmangu,Sigaluh,KIRAM,"Banjarnegara, 10 Juli 1980",KARANGMANGU RT 04 RW 01,085326771959,SLTA,2017,141/06 Tahun 2017,Kaur Keuangan
1548, Karangmangu,Sigaluh,SULISTRIYONO,"Banjarnegara, 25 Februari 1986",KARANGMANGU RT 02 RW 01,085228629137,SLTA,2017,141/17 Tahun 2017,Kaur Umum dan Perencanaan
1549, Karangmangu,Sigaluh,WASIS SUGIONO,"Banjarnegara, 28 Maret 1977",KARANGMANGU RT 03 RW 01,081391338365,SLTP,2019,141.1/1032 Tahun 2019,Kepala Desa
1550, Karangmangu,Sigaluh,SURATNO,"Banjarnegara, 9 Juni 1972",Karangmangu RT 01 RW 01,082313816866,SLTP,2017,141/06 Tahun 2017,Kepala Dusun
1551, Karangmangu,Sigaluh,HENI KURNIATI,"Banjarnegara, 30 April 1994",KARANGMANGU RT 03 RW 01,082234258279,DIII,2017,141/16 Tahun 2017,Sekretaris Desa
1552, Karangmangu,Sigaluh,NARDI,"Banjarnegara, 5 Februari 1967",KARANGMANGU RT 02 RW 01,081327530943,SLTA,2017,141/06 Tahun 2017,Staf Kasi Kesejahteraan dan Pelayanan
1553, Karangmangu,Sigaluh,SINUNG LATIF,"Banjarnegara, 17 Februari 1992",KARANGMANGU RT 03 RW 01,085291925102,SLTP,2023,400.10.2/1074 Tahun 2024,Anggota
1554, Karangmangu,Sigaluh,DEDI IRAWAN,"Banjarnegara, 23 Desember 1990",KARANGMANGU RT 04 RW 01,085643567006,SLTA,2023,400.10.2/1074 Tahun 2024,Anggota
1555, Karangmangu,Sigaluh,TAAT WIBOWO,"Banjarnegara, 13 Agustus 1972",KARANGMANGU RT 06 RW 01,085328625555,SLTA,2023,400.10.2/1074 Tahun 2024,Ketua
1556, Karangmangu,Sigaluh,YULI PURBAYANI,"Banjarnegara, 22 Juli 1990",KARANGMANGU RT 01 RW 01,082243818488,SLTA,2023,400.10.2/1074 Tahun 2024,Sekretaris
1557, Karangmangu,Sigaluh,SARTONO,"Banjarnegara, 2 Februari 1978",KARANGMANGU RT 02 RW 01,085713604081,SLTP,2023,400.10.2/1074 Tahun 2024,Wakil Ketua
1558, Karangnangka,Pagentan,Tusman,"Banjarnegara, 28 Juni 1986",Karangnangka RT 01 RW 02,085226536898,SMA,2016,141.3/31/TAHUN 2016,Kadus II
1559, Karangnangka,Pagentan,Suratman,"Banjarnegara, 05 Juni 1975",Karangnangka RT 07 RW 01,082326477911,SMP,2019,141.1/1116 Tahun 2019,Kepala Desa
1560, Karangnangka,Pagentan,Parno,"Banjarnegara, 22 September 1975",Karangnangka RT 04 RW 04,081318817016,SMA,2016,141.3/32/TAHUN 2016,Kepala Dusun III
1561, Karangnangka,Pagentan,Ramisih,"Banjarnegara, 06 September 1982",Karangnangka RT 07 RW 01,081287819815,SMA,2017,141/02/2017,Kepala Seksi Kesejahteraan
1562, Karangnangka,Pagentan,Yayu,"Banjarnegara, 07 Maret 1998",Karangnangka RT 04 RW 04,082136366310,SMA,2022,141/29 Tahun 2022,Kepala Seksi Kesejahteraan
1563, Karangnangka,Pagentan,Supardi,"Banjarnegara, 20 Februari 1970",Karangnangka RT 02 RW 03,082224097945,SMA,2016,141.3/27/TAHUN 2016,Kepala Seksi Pemerintahan
1564, Karangnangka,Pagentan,Teguh Riyadi,"Banjarnegara, 16 September 1978",Karangnangka RT 02 RW 03,081228386538,SMP,2016,141.3/25/TAHUN 2016,Kepala Urusan Keuangan
1565, Karangnangka,Pagentan,Ika Murniasih,"Banjarnegara, 31 Januari 1989",Karangnangka RT 01 RW 01,085227711085,S1,2017,141.3/36/TAHUN 2017,Kepala Urusan Perencanaan
1566, Karangnangka,Pagentan,Manisro,"Banjarnegara, 10 Agustus 1969",Karangnangka RT 02 RW 04,085329637369,SMP,2016,141.3/24/TAHUN 2016,Kepala Urusan Tata Usaha dan Umum
1567, Karangnangka,Pagentan,Parno,"Banjarnegara, 10 Mei 1987",Karangnangka RT 06 RW 01,082227732575,SMA,2017,141/01/2017,Sekretaris Desa
1568, Karangnangka,Pagentan,Dudung Soleharto,"Banjarnegara, 15 Februari 1982",Karangnangka RT 05 RW 01,082324400895,SMA,2016,141.3/29/TAHUN 2016,Staf Kepala Seksi Kesejahteraan
1569, Karangnangka,Pagentan,Didit,"Banjarnegara, 07 Januari 1989",Karangnangka RT 02 RW 04,085227888549,SMA,2023,140/1542 Tahun 2023,Anggota Badan Permusyawaratan Desa
1570, Karangnangka,Pagentan,Nurdayanah,"Banjarnegara, 14 Februari 1997",Karangnangka RT 01 RW 02,081393287366,SMA,2023,140/1542 Tahun 2023,Anggota Badan Permusyawaratan Desa
1571, Karangnangka,Pagentan,Pujo Supono,"Banjarnegara, 18 Februari 1972",Karangnangka RT 01 RW 01,085228105356,S1,2023,140/1542 Tahun 2023,Kepala Badan Permusyawaratan Desa
1572, Karangnangka,Pagentan,Sayono,"Banjarnegara, 02 Mei 1995",Karangnangka RT 03 RW 01,081229960039,SMA,2023,140/1542 Tahun 2023,Sekretaris Badan Permusyawaratan Desa
1573, Karangnangka,Pagentan,Sarinah,"Banjarnegara, 21 September 1981",Karangnangka RT 02 RW 03,082135650727,SMA,2023,140/1542 Tahun 2023,Wakil Ketua Badan Permusyawaratan Desa
1574, Karangsalam,Susukan,SUWARTO,BANJARNEGARA,DESA KARANGSALAM RT 004 RW 003 KEC SUSUKAN KAB BANJARNEGARA,081327406050,SMK,2019,141.1/970 TAHUN 2019,KEPALA DESA
1575, Karangsalam,Susukan,SUGADI,BANJARNEGARA,DESA KARANGSALAM RT 003 RW 003 KEC SUSUKAN KAB BANJARNEGARA,085727912743,SMK,2012,23 TAHUN 2016,KEPALA DUSUN
1576, Karangsalam,Susukan,KUAT PRIYANTO,BANJARNEGARA,DESA KARANGSALAM RT 003 RW 002 KEC SUSUKAN KAB BANJARNEGARA,085747506218,SMK,2000,23 TAHUN 2016,KEPALA DUSUN
1577, Karangsalam,Susukan,SARING KRISTIANTO,CILACAP,DESA KARANGSALAM RT 001 RW 001 KEC SUSUKAN KAB BANJARNEGARA,085600731140,SMA,2012,23 TAHUN 2016,KEPALA DUSUN
1578, Karangsalam,Susukan,AGUS SUBEKTI PANCA SWANTORO,AMBON,DESA KARANGSALAM RT 001 RW 001 KEC SUSUKAN KAB BANJARNEGARA,085711345867,SMA,2018,141.32/29 TAHUN 2020,KEPALA SEKSI KESEJAHTERAAN
1579, Karangsalam,Susukan,ELINAH,BANJARNEGARA,DESA KARANGSALAM RT 004 RW 003 KEC SUSUKAN KAB BANJARNEGARA,081210400983,SMA,2013,23 TAHUN 2016,KEPALA SEKSI PELAYANAN
1580, Karangsalam,Susukan,MOKH ISMAIL,BANJARNEGARA,DESA KARANGSALAM RT 005 RW 002 KEC SUSUKAN KAB BANJARNEGARA,081391602965,SMK,2003,23 TAHUN 2016,KEPALA SEKSI PEMERINTAHAN
1581, Karangsalam,Susukan,MISRI YULIANTI,BANJARNEGARA,DESA KARANGSALAM RT 002 RW 001 KEC SUSUKAN KAB BANJARNEGARA,085747581426,SMA,2005,23 TAHUN 2016,KEPALA URUSAN KEUANGAN
1582, Karangsalam,Susukan,WAHYU IKA SETIYANINTYAS,PURBALINGGA,DESA KARANGSALAM RT 004 RW 003 KEC SUSUKAN KAB BANJARNEGARA,085792742506,S1,2021,141/42 TAHUN 2021,KEPALA URUSAN PERENCANAAN
1583, Karangsalam,Susukan,ARDI PRASETYO,BANJARNEGARA 5 JANUARI 1990,Desa Karangsalam Rt 002 Rw 003 Kec.Susukan Kab.Banjarnegara,085640610601,S1,2012,23,KEPALA URUSAN TATA USAHA DAN UMUM
1584, Karangsalam,Susukan,ROBBY CAHYADI,BANJARNEGARA,DESA KARANGSALAM RT 004 RW 004 KEC SUSUKAN KAB BANJARNEGARA,085726088099,SMA,2018,141/23 TAHUN 2018,SEKRETARIS DESA
1585, Karangsari,Punggelan,Edi Nuryanto,"Banjarnegara, 02 Juni 1977","Karangsari RT 06 RW 03 Punggelan, Banjarnegara",085259936702,SLTA,2016,141/ 21 Tahun 2016,Kasi Kesejahteraan
1586, Karangsari,Pejawaran,Sudin,"Banjarnegara, 26 Maret 1982",Desa Karangsari RT 02 RW 01,085227405315,SLTA,2018,141/19 Tahun 2018,Kasi Kesejahteraan
1587, Karangsari,Pejawaran,Sarga,"Banjarnegara, 06 Juli 1968",Desa Karangsari RT 01 RW 02,085799410869,SLTP,2017,141.32/06 Tahun 2017,Kasi Pelayanan
1588, Karangsari,Punggelan,Fajar Santosa,"Banjarnegara, 08 Juli 1993","Karangsari RT 02 RW 03 Punggelan, Banjarnegara",082135998827,SLTA,2020,141/ 19 Tahun 2020,Kasi Pemerintahan
1589, Karangsari,Pejawaran,Ibnu Katsir Wajihan,"Banjarnegara, 28 Juni 1992",Desa Karangsari RT 01 RW 03,085877003668,SLTA,2018,141/19 Tahun 2018,Kasi Pemerintahan
1590, Karangsari,Punggelan,Suci Novitasari,"Banjarnegara, 08 Maret 1991","Karangsari RT 04 RW 04 Punggelan, Banjarnegara",085743628517,DIII,2020,141/10 Tahun 2020,Kaur Keuangan
1591, Karangsari,Pejawaran,Al Muntaha,"Banjarnegara, 21 Oktober 1976",Desa Karangsari RT 04 RW 01,085774800828,DIII,2018,141/19 Tahun 2018,Kaur Keuangan
1592, Karangsari,Pejawaran,Adhitya Nurherwanto,"Banjarnegara, 08 Juni 1990",Desa Karangsari RT 03 RW 01,85326716533,DIPLOMA IV/STRATA I,2019,141/017 Tahun 2019,Kaur Perencanaan
1593, Karangsari,Punggelan,Yanuar Bagaskoro,"Banjarnegara, 21 januari 1980","Karangsari RT 01 RW 01 Punggelan, Banjarnegara",081328346164,DIII,2017,141/ 21 Tahun 2017,Kaur Perencanaan
1594, Karangsari,Pejawaran,Srinarti,"Banjarnegara, 12 April 1968",Desa Karangsari RT 01 RW 02,085640983395,SLTA,2018,141/19 Tahun 2018,Kaur TU dan Umum
1595, Karangsari,Punggelan,Erlinah,"Banjarnegara, 22 April 1973","Karangsari RT 01 RW 01 Punggelan, Banjarnegara",082329634399,SLTA,2020,141/10 Tahun 2020,Kaur TU dan Umum
1596, Karangsari,Pejawaran,Andi Wirawan,"Banjarnegara, 21 Februari 1989",Desa Karangsari RT 01 RW 03,085291934850,SLTP,2021,141.1/976 Tahun 2021,Kepala Desa
1597, Karangsari,Punggelan,Imam Purboyo,"Banjarnegara, 15 Februari 1964","Karangsari RT 04 RW 04 Punggelan, Banjarnegara",08818590069,SLTP,2019,-,Kepala Desa
1598, Karangsari,Pejawaran,Tri Setiyawati,"Banjarneghara, 28 Januari 1984",Desa Karangsari RT 03 RW 01,085227466865,SLTA,2017,141.32/013 Tahun 2017,Kepala Dusun 1
1599, Karangsari,Punggelan,Turmin,"Banjarnegara, 09 April 1967","Karangsari RT 01 RW 02 Punggelan, Banjarnegara",-,SLTA,2016,141/ 21 Tahun 2016,Kepala Dusun 2
1600, Karangsari,Pejawaran,Yudha Aji Pangestu,"Banjarnegara, 27 Mei 1999",Desa Karangsari RT 01 RW 02,0895343012661,SLTA,2021,141/35 Tahun 2021,Kepala Dusun 2
1601, Karangsari,Pejawaran,Tiono,"Banjarnegara, 05 April 1982",Desa Karangsari RT 02 RW 03,085227337058,SLTA,2017,141.32/06 Tahun 2017,Kepala Dusun 3
1602, Karangsari,Punggelan,Ripto Prasetiyo,"Purbalingga, 20 Juni 1979","Karangsari RT 04 RW 03 Punggelan, Banjarnegara",081392316771,SLTA,2017,141/ 21 Tahun 2017,Kepala Dusun 3
1603, Karangsari,Punggelan,Mistoro,"Banjarnegara, 08 Juli 1982","Karangsari RT 05 RW 04 Punggelan, Banjarnegara",085291707393,SLTA,2017,141/ 21 Tahun 2017,Kepala Dusun 4
1604, Karangsari,Pejawaran,Hafit Hidayat,"Banjarnegara, 05 Oktober 1978",Desa Karangsari RT 04 RW 01,085923078554,DIII,2018,141/018 Tahun 2018,Sekretaris Desa
1605, Karangsari,Punggelan,Bagyo Triyanto,"Banjarnegara, 26 Oktober 1976","Karangsari RT 02 RW 01 Punggelan, Banjarnegara",085291574467,SLTA,2017,141/ 18 Tahun 2017,Sekretaris Desa
1606, Karangsari,Punggelan,Sardi,"Banjarnegara, 16 Oktober 1983","Karangsari RT 01 RW 03 Punggelan, Banjarnegara",-,SLTA,2023,-,-
1607, Karangsari,Punggelan,Aziz Ira Wibowo,"Banjarnegara, 28 November 1986","Karangsari RT 01 RW 03 Punggelan, Banjarnegara",-,DIII,2023,-,-
1608, Karangsari,Punggelan,Sodik Safrudin,"Banjarnegara, 29 Maret 1994","Karangsari RT 05 RW 02 Punggelan, Banjarnegara",085712029147,SLTA,2023,-,-
1609, Karangsari,Punggelan,Salimah,"Banjarnegara, 03 Februari1982","Karangsari RT 06 RW 01 Punggelan, Banjarnegara",085740311359,SLTP,2023,-,Anggota
1610, Karangsari,Punggelan,Eka Fitrianingsih,"Banjarnegara, 05 April 1992","Karangsari RT 04 RW 04 Punggelan, Banjarnegara",082257287252,SLTA,2023,-,Anggota
1611, Karangsari,Pejawaran,Suyanto,"Banjarnegara, 18 Mei 1982",Desa Karangsari RT 02 RW 03,085227144194,SLTA,2023,140/1525 Tahun 2023,Anggota
1612, Karangsari,Pejawaran,Kuat Nurohman,"Banjarnegara, 18 Maret 1978",Desa Karangsari RT 01 RW 02,085728103024,SLTP,2023,140/1525 Tahun 2023,Anggota
1613, Karangsari,Punggelan,Sutrima,"Banjarnegara, 10 April 1987","Karangsari RT 06 RW 01 Punggelan, Banjarnegara",085385888545,SLTA,2023,-,Anggota
1614, Karangsari,Pejawaran,Dea Setia Haerani,"Banjarnegara, 13 Desember 2003",Desa Karangsari RT 07 RW 03,085742185102,SLTA,2023,140/1525 Tahun 2023,Anggota
1615, Karangsari,Pejawaran,Urip Santosa,"Banjarnegara, 25 Maret 1991",Desa Karangsari RT 01 RW 02,085225641535,SLTA,2023,140/1525 Tahun 2023,Anggota
1616, Karangsari,Pejawaran,Ana Nirwan Hidayat,"Banjarnegara, 05 Juni 1981",Desa Karangsari RT 03 RW 01,085227248555,DIPLOMA IV/STRATA I,2023,140/1525 Tahun 2023,Ketua
1617, Karangsari,Punggelan,Idrus Nurfahmi,"Banjarnegara, 17 Januari 1981","Karangsari RT 02 RW 02 Punggelan, Banjarnegara",-,S1,2023,-,Ketua
1618, Karangsari,Pejawaran,Nofianto,"Banjarnegara, 16 Nofember 1993",Desa Karangsari RT 01 RW 01,081229631769,SLTA,2023,140/1525 Tahun 2023,Sekretaris
1619, Karangsari,Punggelan,Risto Prasetyo,"Banjarnegara, 22 Februari 1992","Karangsari RT 01 RW 01 Punggelan, Banjarnegara",085227111858,SLTA,2023,-,Sekretaris
1620, Karangsari,Punggelan,Tarsono,"Banjarnegara, 31 Desember 1963","Karangsari RT 03 RW 01 Punggelan, Banjarnegara",-,SLTP,2023,-,Wakil Ketua
1621, Karangsari,Pejawaran,Supono,"Banjarnegara, 06 Maret 1982",Desa Karangsari RT 01 RW 03,085601506560,SLTA,2023,140/1525 Tahun 2023,Wakil Ketua
1622, Karangtengah,Wanayasa,Purwanti,"Banjarnegara, 11 Februari 1992","Karangtengah, RT 002 RW 001 Kec. Wanayasa Kab. Banjarnegara",081325329947,SMA,2020,141. 13 2020,Kadus I
1623, Karangtengah,Wanayasa,Bambang Budiyanto,"Banjarnegara, 02 Januari 1992","Karangtengah, RT 005 RW 001 Kec. Wanayasa Kab. Banjarnegara",081228415588,SMA,2020,141. 13 2020,Kadus II
1624, Karangtengah,Wanayasa,Sugeng Wardoyo,"Banjarnegara, 08 Agustus 1991","Karangtengah, RT 003 RW 003 Kec. Wanayasa Kab. Banjarnegara",081386136442,SMA,2017,141.165 2017,Kadus III
1625, Karangtengah,Wanayasa,Sutofik Hidayat,"Banjarnegara, 20 Juni 1979","Karangtengah, RT 003 RW 003 Kec. Wanayasa Kab. Banjarnegara",081329997403,Paket C,2017,141.32.204 2017,Kadus IV
1626, Karangtengah,Batur,NOVI FEBRIANI,"BANJARNEGARA, 19 FEBRUARI 1997","KARANGTENGAH RT 001 RW 002, BATUR, BANJARNEGARA",081225352797,S.Kom,2024,141/29 TAHUN 2024,"KADUS KRAJAN, KARANGTENGAH"
1627, Karangtengah,Batur,GORIS,"BANJARNEGARA, 25 JULI 1990","KARANGTENGAH RT 004 RW 004, BATUR, BANJARNEGARA",0895615656688,SMA,2017,141/23 TAHUN 2017,"KADUS PAWUHAN, KARANGTENGAH"
1628, Karangtengah,Batur,MAHUDIN,"BANJARNEGARA, 21 MEI 1993","KARANGTENGAH RT 001 RW 003, BATUR, BANJARNEGARA",081321111693,SMA,2017,141/22 TAHUN 2017,"KADUS SIMPANGAN, KARANGTENGAH"
1629, Karangtengah,Batur,RIDLO,"BANJARNEGARA, 20 FEBRUARI 1977","KARANGTENGAH RT 003 RW 002, BATUR, BANJARNEGARA",082325461931,SMA,2017,141/21 TAHUN 2017,KASI KESEJAHTERAAN RAKYAT
1630, Karangtengah,Wanayasa,Sulastri,"Banjarnegara, 09 Mei 1986","Karangtengah, RT 003 RW 003 Kec. Wanayasa Kab. Banjarnegara",082146492676,SMA,2020,141. 13 2020,Kasi Kesra
1631, Karangtengah,Batur,BUYANTO,"BANJARNEGARA, 1 JUNI 1978","KARANGTENGAH RT 002 RW 002, BATUR, BANJARNEGARA",085226381752,SMA,2017,141/20 TAHUN 2017,KASI PELAYANAN
1632, Karangtengah,Wanayasa,Karwoto,"Banjarnegara, 01 September 1979","Karangtengah, RT 001 RW 003 Kec. Wanayasa Kab. Banjarnegara",085147114941,SMK,2017,141.31. 165 2017,Kasi Pelayanan
1633, Karangtengah,Batur,ARDIAN,"BANJARNEGARA, 6 MEI 1991","KARANGTENGAH RT 001 RW 004, BATUR, BANJARNEGARA",0895615666766,S.Pd.I,2017,141/18 TAHUN 2017,KASI PEMERINTAHAN
1634, Karangtengah,Wanayasa,Nur Hayati,"Banjarnegara, 13 Januari 1987","Karangtengah, RT 003 RW 003 Kec. Wanayasa Kab. Banjarnegara",081325220070,SMA,2020,141. 13 2020,Kasi Pemerintahan
1635, Karangtengah,Batur,RAHAYU,"BANJARNEGARA, 28 JULI 1978","KARANGTENGAH RT 001 RW 004, BATUR, BANJARNEGARA",085292380753,S.E,2017,141/019 TAHUN 2017,KAUR KEUANGAN
1636, Karangtengah,Wanayasa,Sukowati,"Banjarnegara, 12 April 1994","Karangtengah, RT 002 RW 002 Kec. Wanayasa Kab. Banjarnegara",085227422443,SMK,2017,141.32.204 2017,Kaur Keuangan
1637, Karangtengah,Batur,MOCH.SAFI'I,"REMBANG, 31 JANUARI 1986","KARANGTENGAH RT 001 RW 003, BATUR, BANJARNEGARA",085694993270,S.Sos.I,2017,141/017 TAHUN 2017,KAUR PERENCANAAN
1638, Karangtengah,Wanayasa,Endang Umi Rohyati,"Banjarnegara, 03 Oktober 1986","Karangtengah, RT 003 RW 003 Kec. Wanayasa Kab. Banjarnegara",085227108637,DIII,2017,141.165 2017,Kaur Perencanaan
1639, Karangtengah,Wanayasa,Jono,"Banjarnegara, 13 Mei 1981","Karangtengah, RT 00 002 RW 003 Kec. Wanayasa Kab. Banjarnegara",081225624796,Paket C,2008,141.01 2008,Kaur TU dan Umum
1640, Karangtengah,Wanayasa,Karyoko,"Banjarnegara, 02 Mei 1971","Karangtengah, RT 001 RW 002 Kec. Wanayasa Kab. Banjarnegara",085200097308,Paket C,2019,141.1.992 2019,Kepala Desa
1641, Karangtengah,Batur,MUKHODIN,"BANJARNEGARA, 14 SEPTEMBER 1974","KARANGTENGAH RT 003 RW 004, BATUR, BANJARNEGARA",08122590105,SMA,"2021,",400.10.2/754 TAHUN 2024,KEPALA DESA
1642, Karangtengah,Batur,SAHLI INDRA MAWARDI,"BANJARNEGARA, 7 JULI 1967","KARANGTENGAH RT 003 RW 003, BATUR, BANJARNEGARA",085643881151,SD,"2002,",141/6/KEP/2017,PEMERINTAHAN MENJADI KAUR TU DAN UMUM
1643, Karangtengah,Wanayasa,Anton Prasetyo,"Banjarnegara, 06 April 1984","Karangtengah, RT 001 RW 002 Kec. Wanayasa Kab. Banjarnegara",085291294235,DII,2017,141.126 2017,Sekretaris Desa
1644, Karangtengah,Batur,SUSRINAH,"BANJARNEGARA, 16 AGUSTUS 1987","KARANGTENGAH RT 002 RW 002, BATUR, BANJARNEGARA",085227876697,S.Pd,2017,141/016 TAHUN 2017,SEKRETARIS DESA
1645, Karangtengah,Batur,MUHAMMAD HAMID,"BANJARNEGARA, 18 Agustus 1968","KARANGTENGAH RT 001 RW 004, BATUR, BANJARNEGARA",00000000000,SMP,2018-,198/897 TAHUN 2018,Anggota BPD
1646, Karangtengah,Wanayasa,Kastiko,"Banjarnegara, 01 September 1994","Karangtengah, RT 003 RW 001 Kec. Wanayasa Kab. Banjarnegara",081227545776,SMP,2023,140.936 2023,Anggota BPD
1647, Karangtengah,Batur,ROHIMIN,"BANJARNEGARA, 26 April 1992","KARANGTENGAH RT 003 RW 003, BATUR, BANJARNEGARA",087781563900,SMP,2018-,198/897 TAHUN 2018,Anggota BPD
1648, Karangtengah,Wanayasa,Rodiyah,"Banjarnegara, 03 Maret 1988","Karangtengah, RT 002 RW 003 Kec. Wanayasa Kab. Banjarnegara",081294721696,SMA,2023,140.936 2023,Anggota BPD
1649, Karangtengah,Wanayasa,Suyono,"Banjarnegara, 28 Desember 1973","Karangtengah, RT 001 RW 002 Kec. Wanayasa Kab. Banjarnegara",082134636794,SMP,2023,140.936 2023,Ketua BPD
1650, Karangtengah,Batur,ANDIKA TEGUH SANTOSO,"BANJARNEGARA, 10 JULI 1974","KARANGTENGAH RT 001 RW 004, BATUR, BANJARNEGARA",082137834567,SMP,2018-,198/897 TAHUN 2018,Ketua BPD
1651, Karangtengah,Batur,PURYADI,"Wonosobo, 24 Desember 1985","KARANGTENGAH RT 001 RW 003, BATUR, BANJARNEGARA",000000000000,SMP,2018-,198/897 TAHUN 2018,Sekretaris BPD
1652, Karangtengah,Wanayasa,Eka Suhariyati,"Banjarnegara, 18 September 1999","Karangtengah, RT 003 RW 002 Kec. Wanayasa Kab. Banjarnegara",082242819409,SMA,2023,140.936 2023,Sekretaris BPD
1653, Karangtengah,Batur,FAHRUR ROZI,"Banjarnegara, 20 Januari 1975","KARANGTENGAH RT 001 RW 001, BATUR, BANJARNEGARA",082314727743,SMP,2018-,198/897 TAHUN 2018,Wakil BPD
1654, Karangtengah,Wanayasa,Jamali,"Banjarnegara, 15 November 1991","Karangtengah, RT 002 RW 001 Kec. Wanayasa Kab. Banjarnegara",082242743609,SMP,2023,140.936 2023,Wakil Ketua BPD
1655, Karekan,Pagentan,SUYONO,"BANJARNEGARA, 11 MEI 1976",KAREKAN RT 05 RW 01,082323984315,SLTA,2016,141/29/TAHUN 2016,KADUS 1
1656, Karekan,Pagentan,SLAMET,"BANJARNEGARA, 06 JUNI 1966",KAREKAN RT 05 RW 02,081234681456,SLTP,2016,141/30/TAHUN 2016,KADUS 2
1657, Karekan,Pagentan,SUYITNO,"BANJARNEGARA, 22-08-1984",KAREKAN RT 03 RW 03,081229057629,SLTA,2022,141/34/TAHUN 2022,KADUS 3
1658, Karekan,Pagentan,SUTIYONO,12 FEBRUARI 1974,KAREKAN RT 04 RW 04,085291566910,SLTP,2016,0000,KADUS 4
1659, Karekan,Pagentan,SUTRISNO,"BANJARNEGARA, 16-02-1983",KAREKAN RT 01 RW 05,081225679611,SLTA,2018,141/30/TAHUN 2018,KADUS 5
1660, Karekan,Pagentan,ZAENAL,"BANJARNEGARA, 07 OKTOBER 1985",KAREKAN RT 06 RW 02,083838390564,SLTA,2016,1412/27/TAHUN 2016,KASI KESRA
1661, Karekan,Pagentan,MISPANUL HIDAYAT,"BANJARNEGARA, 14 NOVEMBER 1965",KAREKAN RT 03 RW 04,00000000000,SLTP,2016,141/28/TAHUN 2016,KASI PELAYANAN
1662, Karekan,Pagentan,TURIP,"BANJARNEWGARA, 09 JULI 1966",KAREKAN RT 04 RW 01,00000000000,SD,2016,141/26/TAHUN 2016,KASI TATA PEMERINTAHAN
1663, Karekan,Pagentan,JUKI,"BANJARNEGARA, 09 OKTOBER 1979",KAREKAN RT 01 RW 01,082146979589,SLTA,2016,141/25/TAHUN 2016,KAUR KEUANGAN
1664, Karekan,Pagentan,SUMIRAH,"BANJARNEGARA, 14 JULI 1979",KAREKAN RT 04 RW 01,083844194555,SLTA,2017,141/28/TAHUN 2027,KAUR PERENCANAAN
1665, Karekan,Pagentan,SARNO,"BANJARNEGARA,10-12-1965",KAREKAN RT 05 RW 01,085292240289,SLTA,2016,141/24/TAHUN 2016,KAUR TU DAN UMUM
1666, Karekan,Pagentan,SAMAN,"BANJARNEGARA, 18-07-1973",KAREKAN RT 04 RW 03,081325331701,SLTA,2019,141.1/1123 TAHUN 2019,KEPALA DESA
1667, Karekan,Pagentan,AZIS SETIYANTO,"BANJARNEGARA, 12 JANUARI 1990",KAREKAN RT 03 RW 02,082217424564,S1,2017,141/27/TAHUN 2017,SEKRETARIS DESA
1668, Karekan,Pagentan,KAHONO,"BANJARNEGARA, 27 AGUSTUS 1969",KAREKAN RT 02 RW 03,085215954789,SLTP,2016,141/35/TAHUN 2016,STAF KAUR PERENCANAAN
1669, Karekan,Pagentan,AGUS SARIF,"BANJARNEGARA, 26-04-1993",KAREKAN RT 03 RW 03,083872150173,SLTA,2023,140/506/2023,ANGGOTA BPD
1670, Karekan,Pagentan,WAHYU ROFIK HARDIYANTO,"BANJARNEGARA, 3304142804890001",KAREKAN RT 04 RW 01,083109417055,SLTA,2023,140/506/2023,ANGGOTA BPD
1671, Karekan,Pagentan,ABAS,"BANJARNEGARA, 08-11-1983",KAREKAN RT 01 RW 05,082133889022,SLTP,2023,140/506/2023,ANGGOTA BPD
1672, Karekan,Pagentan,LIA CAHYANINGSIH,"BANJARNEGARA, 31-12-1993",KAREKAN RT 05 RW 02,085867784142,S1,2023,140/506/2023,ANGGOTA BPD
1673, Karekan,Pagentan,ANWAR,"BANJARNEGARA, 21-01-1981","KAREKAN, RT 01 RW 02",081317426240,SLTP,2023,140/506/2023,KETUA BPD
1674, Karekan,Pagentan,LUSIYANTI,"BANJARNEGARA, 24-09-1995",KAREKAN RT 04 RW 04,081327508556,S1,2023,140/506/2023,SEKRETARIS BPD
1675, Karekan,Pagentan,BEJO KARMAWAN,"BANJARNEGARA, 19-01-1973",KAREKAN RT 03 RW 01,082138296514,S1,2023,140/506/2023,WAKIL KETUA BPD
1676, Kasilib,Wanadadi,DIAN TRI RAHAYU,"Banjarnegara, 29 April 1996",Kasilib RT 2 RW 3,082118642966,D3,2020,141/69 Tahun 2020,Kasi Kesejahteraan
1677, Kasilib,Wanadadi,PUJIYANTI,"Banjarnegara, 31 Maret 1987",Kasilib RT 4 RW 2,083863794454,SLTA,2009,141/24 Tahun 2017,Kasi Pelayanan
1678, Kasilib,Wanadadi,KARDIMAN,"Banjarnegara, 28 November 1984",Kasilib RT 1 RW 1,081393985157,SLTA,2010,141/20 Tahun 2017,Kasi Pemerintahan
1679, Kasilib,Wanadadi,MUAKHIROH,"Banjarnegara, 20 Oktober 1980",Kasilib RT 2 RW 3,083867553942,SLTA,2002,141/22 Tahun 2017,Kaur Keuangan
1680, Kasilib,Wanadadi,PUJI UTAMI,"Banjarnegara, 16 Februari 1986",Kasilib RT 2 RW 2,087724870113,SLTA,2008,141/23 Tahun 2017,Kaur Perencanaan
1681, Kasilib,Wanadadi,MUKTI SUBEKTI,"Banjarnegara, 24 November 1990",Kasilib RT 4 RW 1,081327515553,SLTA,2020,141/70 Tahun 2020,Kaur TU dan Umum
1682, Kasilib,Wanadadi,JASMAN,"Banjarnegara, 15 Maret 1958",Kasilib RT 3 RW 2,081215961838,S1,2019,141.1/948 Tahun 2019,Kepala Desa
1683, Kasilib,Wanadadi,FIRMAN,"Purbalingga, 08 November 1965",Kasilib RT 1 RW 1,082326459157,SLTA,2002,141/27 Tahun 2017,Kepala Dusun I
1684, Kasilib,Wanadadi,UNTUNG YULIANTO,"Banjarnegara, 03 Juli 1975",Kasilib RT 4 RW 2,0882005188426,SLTA,2002,141/28 Tahun 2017,Kepala Dusun II
1685, Kasilib,Wanadadi,EDI SUJARWOTO,"Banjarnegara, 20 Juni 1968",Kasilib RT 2 RW 3,082314128541,SLTA,2006,141/29 Tahun 2017,Kepala Dusun III
1686, Kasilib,Wanadadi,PRAWOTO,"Banjarnegara, 14 November 1968",Kasilib RT 5 RW 4,081227514604,SLTA,1991,141/30 Tahun 2017,Kepala Dusun IV
1687, Kasilib,Wanadadi,AMIN NURDIANTO,"Banjarnegara, 04 September 1991",Kasilib RT 2 RW 2,081292351077,SLTA,2020,141/68 Tahun 2020,Sekretaris Desa
1688, Kasilib,Wanadadi,RUSWANTO,"Banjarnegara, 02 Februari 1983",Kasilib RT 03 RW 1,082322298000,SLTP,2023,140/956 Tahun 2023,Anggota
1689, Kasilib,Wanadadi,WAHIDIN,"Banjarnegara, 07 Mei 1990",Kasilib RT 2 RW 1,083861944760,SLTA,2023,140/956 Tahun 2023,Anggota
1690, Kasilib,Wanadadi,FAJAR NURRAINI,"Banjarnegara, 28 Maret 1988",Kasilib RT 3 RW 2,085226637589,S1,2025,400.10/33 Tahun 2025,Anggota Antar waktu
1691, Kasilib,Wanadadi,DUROKHMAT,"Banjarnegara, 15 Juni 1963",Kasilib RT 1 RW 2,081390399995,SLTA,2023,140/956 Tahun 2023,Ketua
1692, Kasilib,Wanadadi,SUMIYATI,"Banjarnegara, 28 Maret 1985",Kasilib RT 1 RW 3,081288957580,D3,2023,140/956 Tahun 2023,Ketua Bidang Pemerintahan Desa
1693, Kasilib,Wanadadi,AGNESIA FADHILA,"Banjarnegara, 30 Agustus 1997",Kasilib RT 2 RW 3,0895362178880,S1,2023,140/956 Tahun 2023,Sekretaris
1694, Kasilib,Wanadadi,WARDI,"Banjarnegara, 28 Maret 1959",Kasilib RT 4 RW 4,08120000000,S1,2023,140/956 Tahun 2023,Wakil Ketua
1695, Kasimpar,Wanayasa,Marwono,"Banjarnegara, 13 Maret 1979",Desa Kasimpar RT 04 RW 02,082136546449,SMA,2017,141.31/03 TAHUN 2027,Kadus I
1696, Kasimpar,Wanayasa,Firda Mutiara P,"Banjarnegara, 05 Desember 1998",Desa Kasimpar RT 06 RW 02,081225353316,s1,2021,141/23/TAHUN 2021,Kasi Kesejahteraan
1697, Kasimpar,Wanayasa,Ristian Apriliyani,"Banjarnegara, 11 April 1990",Desa Kasimpar RT 10 RW 03,085327067582,SMA,2017,141/02/TAHUN 2017,KASI PELAYANAN
1698, Kasimpar,Wanayasa,Anggraeni Ika R,Banjarnegara 06 Oktober 1998,Desa Kasimpar RT 04 RW 02,082135462969,SMA,2021,141/24/TAHUN 2021,KASI PELAYANAN
1699, Kasimpar,Wanayasa,Adina Febriana,"Banjarnegara, 23 Februari 1994",Desa Kasimpar RT 04 RW 02,08112613441,SMA,2018,08 Tahun 2018,KAUR KEUANGAN
1700, Kasimpar,Wanayasa,Agusta Ganang WP,"Temanggung , 20 Agustus 1996",Desa Kasimpar RT 06 RW 02,081342855534,SMA,2018,08 Tahun 2018,Kaur Perencanaan
1701, Kasimpar,Wanayasa,Katoyo,"Banjarnegara , 21 Mei 1968",Desa Kasimpar RT 07 RW 02,085226577461,SMA,2019,141.1/984/Tahun 2019,Kepala Desa
1702, Kasimpar,Wanayasa,Agung Sabdo N,"Banjarnegara, 24 Agustus 1992",Desa Kasimpar RT 04 RW 02,082242392914,SMA,2021,141/25/ TAHUN 2021,Kepala Dusun II
1703, Kasimpar,Wanayasa,Gunawan CTA,"Banjarnegara, 08 November 1978",Desa Kasimpar RT 06 RW 02,085227438608,SMA,2017,085227438608,Kepala Urusan TU dan Umum
1704, Kasimpar,Wanayasa,Puspita Arumsari,"Banjarnegara, 24 Juni 1992",Desa Kasimpar RT 08 RW 03,085228616297,S1,2017,141.31/02 Tahun 2017,Sekretaris Desa
1705, Kasinoman,Kalibening,RAHYONO,BANJARNEGARA 4 MARET 1980,KASINOMAN RT 004 RW 002,081333130210,SMA,2016,141/05/2016,KADUS 2
1706, Kasinoman,Kalibening,MISTO,BANJARNEGARA 30 JULI 1976,KASINOMAN RT 001 RW 003,082313324130,SMA,2016,141/05/2016,KADUS 3
1707, Kasinoman,Kalibening,HARSONO,BANJARNEGARA 1 JULI 1965,KASINOMAN RT 002 RW 004,081225385511,SMA,2016,141/05/2016,KADUS 4
1708, Kasinoman,Kalibening,WAKHYUDIN,BANJARNEGARA 5 JULI 1986,DESA KASINOMAN RT 001 RW 001,082136471532,SMA,2016,141/05/2016,KASI KESEJAHTERAAN
1709, Kasinoman,Kalibening,SAMBARI,BANJARNEGARA 18 JUNI 1972,DESA KASINOMAN RT 002 RW 001,081233642425,SMA,2016,141/05/2016,KASI PELAYANAN
1710, Kasinoman,Kalibening,IDRIS,BANJARNEGARA 1 FEBRUARI 1976,Desa Kasinoman RT 003 RW 001,082220776628,SMA,2016,141/05/2016,KASI PEMERINTAHAN
1711, Kasinoman,Kalibening,ANIAH,BANJARNEGARA 5 MEI 1995,DESA KASINOMAN RT 002 RW 001,085213606244,SMA,2017,141/34/2017,KAUR KEUANGAN
1712, Kasinoman,Kalibening,AHWANUDIN,BANJARNEGARA 24 APRIL 1967,Desa Kasinoman RT 003 RW 001,081000000000,SMA,2016,141/05/2016,KAUR PERENCANAAN
1713, Kasinoman,Kalibening,SUYONO,BANJARNEGARA 21 FEBRUARI 1969,DESA KASINOMAN RT 001 RW 001,081000000000,SMA,2016,141/05/2016,KAUR TU &amp; UMUM
1714, Kasinoman,Kalibening,TRIMO,BANJARNEGARA 20 MARET 1974,DESA KASINOMAN RT 004 RW 001 KEC. KALIBENING KAB. BANJARNEGARA,081357906783,SMA,2019,141.1/1067/2019,Kepala Desa
1715, Kasinoman,Kalibening,SODIKIN,BANJARNEGARA 2 APRIL 1985,DESA KASINOMAN RT 003 RW 001 KEC KALIBENING KAB BANJARNEGARA,082135906363,S-1,2017,141/34/2017,SEKRETARIS DESA
1716, Kasinoman,Kalibening,SARIF SETIAWAN,"Banjarnegara, 18 Januari 2000","KASINOMAN, RT. 04 RW. 02",083849109070,SMA,2023,140/1308 TAHUN 2023,ANGGOTA
1717, Kasinoman,Kalibening,NUR KHOLIS,"Banjarnegara, 11 November 1993","KASINOMAN, RT 03 RW 04",085878284480,SLTP,2023,140/1308 TAHUN 2023,ANGGOTA
1718, Kasinoman,Kalibening,ZAIDIN,"Banjarnegara, 26 Mei 1995","KASINOMAN, RT. 04 RW. 03",0823-1307-2919,SMA,2023,140/1308 TAHUN 2023,ANGGOTA
1719, Kasinoman,Kalibening,WALUYO,"Banjarnegara, 13 Januari 1990","KASINOMAN, RT 01 RW 04",0858-0336-5347,SLTP,2023,140/1308 TAHUN 2023,ANGGOTA
1720, Kasinoman,Kalibening,ROFIK ILAHI,"Banjarnegara, 28 Oktober 1985","KASINOMAN, RT. 01 RW. 01",0858-0854-3676,SMA,2023,140/1308 TAHUN 2023,KETUA
1721, Kasinoman,Kalibening,RILAH ROHAYANTI,"Banjarnegara, 24 Agustus 1992","KASINOMAN, RT. 01 RW. 01",0852-2637-8788,S-1,2023,140/1308 TAHUN 2023,SEKRETARIS
1722, Kasinoman,Kalibening,SISWANTORO,"Banjarnegara, 28 Oktober 1985","KASINOMAN, RT. 04 RW. 01",0812-9692-4825,SLTP,2023,140/1308 TAHUN 2023,WAKIL KETUA
1723, Kasmaran,Pagentan,KHAYAN HARSONO,"BANJARNEGARA, 24-06-1967",Kasmaran RT 04 RW 02,085385349409,SMP,2016,141/05/2016,KADUS 1
1724, Kasmaran,Pagentan,SUMARTO SOPYAN,"BANJARNEGARA, 21-07-1969",Kasmaran,085385349401,SMP,2016,141/06/2016,KADUS 2
1725, Kasmaran,Pagentan,IRNAWAN,"BANJARNEGARA, 26-12-1996",Kasmaran RT 02 RW 03,082135976267,SLTA,2017,141/12/2017,KADUS 3
1726, Kasmaran,Pagentan,HARYANTO,"BANJARNEGARA, 29-11-1987",Kasmaran RT 02 RW 01,085288492921,S1,2016,141/04/2016,KASI KESEJAHTERAAN
1727, Kasmaran,Pagentan,NUR NILA APRILIANI,"BANJARNEGARA, 08-04-1989",Kasmaran RT 01 RW 01,083109415938,SLTA,2017,141/11/2017,KASI PELAYANAN
1728, Kasmaran,Pagentan,MIFTACHUL MUHAJIRIN,"BANJARNEGARA, 19-03-1972",Kasmaran RT 03 RW 01,085292359357,SMP,2016,141/07/2016,KASI PEMERINTAHAN
1729, Kasmaran,Pagentan,SURATNO,"BANJARNEGARA, 06-07-1985",Kasmaran RT 02 RW 01,085641690296,SMA,2016,141/08/2016,KAUR KEUANGAN
1730, Kasmaran,Pagentan,SUPARSUM,"BANJARNEGARA, 08-06-1972",Kasmaran RT 01 RW 02,085292604136,SMP,2016,141/01/2016,KAUR PERENCANAAN
1731, Kasmaran,Pagentan,ENDRO,"BANJARNEGARA, 28-11-1971",Kasmaran RT 03 RW 03,085213945071,S1,2019,"141,1/1118/2019",Kepala Desa
1732, Kasmaran,Pagentan,SEPUT FERIANTO,"BANJARNEGARA, 15-01-1990",Kasmaran RT 04 RW 01,081226307123,D3,2017,141/10/2017,Sekertaris Desa
1733, Kasmaran,Pagentan,TARSONO,"BANJARNEGARA, 01-06-1969",Kasmaran RT 05 RW 04,-,SMP,2016,141/08/2016,STAFF TU DAN UMUM
1734, Kasmaran,Pagentan,Ahmad Salim,"Banjarnegara, 06-03-1979",Kasmaran RT 04/02,082008493329,SLTP,2023,140/1553 Tahun 2023,Anggota bidang Pembangunan Dan Pemberdayaan Masyar
1735, Kasmaran,Pagentan,Taufik Hidayat,"Banjarnegara, 10-01-1990",Kasmaran RT 03/04,081358963086,SLTA,2023,140/1553 Tahun 2023,Anggota bidang Penyelenggaraan pemerintah Desa
1736, Kasmaran,Pagentan,Sutoyo,"Banjarnegara, 04-06-1992",Kasmaran RT 06/04,082133188571,SLTA,2023,140/1553 Tahun 2023,Ketua bidang Pembangunan dan pemberdayaan masyarak
1737, Kasmaran,Pagentan,"Sutamaji, S.Pd.SD","Banjarnegara, 26-01-1978",Kasmaran RT 01/01,085291350390,S1,2023,140/1553 Tahun 2023,Ketua bidang Penyelenggaraan Pemerintah Desa
1738, Kasmaran,Pagentan,Muhajir Tusir,"Banjarnegara, 12-04-1968",Kasmaran RT 02/02,081327655096,SLTP,2023,140/1553 Tahun 2023,Ketua BPD
1739, Kasmaran,Pagentan,"Iin Daryati, S.Pd SD","Banjarnegara, 24-06-1982",Kasmaran RT 02/01,082325050072,S1,2023,29/12/2023,Sekretaris BPD
1740, Kasmaran,Pagentan,Pawit,"Banjarnegara, 25-10-1976",Kasmaran RT 03/03,085803571417,SLTP,2023,140/1553 Tahun 2023,Wakil Ketua BPD
1741, Kayuares,Pagentan,AGUS SETIAWAN,"Banjarnegara, 16-05-1995","DESA KAYUARES, RT 02 RW 02",082323688732,SLTA,2020,141/34 Tahun 2020,KADUS 1
1742, Kayuares,Pagentan,SURAMIN,"Banjarnegara, 04-10-1971","DESA KAYUARES, RT 04 RW 02",082225147806,SLTA,1995,141/06 Tahun 1995,KADUS 2
1743, Kayuares,Pagentan,WANIDI,"Banjarnegara, 08-05-1980","DESA KAYUARES, RT 04 RW 03",081228668898,SLTA,2012,141/083 Tahun 2012,KADUS 3
1744, Kayuares,Pagentan,PRIYANTO,"Banjarnegara, 10-09-1968","DESA KAYUARES, RT 04 RW 03",082312247176,SLTA,2007,141/79 Tahun 2007,KASI KESRA
1745, Kayuares,Pagentan,SOFAN,"Banjarnegara, 17-03-1983","DESA KAYUARES, RT 02 RW 02",085281203483,SLTA,2007,141/79 Tahun 2007,KASI PELAYANAN
1746, Kayuares,Pagentan,LELI LISTIYANI,"Banjarnegara, 10-03-1995","DESA KAYUARES, RT 04 RW 02",082144424224,SLTA,2020,141/31 Tahun 2020,KASI PEMERINTAHAN
1747, Kayuares,Pagentan,TURAHMAN,"Banjarnegara, 01-08-1977","DESA KAYUARES, RT 04 RW 02",082151544816,SLTA,2000,141/80 Tahun 2000,KAUR KEUANGAN
1748, Kayuares,Pagentan,GIDI,"Banjarnegara, 13-02-1980","DESA KAYUARES, RT 03 RW 03",082226337710,SLTA,2020,141/32 Tahun 2020,KAUR PERENCANAAN
1749, Kayuares,Pagentan,DIDIK PRASTIANTO,"Banjarnegara, 05-10-1988","DESA KAYUARES, RT 01 RW 01",082312529629,SLTA,2020,141/33 Tahun 2020,KAUR TU &amp; UMUM
1750, Kayuares,Pagentan,KODAM,"BANJARNEGARA, 09-05-1981","DESA KAYUARES, RT 04 RW 02",081391996672,SLTA,2019,141/1124 Tahun 2019,KEPALA DESA
1751, Kayuares,Pagentan,ISYUDANA,"Klaten, 18-10-1972","DESA KAYUARES, RT 02 RW 01",082138633693,SLTA,2007,141/80 Tahun 2007,SEKRETARIS DESA
1752, Kayuares,Pagentan,PONADI,"Banjarnegara, 03 Januari 1981",KAYUARES RT 01 RW 01,081330382392,SLTP,2023,140/1550 Tahun 2023,Kabid Pembangunan dan Pemberdayaan Masyarakat
1753, Kayuares,Pagentan,TITININGSIH,"Banjarnegara, 02 Februari 1989",KAYUARES RT 04 RW 03,083840792182,SLTP,2023,140/1550 Tahun 2023,Kabid Penyelenggaraan Pemerintah dan Pembinaan Kem
1754, Kayuares,Pagentan,SUROYO,"Banjarnegara, 11 Februari 1957",KAYUARES RT 04 RW 02,-,SLTP,2023,140/1550 Tahun 2023,Ketua BPD
1755, Kayuares,Pagentan,WAHYU SUPRIHATIN,"Banjarnegara, 06 Februari 1989",KAYUARES RT 01 RW 02,081311357078,SLTP,2023,140/1550 Tahun 2023,Sekretaris BPD
1756, Kayuares,Pagentan,HIDUL FITRIYATNO,"Banjarnegara, 03 September 1978",KAYUARES RT 01 RW 02,'085227633817,S-2,2023,140/1550 Tahun 2023,Wakil Ketua
1757, Kebakalan,Mandiraja,MULYONO,"BANJARNEGARA, 11-01-1975","DESA KEBAKALAN, RT 003 RW 002, KECAMATAN MANDIRAJA, KABUPATEN BANJARNEGARA",081390877552,SLTA,2017,01 TAHUN 2017,KASI KESEJAHTERAAN
1758, Kebakalan,Mandiraja,TAUFIQ,"BANJARNEGARA, 06-03-1970","DESA KEBAKALAN, RT 002 RW 002, KECAMATAN MANDIRAJA, KABUPATEN BANJARNEGARA",082314134414,SLTP,2017,01 TAHUN 2017,KASI PELAYANAN
1759, Kebakalan,Mandiraja,ITSNA FARKHATUN WALIDAH,"BANJARNEGARA, 16 MEI 1998",DESA KEBAKALAN RT 03 RW 03 KECAMATAN MANDIRAJA KABUPATEN BANJARNEGARA,085743925217,S1,2021,141/56 TAHUN 2021,KASI PEMERINTAHAN
1760, Kebakalan,Mandiraja,INTAN AYUNINGSIH,"MAGELANG, 06-11-1988",DESA KEBAKALAN RT 01 RW 03 KECAMATAN MANDIRAJA KABUPATEN BANJARNEGARA,085728958818,S1,2017,140/12 TAHUN 2017,KAUR KEUANGAN
