No,Nama ,Kecamatan,Nama Lengkap,TTL,Alamat,Telepon,Pendidikan,Diangkat,No SK,Jabatan
4021, Tempuran,Wanayasa,HARWATI,"Banjarnegara, 20 September 1971",Tempuran RT 03 RW 02,085227767980,SMA,2017,141/1/2017,Kepala Dusun II
4022, Tempuran,Wanayasa,SUROSO,"Banjarnegara, 29 Januari 1972",Tempuran RT 04 RW 03,082310783936,SMA,2017,141/1/2017,Kepala Dusun III
4023, Tempuran,Wanayasa,SUKIRNO,"Banjarnegara, 17 Februari 1972",Tempuran RT 02 RW 03,085227812199,SMA,2017,141/1/2017,Kepala Seksi Kesejahteraan
4024, Tempuran,Wanayasa,SUPONO,"Banjarnegara, 8 Juni 1965",Tempuran RT 02 RW 02,083161769238,SMA,2017,141/1/2017,Kepala seksi Pelayanan
4025, Tempuran,Wanayasa,ANWARI,"Banjarnegara, 12 Agustus 1974",Tempuran RT 02 RW 01,082226837243,SMA,2017,141/1/2017,Kepala Seksi Pemerintahan
4026, Tempuran,Wanayasa,MUJI SRI RAHAYU,"Banjarnegara, 5 Maret 1978",Tempuran RT 05 RW 01,085227448936,SMA,2018,141/14/2018,Kepala Urusan Keuangan
4027, Tempuran,Wanayasa,ADI ESMAWAN,"Banjarnegara, 24 Juni 1993",Tempuran RT 05 RW 02,082328465958,S1,2019,141/8/2019,Kepala Urusan Perencanaan
4028, Tempuran,Wanayasa,NANO ISTANTO,"Banjarnegara, 2 Juni 1997",Tempuran RT 02 RW 03,081259936769,SMA,2019,141/8/2019,Kepala urusan Tata Usaha dan Umum
4029, Tempuran,Wanayasa,IWAN SETIAWAN,"Banjarnegara, 12 Januari 1986",Tempuran RT 03 RW 02,085643081275,SMA,2018,141/14/2018,Sekretaris Desa
4030, Tempuran,Wanayasa,Dewi Rusanti,"Banjarnegara, 05 Agustus 2000",Tempuran RT 02 RW 03,085640277967,SMA,2024,400.10.2/1074 TAHUN 2024,Anggota BPD
4031, Tempuran,Wanayasa,"Faradila Rizki Suryani,S.Pd.","Banjarnegara, 01 Juli 1993",Tempuran RT 03 RW 02,082324484164,S1,2024,400.10.2/1074 TAHUN 2024,Anggota BPD
4032, Tempuran,Wanayasa,Budi Sutomo,"Banjarnegara, 05 Oktober 1995",Tempuran RT 04 RW 03,082323920968,SMP,2024,400.10.2/1074 TAHUN 2024,Anggota BPD
4033, Tempuran,Wanayasa,"Dodik Bintoro,S.P.d.","Banjarnegara, 21 Maret1985",Tempuran RT 06 RW 01,085640771129,S1,2024,400.10.2/1074 TAHUN 2024,Ketua BPD
4034, Tempuran,Wanayasa,Rochayati Nur Amanah,"Banjarnegara, 05 Juli 1989",Tempuran RT 03 RW 03,085702439921,SMA,2024,400.10.2/1074 TAHUN 2024,Sekretaris BPD
4035, Tempuran,Wanayasa,Supriyono,"Batang, 04 juli 1976",Tempuran RT 04 RW 02,081299619429,SMP,2024,400.10.2/1074 TAHUN 2024,Wakil Ketua BPD
4036, Tlaga,Punggelan,GIMAN,"BANJARNEGARA, 26 FEBRUARI 1968",DESA TLAGA RT 06 RW 03,082124364012,DII,2016,142.2/13/XII/2016,2016-2028
4037, Tlaga,Punggelan,SUKRON,"BANJARNEGARA, 06 DESEMBER 1971",DESA TLAGA RT 03 RW 02,081215513632,SLTP,2016,142.2/13/XII/2016,2016-2031
4038, Tlaga,Punggelan,KASWAN,"BANJARNEGARA, 01 FEBRUARI 1973",DESA TLAGA RT 01 RW 05,082138930642,SLTP,2016,142.2/13/XII/2016,2016-2032
4039, Tlaga,Punggelan,SUTRISNO,"BANJARNEGARA, 14 MARET 1973",DESA TLAGA RT 03 RW 02,082324409023,SMA,2016,142.2/13/XII/2016,2016-2033
4040, Tlaga,Punggelan,MIHRODIN,"BANJARNEGARA, 20 JUNI 1987",DESA TLAGA RT 01 RW 03,082329321395,SLTP,2016,142.2/13/XII/2016,2016-2047
4041, Tlaga,Punggelan,NUR HASANAH,"BANJARNEGARA, 21 APRIL 1986",DESA TLAGA RT 07 RW 01,081210117448,SMA,2017,141.4/11/2017,2017-2046
4042, Tlaga,Punggelan,WARYONO,"BANJARNEGARA, 09 SEPTEMBER 1988",DESA TLAGA RT 04 RW 05,082243059878,SMA,2017,141.2/11/2017,2017-2048
4043, Tlaga,Punggelan,TOYIB,"BANJARNEGARA, 03 DESEMBER 1993",DESA TLAGA RT 01 RW 05,081228375900,SMA,2017,141.1/11/2017,2017-2052
4044, Tlaga,Punggelan,FITRIYANI  MUTMAINAH,"BANJARNEGARA, 26 MEI 1994",DESA TLAGA RT 07 RW 01,082136359565,SMA,2017,141.3/11/2017,2017-2053
4045, Tlaga,Punggelan,LESTANTO,"BANJARNEGARA, 12 SEPTEMBER 1986",DESA TLAGA RT 03 RW 03,082322268720,SLTP,2019,2.41.1/973/2019,2019-2027
4046, Tlaga,Punggelan,DESY INDAH PANGESTUTI,"BANJARNEGARA, 19 DESEMBER 1995",DESA TLAGA RT 05 RW 01,081228794343,S1,2020,141/23/TAHUN 2020,2020-2054
4047, Tlaga,Punggelan,TOFIK,"BANJARNEGARA, 28 JANUARI 1999",DESA TLAGA RT 04 RW 06,082310601430,S1,2020,141/24/TAHUN 2020,2020-2059
4048, Tlaga,Punggelan,FATULLOH,"BANJARNEGARA, 10 FEBRUARI 1982",DESA TLAGA RT 04 RW 02,081390598677,SMA,2023,140/1495/2023,2023-2029
4049, Tlaga,Punggelan,JIMO,"BANJARNEGARA, 10 NOVEMBER 2000",DESA TLAGA RT 01 RW 05,082323437104,SLTP,2023,140/1495/2023,2023-2029
4050, Tlaga,Punggelan,MANTO,"BANJARNEGARA, 05 FEBRUARI 1988",DESA TLAGA RT 03 RW 03,081289687779,SLTP,2023,140/1495/2023,2023-2029
4051, Tlaga,Punggelan,RISODIYANTO,"BANJARNEGARA, 27 AGUSTUS 1999",DESA TLAGA RT 05 RW 03,082223533121,SMA,2023,140/1495/2023,2023-2029
4052, Tlaga,Punggelan,SUKIRMAN,"BANJARNEGARA, 01 JANUARI 1970",DESA TLAGA RT 02 RW 01,081329546447,SMA,2023,140/1495/2023,2023-2029
4053, Tlaga,Punggelan,YAHYA SOLEHAN,"BANJARNEGARA, 06 MEI 1994",DESA TLAGA RT 03 RW 02,082322440024,SMA,2023,140/1495/2023,2023-2029
4054, Tlaga,Punggelan,YANTO,"BANJARNEGARA, 14 JULI 1986",DESA TLAGA RT 03 RW 06,085138069748,SLTP,2023,140/1495/2023,2023-2029
4055, Tlaga,Punggelan,MUHAMAD HASAN,"BANJARNEGARA,25 AGUSTUS 2000",DESA TLAGA RT 01 RW 04,085135936084,SLTP,2023,140/1495/2023,2023-2029
4056, Tlaga,Punggelan,TUGINAH,"BANJARNEGARA, 05 OKTOBER 1986",DESA TLAGA RT 02 RW 03,081390502178,SMA,2023,140/1495/2023,2023-2029
4057, Tlagawera,Banjarnegara,NUR ROHMAN,"Banjarnegara, 02/05/1968",Sipoh 1/1,087716591182,SMA,2002,141/02/2002,KADUS I
4058, Tlagawera,Banjarnegara,SUPENO,"Banjarnegara, 9/05/1966",Tlaga 1/2,087717170194,SMA,2002,141/02/2002,KADUS II
4059, Tlagawera,Banjarnegara,HARDIONO,"Banjarnegara, 24/02/1979",Batur 1/3,083190553259,SMA,2012,141/011/2012,KADUS III
4060, Tlagawera,Banjarnegara,ENDANG SUSILOWATI,"Banjarnegara, 14/11/1982",Duglig 3/4,082135600614,S1,2017,17/2017,KADUS IV
4061, Tlagawera,Banjarnegara,KHOZIN AHMAD ATUN,"Banjarnegara, 10/07/1966",Wirasari 1/5,085641811780,SMP,2011,141/01/2011,KADUS V
4062, Tlagawera,Banjarnegara,BENNY HIDAYAT,"Banjarnegara, 14/03/1971",Gemawang 3/3,087777798636,SMA,2002,141/02/2002,Kasi Kesejahteraan
4063, Tlagawera,Banjarnegara,MUTOHAR,"Banjarnegara, 10/08/1974",Lemahduwur 3/1,081329086096,SMA,2012,141/011/2012,Kasi Pelayanan
4064, Tlagawera,Banjarnegara,MUKIYAH,"Banjarnegara, 06/01/1983",Gemawang 3/3,085291170880,SMA,2012,141/011/2012,Kasi Pemerintahan
4065, Tlagawera,Banjarnegara,DWI LINA RAHAYU,"Banjarnegara, 25/08/1990",Tlaga 2/2,085713989982,S1,2017,17/2017,Kaur Keuangan
4066, Tlagawera,Banjarnegara,RADAM,"Banjarnegara, 01/04/1967",Tlaga 2/2,085225601372,SMA,2002,141/02/2002,Kaur Perencanaan
4067, Tlagawera,Banjarnegara,SITI NGAISAH,"Banjarnegara, 01/01/1980",Sokawera 2/3,082242982322,D2,2002,141/02/2002,Kaur TU Dan Umum
4068, Tlagawera,Banjarnegara,GUNAWAN WAHYU SUDRAJAT,"Banjarnegara,04/06/1992",Warakan 4/3,081391060814,SMA,2019,141.1/981/2013,Kepala Desa
4069, Tlagawera,Banjarnegara,FERRY FEBRIANTO,"Banjarnegara, 06 /02/1989",Tlaga 2/2,081548517422,S2,2018,22 /2018,Sekretaris Desa
4070, Tlagawera,Banjarnegara,USWATUN CHASANAH,"Banjarnegara, 11 Januari 1994",Tlagawera RT 1 RW 2,085185012992,SMA,2023,140/1425 Tahun 2023,Anggota
4071, Tlagawera,Banjarnegara,ROSALINA,"Banjarnegara, 2 Maret 1998",Tlagawera RT 4 RW 4,083866119971,SMA,2023,140/1425 Tahun 2023,Anggota
4072, Tlagawera,Banjarnegara,LATIF AKHMAD,"Banjarnegara, 14 April 1988",Tlagawera RT 1 RW 1,081227104599,SMA,2023,140/1425 Tahun 2023,Anggota
4073, Tlagawera,Banjarnegara,FRESI LUVIANA,"Banjarnegara, 28 Juni 2002",Tlagawera RT 1 RW 5,085878283229,SMA,2023,140/1425 Tahun 2023,Anggota
4074, Tlagawera,Banjarnegara,MUSLIHUDIN,"Banjarnegara, 25 Februari 1981",Tlagawera RT 4 RW 4,083865283186,SMP,2023,140/1425 Tahun 2023,Ketua BPD
4075, Tlagawera,Banjarnegara,MAYA NUR KHASANAH,"Banjarnegara, 31 Maret 1994",Tlagawera RT 2 RW 3,088221297646,S1,2023,140/1425 Tahun 2023,Sekretaris
4076, Tlagawera,Banjarnegara,RINO,"Banjarnegara, 21 Juni 1998",Tlagawera RT 3 RW 1,082137374948,SMA,2023,140/1425 Tahun 2023,Wakil ketua
4077, Tlahab,Pejawaran,Slamet Harnoto,"Banjarnegara, 1 Januari 1966","Tlahab, RT 003 RW 001",082223532696,SMP,2016,141.32/20/2016,Kadus 1
4078, Tlahab,Pejawaran,Slamet,"Banjarnegara, 12 Februari 1980","Tlahab, RT 002 RW 002",082226960091,SMA,2016,141.32/20/2016,Kadus 2
4079, Tlahab,Pejawaran,Supriyadi,"Banjarnegara, 26 Desember 1991","Tlahab, RT 003 RW 002",083863870180,SMA,2017,141.32/08/2017,Kasi Kesejahteraan
4080, Tlahab,Pejawaran,Jumal,"Banjarnegara, 2 Juli 1973","Tlahab, RT 004 RW 001",085328597216,SMP,2016,141.32/20/2016,Kasi Pelayanan
4081, Tlahab,Pejawaran,Hendriyanto,"Banjarnegara, 3 Februari 1995","Tlahab, RT 005 RW 001",085848602952,S1,2020,141.29/17/2020,Kasi Pemerintahan
4082, Tlahab,Pejawaran,Burham,"Banjarnegara, 3 April 1974","Tlahab, RT 001 RW 002",085329453130,SMA,2016,141.32/20/2016,Kaur Keuangan
4083, Tlahab,Pejawaran,Yayan,"Banjarnegara, 29 Desember 1994","Tlahab, RT 002 RW 001",085339419994,SMA,2025,141/37/Tahun 2025,Kaur Perencanaan
4084, Tlahab,Pejawaran,Pahrudin,"Banjarnegara, 10 November 1969","Tlahab, RT 002 RW 001",082350119336,SMA,2016,141.32/20/2016,Kaur TU dan Umum
4085, Tlahab,Pejawaran,Mulyono,"Banjarnegara, 12 Mei 1972","Tlahab, RT 003 RW 001",085327222544,SMA,2024,400.10.2/915 Tahun 2024,Kepala Desa
4086, Tlahab,Pejawaran,Slamet Santoso,"Banjarnegara, 21 Mei 1991","Tlahab, RT 002 RW 002",081915014514,SMA,2017,141.32/07/2017,Sekretaris Desa
4087, Tlahab,Pejawaran,Fikri Maulana,"Banjarnegara, 04 November 2001","Tlahab, RT 003 RW 002",089696294958,SMA,2023,140/754/Kec.Pjr/2023,Anggota
4088, Tlahab,Pejawaran,Arif Almainun,"Banjarnegara, 09 Januari 1992","Tlahab, RT 004 RW 002",085229502885,SMP,2023,140/757/Kec.Pjr/2023,Ketua
4089, Tlahab,Pejawaran,Badriyah,"Banjarnegara, 18 Februari 1996","Tlahab, RT 003 RW 001",081215404362,SMA,2023,140/755/Kec.Pjr/2023,Sekretaris
4090, Tlahab,Pejawaran,Firda Nurahmawati,"Banjarnegara, 24 Juli 1998","Tlahab, RT 004 RW 001",087717172233,SMA,2023,140/758/Kec.Pjr/2023,Wakil Ketua
4091, Tribuana,Punggelan,ENGLAN AJI NUGROHO,"Banjarnegara, 30 Oktober 1990","Desa Tribuana, RT. 04 RW. 01",082170780993,SLTA,2018,141.32/29 Tahun 2018,KADUS 1 TRISI
4092, Tribuana,Punggelan,SUDARNO,"Banjarnegara, 31 Juli 1970","Desa Tribuana, RT. 02 RW. 02",085333531183,SLTA,2013,141/01 Tahun 2017,KADUS 2 KEMPUL
4093, Tribuana,Punggelan,IMAM MUNTAKO,"Banjarnegara, 28 Mei 1981","Desa Tribuana, RT. 04 RW. 03",085290655350,SLTA,2017,141.3/21/XII/2017,KADUS 3 MERTAINA
4094, Tribuana,Punggelan,SOFAN RIZA HANAFI,"Banjarnegara, 6 Juni 1995","Desa Tribuana, RT. 02 RW. 04",085640989656,SLTA,2025,141.31/17/Tahun 2025,KADUS 4 TEGALSARI
4095, Tribuana,Punggelan,JARWONO,"Semarang, 13 Juni 1978","Desa Tribuana, RT. 05 RW. 02",08562657278,SLTA,2018,141/33/ TAHUN 2023,KASI KESEJAHTERAAN
4096, Tribuana,Punggelan,ENDAH DWI ANGGRAENI,"Banjarnegara, 16 Mei 1989","Desa Tribuana, RT. 03 RW. 04",081390806086,SLTA,2018,141/33 TAHUN 2023,KASI PELAYANAN
4097, Tribuana,Punggelan,TULIHAN,"Banjarnegara, 16 Juli 1966","Desa Tribuana, RT. 07 RW. 01",082138633275,SLTA,2013,141/01 Tahun 2017,KASI PEMERINTAHAN
4098, Tribuana,Punggelan,TATAS SETYANI,"Banjarnegara, 8 Januari 1986","Desa Tribuana, RT. 01 RW. 04",085778667708,S1,2017,141.3/21/XII/2017,KAUR KEUANGAN
4099, Tribuana,Punggelan,SYARIF NUR ROHMAN,"Banjarnegara, 23 Juli 1997","Desa Tribuana, RT. 03 RW. 02",0895353312612,S1,2025,141.31/18/Tahun 2025,KAUR PERENCANAAN
4100, Tribuana,Punggelan,AZIZAH SETYAWATI,"Banjarnegara, 16 Oktober 1983","Desa Tribuana, RT. 03 RW. 04",082242327704,SLTA,2021,141/50 Tahun 2021,KAUR TU &amp; UMUM
4101, Tribuana,Punggelan,ERRY TRI HERTANTO,"Banjarnegara, 26 Maret 1974","Desa Tribuana, Rt. 05 RW. 01",081391006577,D3,2019,141.1/1094 Tahun 2019,KEPALA DESA
4102, Tribuana,Punggelan,ARI YULIANTO,"Banjarnegara, 5 Juni 1986","Desa Tribuana, Rt. 05 RW. 01",082136786272,S1,2017,141.31/21/IX/2017,SEKDES
4103, Tribuana,Punggelan,SUSANTI DWI HARYANI,"Banjarnegara, 09 Februari 1976",Desa Tribuana  RT 02 RW 02,085600203200,D2,2023,140/ 1305/ Tahun 2023,Anggota
4104, Tribuana,Punggelan,MASNGUD,"Banjarnegara, 12 Oktober 1972",Desa Tribuana  RT 01 RW 02,082313177743,SLTA,2023,140/ 1305/ Tahun 2023,Anggota
4105, Tribuana,Punggelan,WARJITO,"Purbalingga, 12 April 1985",Desa Tribuana  RT 02 RW 02,085290430304,SLTA,2023,140/ 1305/ Tahun 2023,Anggota
4106, Tribuana,Punggelan,SITI ATIQOH,"Banjarnegara, 12 Juli 1982",Desa Tribuana  RT 04 RW 03,081390837957,SLTA,2023,140/ 1305/ Tahun 2023,Anggota
4107, Tribuana,Punggelan,MUHLIS GUYIT SETIYONO,"Banjarnegara, 27 Juli 1972",Desa Tribuana RT 05 RW 01,085640375647,S1,2023,140/ 1305/ Tahun 2023,Ketua
4108, Tribuana,Punggelan,HAZIN RIDLOWI,"Banjarnegara, 14 Oktober 1973",Desa Tribuana  RT 04 RW 01,085728573332,D3,2023,140/ 1305/ Tahun 2023,sekretaris
4109, Tribuana,Punggelan,"SULIYAH, S.PD.I, M.PD","Banjarnegara, 05 Agustus 1977",Desa Tribuana  RT 03 RW 04,081392143668,S1,2023,140/ 1305/ Tahun 2023,wakil ketua
4110, Tunggara,Sigaluh,GITO,"Banjarnegara, 10-09-1966",Desa Tunggara RT 002 RW 001,081226476525,SMA,2017,141/03/2017,KADUS I
4111, Tunggara,Sigaluh,RAHAYU EKOWATI,"Surakarta, 29-06-1969",Desa Tunggara RT 005 RW 002,085227807441,SMA,2017,141/03/2017,KADUS II
4112, Tunggara,Sigaluh,SUGENG PRIHANTO,"Banjarnegara, 18-12-1979",Desa Tunggara RT 001 RW 001,082135982015,SMA,2017,141/03/2017,KASI KESEJAHTERAAN
4113, Tunggara,Sigaluh,SUPANGAT,"Banjarnegara, 21-02-1985",Desa Tunggara RT 002 RW 001,085385152300,S1,2017,141/03/2017,KASI PELAYANAN
4114, Tunggara,Sigaluh,SURATNO,"Banjarnegara, 22-12-1978",Desa Tunggara RT 003 RW 002,085227882511,SMA,2017,141/03/2017,KASI PEMERINTAHAN
4115, Tunggara,Sigaluh,FINI FAIDAH,"Banjarnegara, 10-10-1995",Desa Tunggara RT 003 RW 002,082134538087,SMA,2017,141/14/2017,KAUR KEUANGAN
4116, Tunggara,Sigaluh,RUKOYAH,"Banjarnegara, 22-10-1982",Desa Tunggara RT 002 RW 001,083831188818,SMA,2017,141/14/2017,KAUR PERENCANAAN
4117, Tunggara,Sigaluh,BUDIANTO,"Banjarnegara, 11-01-1981",DESA TUNGGARA RT 001 RW 002,082138630600,SMA,2017,141/14/2017,KAUR TU dan UMUM
4118, Tunggara,Sigaluh,TUNGGUL TRI WASONO,"Banjarnegara, 08-05-1984",Desa Tunggara RT 002 RW 002,082240931522,SMA,2019,141.1/1003/2019,KEPALA DESA
4119, Tunggara,Sigaluh,BUDI RAHAYU,"Banjarnegara, 01-01 1981",Desa Tunggara RT 003 RW 002,081227565564,SMA,2017,141/14/2017,SEKRETARIS DESA
4120, Tunggara,Sigaluh,YAYUK SUHARYANTI,"BANJARNEGARA, 1 MEI 1983",TUNGGARA RT 02 RW 01,085799233938,SMA,2021,140/52 TAHUN 2021,ANGGOTA
4121, Tunggara,Sigaluh,RISKI SIDIK ALFIYANTO,"Banjarnegara,21 November 2000",Tunggara RT 02 RW 02,085878337006,SMA,2021,140/52 TAHUN 2021,ANGGOTA
4122, Tunggara,Sigaluh,EKA DIDAH ARJAYANTI,"MAGELANG, 11 JANUARI 1988",TUNGGARA RT 06 RW 02,085337373262,SMA,2021,140/52 TAHUN 2021,ANGGOTA
4123, Tunggara,Sigaluh,PURWANTO,"Banjarnegara, 3 september 1981",Tunggara RT 05 RW 02,082325619090,SMA,2021,140/52 TAHUN 2021,ANGGOTA
4124, Tunggara,Sigaluh,MULYANI,"WONOSOBO, 12 JULI 1965",TUNGGARA RT 05 RW 02,081391178045,D.IV,2021,140/52 TAHUN 2021,KETUA
4125, Tunggara,Sigaluh,BITO,"Banjarnegara,14 juli 1982",Tunggara RT 06 RW 01,082325374444,SMP,2021,140/52 TAHUN 2021,SEKRETARIS
4126, Tunggara,Sigaluh,RACHMAT,"BANJARNEGARA, 5 DESEMBER 1980",TUNGGARA RT 01 RW 01,085291196262,S1,2021,140/52 TAHUN 2021,WAKIL KETUA
4127, Twelagiri,Pagedongan,"ANGGRAENI PUTRI, S.Pd.","BANJARNEGARA, 16 AGUSTUS 1992",TWELAGIRI RT 05 RW 05,08112681692,S1,2019,141.3 / 26 Tahun 2020,BENDAHARA DESA
4128, Twelagiri,Pagedongan,RIFNGATUN HARIRI,"BANJARNEGARA, 31 MARET 1991",TWELAGIRI RT 02 RW 21,082136361844,SMA,2017,141.1/16/II/2020,KASI KESRA
4129, Twelagiri,Pagedongan,"AKPRILIA WIDIASTUTI, S.Pd.","SLEMAN, 06 APRIL 1983",TWELAGIRI RT 03 RW 04,085774556784,S1,2019,141.3/68 Tahun 2019,KASI PELAYANAN
4130, Twelagiri,Pagedongan,"JOKO WIBOWO, S.Kom.","SEMARANG, 04 AGUSTUS 1980",TWELAGIRI RT 01 RW 02,801393040300,S1,2018,141.1/16/II/2020,KASI PEMERINTAHAN
4131, Twelagiri,Pagedongan,GRIYO AHMAD SUTANTO,"BANJARNEGARA, 28 OKTOBER 1988",TWELAGIRI RT 03 RW 01,085798278176,SMA,2020,141.3/26 Tahun 2020,KAUR PERENCANAAN
4132, Twelagiri,Pagedongan,"INDARTO ISHAQ, S.Pd.I","WONOSOBO, 12 APRIL 1979",TWELAGIRI,082300080064,S1,2019,141.1/978/2019,KEPALA DESA
4133, Twelagiri,Pagedongan,"DADANG DAYANTO, S.Kes.","BANJARNEGARA, 10 JUNI 1981",TWELAGIRI RT 03 RW 01,085293286133,S1,2022,141.1/66/VI/2022,KEPALA DUSUN 1 GUNUNGALANG
4134, Twelagiri,Pagedongan,WARJI,"BANJARNEGARA, 27 JUNI 1980",TWELAGIRI RT 06 RW 03,081390434525,SMA,2017,141/13 / Tahun 2017,KEPALA DUSUN 2 SAYANGAN
4135, Twelagiri,Pagedongan,PURNOMO,"BANJARNEGARA, 28 AGUSTUS 1981",TWELAGIRI RT 02 RW 05,082325417900,SMA,2017,141/14 /Tahun 2017,KEPALA DUSUN 3 WANATAWANG
4136, Twelagiri,Pagedongan,SUKIRMAN,"BANJARNEGARA, 17 OKTOBER 1967",TWELAGIRI RT 01 RW 04,089653951704,SMA,2002,141/13 / Tahun 2017,KEPALA DUSUN 4 PAGUTAN
4137, Twelagiri,Pagedongan,SUTANTO,"BANJARNEGARA, 31 MEI 1980",TWELAGIRI RT 03 RW 06,081284097757,SMA,2014,141/14/ Tahun 2017,KEPALA DUSUN 5 SIKELE
4138, Twelagiri,Pagedongan,"FIRDAUS YANUAR, S.H.","BANJARNEGARA, 02 FEBRUARI 1988",TWELAGIRI RT 01 RW 03,085221422770,S1,2017,141.3 / 65 Tahun 2018,SEKRETARIS DESA
4139, Twelagiri,Pagedongan,JOHAN ABIDIN,"BANJARNEGARA, 26 MEI 1982",TWELAGIRI RT 06 RW 03,085227849937,SMA,2023,140/1265/ TAHUN 2023,ANGGOTA
4140, Twelagiri,Pagedongan,SANI HIDAYAH,"BANJARNEGARA, 04 JANUARI 1975",TWELAGIRI RT 03 RW 06,085200819113,SMA,2023,140/1265/ TAHUN 2023,ANGGOTA
4141, Twelagiri,Pagedongan,TEGUH PRIYANTO,"BANJARNEGARA, 26 JUNI 1981",TWELAGIRI RT 04 RW 04,081235040284,SMA,2023,140/1265/ TAHUN 2023,ANGGOTA
4142, Twelagiri,Pagedongan,SAEFURROHMAN,"BANJARNEGARA, 18 JULI 1981",TWELAGIRI RT 03 RW 01,081328886691,SMA,2023,140/1265/ TAHUN 2023,ANGGOTA
4143, Twelagiri,Pagedongan,SILVIA DWI LESTARI,"BANJARNEGARA, 19 DESEMBER 1997",TWELAGIRI RT 02 RW 02,088233522030,SMA,2023,140/1265/ TAHUN 2023,ANGGOTA
4144, Twelagiri,Pagedongan,SURATNO,"BANJARNEGARA, 03 JANUARI 1978",TWELAGIRI RT 01 RW 05,085227973857,SMA,2023,140/1265/ TAHUN 2023,ANGGOTA
4145, Twelagiri,Pagedongan,TUROHMAN,"BANJARNEGARA, 08 OKTOBER 1985",TWELAGIRI RT 02 RW 05,082326429996,SMA,2023,140/1265 TAHUN 2023,KETUA
4146, Twelagiri,Pagedongan,"SITI NURHIDAYATI, S.Pd.","BANJARNEGARA, 22 AGUSTUS 1993",TWELAGIRI RT 01 RW 06,081283852052,S1,2023,140/1265/ TAHUN 2023,SKRETARIS
4147, Twelagiri,Pagedongan,AKHMAD ARIFIN,"BREBES, 01 MEI 1988",TWELAGIRI RT 03 RW 07,085318704044,SMA,2023,140/1265 TAHUN 2023,WAKIL KETUA
4148, Wanacipta,Sigaluh,SURAKHMAN,"BANJARNEGARA,31/01/1975",WANACIPTA RT 02 RW 01,085712242100,SMA,2017,141/6/TH 2017,KASI KESEJAHTERAAN DAN PELAYANAN
4149, Wanacipta,Sigaluh,NURUL SAFITRI,"BANJARNEGARA,04/04/1991",WANACIPTA RT 03 RW 01,085858579472,S1,2019,141/29 TH 2019,KASI PEMERINTAHAN
4150, Wanacipta,Sigaluh,ATINAH,"BANJARNEGARA,25/02/1968",WANACIPTA RT 03 RW 01,085799285669,SMA,2017,141/7/TH 2017,KAUR KEUANGAN
4151, Wanacipta,Sigaluh,SABAR,"BANJARNEGARA,12/03/1984",WANACIPTA RT 02 RW 01,085740131932,SMA,2017,141/10 TH 2017,KAUR UMUM DAN PERENCANAAN
4152, Wanacipta,Sigaluh,MULYATI,"BANJARNEGARA,01/10/1965",WANACIPTA RT 03 RW 01,085292207996,SMA,2023,141/412 TAHUN 2023,KEPALA DESA
4153, Wanacipta,Sigaluh,SURATMIN,"BANJARNEGARA,09/01/1976",WANACIPTA RT 02 RW 01,087790375330,SMA,2017,141/4/TH 2017,KEPALA DUSUN
4154, Wanacipta,Sigaluh,NURLATIF,"BANJARNEGARA,03/04/1989",WANACIPTA RT 02 RW 01,085647848600,S1,2017,141/9/TH 2017,SEKRETARIS DESA
4155, Wanacipta,Sigaluh,DANI RATNA SARI,"BANJARNEGARA,27/10/1992",WANACIPTA RT 02 RW 01,085726218782,S1,2023,140/1216 2023,ANGGOTA
4156, Wanacipta,Sigaluh,MIANA NUR ANISA,"BANJARNEGARA,23/05/2000",WANACIPTA RT 02 RW 01,085848222702,SMA,2023,140/1216 2023,ANGGOTA
4157, Wanacipta,Sigaluh,ROHWANTO,"BANJARNEGARA,28/10/1992",WANACIPTA RT 03 RW 01,085251442600,SMA,2023,140/1216 2023,KETUA
4158, Wanacipta,Sigaluh,EKA SANATUN,"BANJARNEGARA,10/08/1983",WANACIPTA RT 01 RW 01,085743138839,SMP,2023,140/1216 2023,SEKRETARIS
4159, Wanacipta,Sigaluh,SOLICHAH,"BANJARNEGARA,06/08/1982",WANACIPTA RT 03 RW 01,085848238278,SMA,2023,140/1216 2023,WAKIL KETUA
4160, Wanadadi,Wanadadi,SUGENG SUPRIYADI,"BANJARNEGARA, 01 NOVEMBER 1965","WANADADI, RT 001/004 BANJARNEGARA",085227284303,SLTA,2002,141/04 TAHUN 2002,KADUS 1
4161, Wanadadi,Wanadadi,JUMRI NURYANTO,"BANJARNEGARA, 25 JULI 1969","WANADADI, RT 002/001 BANJARNEGARA",082325045675,SLTP,2002,141/04 TAHUN 2002,KADUS 2
4162, Wanadadi,Wanadadi,AKHMAD MU'ALIM,"BANJARNEGARA, 22 DESEMBER 1979","WANADADI, RT 001/005 BANJARNEGARA",081328404123,S1,2020,141/28 TAHUN 2020,KADUS 3
4163, Wanadadi,Wanadadi,AGUS DWI ANTORO,"BANJARNEGARA, 13 AGUSTUS 1975","WANADADI, RT 002/001 BANJARNEGARA",081327243104,SLTA,2017,1d TAHUN 2017,KASI KESEJAHTERAAN
4164, Wanadadi,Wanadadi,SURYANTO,"BANJARNEGARA, 26 JANUARI 1974","WANADADI, RT 001/005 BANJARNEGARA",081327111334,S1,2020,141/28 TAHUN 2020,KASI PELAYANAN
4165, Wanadadi,Wanadadi,MEDYA ESNI OCTARIA KURNIARINI,"BANJARNEGARA, 29 OKTOBER 1990","WANADADI, RT 002/004 BANJARNEGARA",088232092041,SLTA,2017,1f TAHUN 2017,KASI PEMERINTAHAN
4166, Wanadadi,Wanadadi,DHYANA ARI PUSPITA,"BANJARNEGARA, 29 OKTOBER 1981","WANADADI, RT 002/005 BANJARNEGARA",085291744775,D3,2017,1j TAHUN 2017,KAUR KEUANGAN
4167, Wanadadi,Wanadadi,TITIS CIPTA ADHI,"BANJARNEGARA, 21 MARET 1989","WANADADI, RT 002/001 BANJARNEGARA",087837702304,D3,2021,141/36 TAHUN 2021,KAUR PERENCANAAN
4168, Wanadadi,Wanadadi,MUKHLISAH SOFIYANTI,"BANJARNEGARA, 03 JANUARI 1981","WANADADI, RT 001/003 BANJARNEGARA",085227769609,D3,2018,141.40/SK.KD TAHUN 2018,KAUR TU DAN UMUM
4169, Wanadadi,Wanadadi,SIGIT UTOYO,"BANJARNEGARA, 30 MARET 1966","WANADADI, RT 001/001 BANJARNEGARA",082227356981,SLTA,2019,141.1/950 TAHUN 2019,KEPALA DESA
4170, Wanadadi,Wanadadi,PRATAMA YUDHA SANTOSA,"BANJARNEGARA, 11 OKTOBER 1989","WANADADI, RT 001/006 BANJARNEGARA",085228789319,D3,2017,141.31/10/SK.KD TAHUN 2017,SEKRETARIS DESA
4171, Wanadadi,Wanadadi,HERY FARHANUDIN,"BANJARNEGARA, 02 Mei 1978",WANADADI RT.02 RW.04,081328016909,S1,2023,140/952 TAHUN 2023,ANGGOTA
4172, Wanadadi,Wanadadi,SRI SULASIH,"BANJARNEGARA, 12 Mei 1986",WANADADI RT.02 RW.04,081326928091,SLTA,2023,140/952 TAHUN 2023,ANGGOTA
4173, Wanadadi,Wanadadi,PRATOMO,"BANJARNEGARA, 16 Juli 1960",WANADADI RT.01 RW.06,085291343541,S1,2023,140/952 TAHUN 2023,ANGGOTA
4174, Wanadadi,Wanadadi,ADDITA,"BANJARNEGARA, 10 Juni 1984",WANADADI RT.02 RW.02,085292298590,S1,2023,140/952 TAHUN 2023,ANGGOTA
4175, Wanadadi,Wanadadi,BUDI RAHARJO,"BANJARNEGARA, 12 Desember 1963",WANADADI RT.01 RW.05,082220705957,SLTA,2023,140/952 TAHUN 2023,ANGGOTA
4176, Wanadadi,Wanadadi,KIRMANTO,"BANJARNEGARA, 02 Oktober 1964",WANADADI RT.02 RW.01,083128235131,S1,2023,140/952 TAHUN 2023,ANGGOTA
4177, Wanadadi,Wanadadi,APIT MARDIYONO,"BANJARNEGARA, 21 April 1962",WANADADI RT.02 RW.03,085329479527,S1,2023,140/952 TAHUN 2023,KETUA
4178, Wanakarsa,Wanadadi,ERNA ARIYANTI,"Banjarnegara, 15 Januari 1973",DESA WANAKARSA RT 004/RW 001,082136880596,SMA,2019,NOMOR : 400.10.2/911 TAHUN 202,KEPALA DESA
4179, Wanakarsa,Wanadadi,PARMONO,"Banjarnegara, 15 Mei 1971",DESA WANAKARSA RT 002/RW 002,081991206240,SMA,2007,NOMOR : 141/ 18 TAHUN 2017,KEPALA DUSUN II
4180, Wanakarsa,Wanadadi,SUPRIYADI,"Banjarnegara, 05 Desember 1970",DESA WANAKARSA RT 007/RW 001,085325760321,SMA,2011,NOMOR : 141/ 17 TAHUN 2017,KEPALA DUSUSN I
4181, Wanakarsa,Wanadadi,SAEFUL HIDAYAT,"Banjarnegara, 19 April 1990",DESA WANAKARSA RT 005/RW 001,085291044406,SMA,2010,NOMOR : 141/ 9 TAHUN 2017,KEPALA SEKSI KESEJAHTERAAN
4182, Wanakarsa,Wanadadi,DIYAN WIJAYANTI,"Banjarnegara, 27 Agustus 1986",DESA WANAKARSA RT 001/RW 002,082136193048,SMA,2018,NOMOR : 141/ 26 TAHUN 2018,KEPALA SEKSI PELAYANAN
4183, Wanakarsa,Wanadadi,SUSI NURHAYATI,"Banjarnegara, 05 Februari 1989",DESA WANAKARSA RT 007/RW 001,081327499515,SMA,2012,NOMOR : 141/ 8 TAHUN 2017,KEPALA SEKSI PEMERINTAHAN
4184, Wanakarsa,Wanadadi,WILI SAFITRI,"Banjarnegara, 11 Februari 1997",DESA WANAKARSA RT 002/RW 001,081398876295,S1,2017,NOMOR : 141/ 25 TAHUN 2017,KEPALA URUSAN KEUANGAN
4185, Wanakarsa,Wanadadi,MISKAM,"Banjarnegara, 11 Januari 1990",DESA WANAKARSA RT 002/RW 001,082324896549,S1,2018,NOMOR : 141/ 27 TAHUN 2018,KEPALA URUSAN PERENCANAAN
4186, Wanakarsa,Wanadadi,HERLINA BIDANTI,"Banjarnegara, 15 Oktober 1981",DESA WANAKARSA RT 001/RW 001,087824937180,S1,2017,NOMOR : 141/ 24 TAHUN 2017,SEKRETARIS DESA
4187, Wanakarsa,Wanadadi,HERMANTO,"Banjarnegara, 04 September 1979",DESA WANAKARSA RT 002/RW 002,087817130213,SMP,2008,NOMOR : 141/ 19 TAHUN 2017,STAFF
4188, Wanakarsa,Wanadadi,MUNFARID,"Banjarnegara, 30 Oktober 1974",DESA WANAKARSA RT 006/RW 001,085540572429,SMP,2023,NOMOR : 140/ 949 TAHUN 2023,ANGGOTA BPD
4189, Wanakarsa,Wanadadi,RAGIL WERDININGSIH,"Banjarnegara, 19 September 1976",DESA WANAKARSA RT 001/RW 002,085327119521,SMA,2023,NOMOR : 140/ 949 TAHUN 2023,ANGGOTA BPD
4190, Wanakarsa,Wanadadi,ARIF RAHMAN HAKIM,"Banjarnegara, 28 April 1987",DESA WANAKARSA RT 002/RW 002,085747458555,SMA,2023,NOMOR : 140/ 949 TAHUN 2023,ANGGOTA BPD
4191, Wanakarsa,Wanadadi,SUHANDA,"Jakarta, 06 Juli 1965",DESA WANAKARSA RT 005/RW 001,081225655955,SMA,2023,NOMOR : 140/ 949 TAHUN 2023,ANGGOTA BPD
4192, Wanakarsa,Wanadadi,"MUBARAK, S.E","Banjarnegara, 24 Januari 1964",DESA WANAKARSA RT 004/RW 001,089510002386,S1,2023,NOMOR : 140/ 949 TAHUN 2023,KETUA BPD
4193, Wanakarsa,Wanadadi,ERON KHOTIM ABDULLOH,"Banjarnegara, 20 Desember 1993",DESA WANAKARSA RT 003/RW 002,087778998993,S1,2023,NOMOR : 140/ 949 TAHUN 2023,SEKRETARIS BPD
4194, Wanakarsa,Wanadadi,TAUFIQ ISMA'IL,"Banjarnegara, 18 Januari 1979",DESA WANAKARSA RT 007/RW 001,085714680307,S1,2023,NOMOR : 140/ 949 TAHUN 2023,WAKIL KETUA BPD
4195, Wanaraja,Wanayasa,Akhmad riadi,22 Mei 1988,Desa Wanaraja Rt 02 Rw 01,+62 852-9172-9516,S1,2017,04,Kasi Kesejahteraan
4196, Wanaraja,Wanayasa,Kisman,08 Februari 1979,Desa Wanaraja Rt 04 Rw 01,+62 823-2882-2227,SMA,2017,05,Kasi Pelayanan
4197, Wanaraja,Wanayasa,Bukhariyu,19 Maret 1977,Desa Wanaraja Rt 02 Rw 01,+62 896-8738-8880,SMA,2017,03,Kasi Pemerintahan
4198, Wanaraja,Wanayasa,Liya Ristamasih,Banjarnegara 21-01-1989,Wanaraja Rt 04 Rw 01,082242428517,S1,2021,06,Kaur Keuangan
4199, Wanaraja,Wanayasa,Toifin,Banjarnegara 24-03-1989,Wanaraja 04 Rw 01,085291451929,S1,2017,07,Kaur TU Umum
4200, Wanaraja,Wanayasa,Eko Wiguntoro,Banjarnegara 16-11-1974,Desa Wanaraja Rt 02 Rw 01,+62 821-4266-3687,SMA,2020,01,KEPALA DESA
4201, Wanaraja,Wanayasa,Markham,14-Sep-83,Desa Wanaraja RT. 002 RW. 002,+62 822-6530-0820,SMA,2023,06,Perencanaan
4202, Wanaraja,Wanayasa,A. Maulidal Mukarom,Banjarnegara 02-06-1982,Desa Wanaraja Rt 02 Rw 01,082227241865,S1,2028,02,Sekertaris Desa
4203, Wanaraja,Wanayasa,Rohayati,Banjarnegara 18/01/1988,Wanaraja RT. 01 RW. 02,081325529571,SLTA,2023,140/1265,Anggota BPD
4204, Wanaraja,Wanayasa,Rahman,Banjarnegara  24/10/1984,Wanaraja RT. 03 RW. 4,085227254284,SLTA,2023,140/1263,Anggota BPD
4205, Wanaraja,Wanayasa,Aan Setiyadi,Banjarnegara 01/01/1990,Wanaraja RT. 01 RW. 2,082138160707,SLTA,2023,140/1266,Anggota BPD
4206, Wanaraja,Wanayasa,Nurohman,Banjarnegara 17/08/1996,Wanaraja RT. 03 RW. 03,081293173510,SLTA,2023,140/1264,Anggota BPD
4207, Wanaraja,Wanayasa,Ahmad khaniman,Banjarnegara 09/05/1993,Wanaraja RT. 01 RW. 01,081228963261,SLTP,2023,140/1262,Bidang pembangunan desa dan pemberdayaan masyaraka
4208, Wanaraja,Wanayasa,Ahwan,Banjarnegara  08/12/1987,Wanaraja RT. 03 RW. 01,08895712746,SLTP,2023,140/1261,Bidang penyelenggaraan pemerintah desa dan pembina
4209, Wanaraja,Wanayasa,Bambang Rudy Santoso,Banjarnegara 17/09/1997,Wanaraja RT. 01 RW. 02,08994144603,S1,2023,140/1258,Ketua
4210, Wanaraja,Wanayasa,Gusriana Tri Rukmawati,Wonosobo 10/08/1992,Wanaraja RT. 20 RW. 01,082220640017,S1,2023,140/1260,Sekretaris
4211, Wanaraja,Wanayasa,Sugeng,Banjarnegara 01/03/1984,Wanaraja RT. 04 RW. 04,081325529571,SLTA,2023,140/1259,Wakil Ketua
4212, Wanayasa,Wanayasa,SUJONO,"Banjarnegara, 13 Juni 1972","Wanayasa, RT 002 RW 02 Desa Wanayasa",085227299440,SMA,2018,141/20/TAHUN 2018,Kapala Seksi Pemerintahan
4213, Wanayasa,Wanayasa,WARSANA,"Banjarnegara, 04 Juli 1956","Wanayasa, RT 001 RW 01 Desa Wanayasa",082145465009,SMA,2019,191.1/946 TAHUN 2019,Kepala Desa
4214, Wanayasa,Wanayasa,SUPRIYADI,"Banjarnegara, 02 Juli 1981","Wanayasa, RT 003 RW 01 Desa Wanayasa",085292358429,SMA,2018,141/20/TAHUN 2018,Kepala Dusun I
4215, Wanayasa,Wanayasa,NUROKHAYATI,"Banjarnegara, 23 Mei 1985","Tegalsari, RT 002 RW 03 Desa Wanayasa",082338671967,SMA,2017,141 / 01 / 2017,Kepala Dusun II
4216, Wanayasa,Wanayasa,AGUS,"Banjarnegara, 06 Mei 1973","Tegaten, RT 004 RW 05 Desa Wanayasa",081391060585,SMA,2018,141/20/TAHUN 2018,Kepala Dusun III
4217, Wanayasa,Wanayasa,HERMAWAN KARMANTO,"Banjarnegara, 24 Maret 1992","Payaman Lor, RT 001 RW 04 Desa Wanayasa",081366762992,SMA,2018,141/20/TAHUN 2018,Kepala Seksi Kesejahteraan
4218, Wanayasa,Wanayasa,ROCHYATI,"Banjarnegara, 10 Maret 1971","Wanayasa, RT 005 RW 02 Desa Wanayasa",085725847950,SMA,2017,141 / 01 / 2017,Kepala Urusan Keuangan
4219, Wanayasa,Wanayasa,KUSNAN,"Banjarnegara, 07 September 1974",Payaman Kidul. RT 002 RW 04 Desa Wanayasa,085227726960,SMA,2017,141 / 01 / 2017,Kepala Urusan Perencanaan Desa
4220, Wanayasa,Wanayasa,AHWAL,"Banjarnegara, 05 Januari 1967","Clibikan, RT",082223435399,SMA,2017,141 / 01 / 2017,Kepala Urusan Tata Usaha dan Umum
4221, Wanayasa,Wanayasa,ESTI YULIANTI,"Banjarnegara, 16 Februari 1992","Wanayasa, RT 002 RW 02 Desa Wanayasa",085294049029,S1,2017,141.31/02/ TAHUN 2017,Sekretaris Desa
4222, Wanayasa,Wanayasa,WAHYAR,"Banjarnegara, 19 Januari 1971","Payaman Lor, RT 001 RW 04 Desa Wanayasa",085600092759,SMA,2017,141 / 01 / 2017,Staf Kepala Seksi Kesejahteraan
4223, Wanayasa,Wanayasa,Abdul Hamid,"Banjarnegara, 25 Januari 1989","Tegaten, RT 001 RW 05 Desa Wanayasa",082243687255,SMA,2023,140/123 TAHUN 2023,Anggota
4224, Wanayasa,Wanayasa,Dita Indriana,"Banjarnegara, 31 Maret 1989","Tegalsari, RT 003 RW 03 Desa Wanayasa",085201468855,SMA,2023,140/123 TAHUN 2023,Anggota
4225, Wanayasa,Wanayasa,Jihad Romadhon,"Banjarnegara, 08 November 2002",Payaman Kidul. RT 002 RW 04 Desa Wanayasa,08156583975,SMA,2023,140/123 TAHUN 2023,Anggota
4226, Wanayasa,Wanayasa,Sa'adah,"Banjarnegara, 11 Juli 1973","Clibikan, RT 001 RW 03 Desa Wanayasa",085327621911,SMA,2023,140/123 TAHUN 2023,Anggota
4227, Wanayasa,Wanayasa,"Tomas Wuryanto, S.Pd.","Banjarnegara, 03 Maret 1979","Sidanayan, RT 004 RW 03 Desa Wanayasa",085227666070,S1,2023,140/123 TAHUN 2023,Ketua Bidang Pembangunan Desa dan Pemberdayaan Mas
4228, Wanayasa,Wanayasa,Bakir,"Banjarnegara, 17 April 1978","Wanayasa, RT 004 RW 02 Desa Wanayasa",085228698806,SMA,2023,140/123 TAHUN 2023,Ketua Bidang Penyelenggaraan Pemerintahan Desa dan
4229, Wanayasa,Wanayasa,"Salahuddin Al Chanifi, S.Pd.","Banjarnegara, 18 November 1970","Wanayasa, RT 004 RW 01 Desa Wanayasa",081327440064,S1,2023,140/123 TAHUN 2023,Ketua merangkap anggota
4230, Wanayasa,Wanayasa,Rustia Wahyuningsih,"Banjarnegara, 03 Mei 1980","Tegalsari, RT 003 RW 03 Desa Wanayasa",085227010767,SMA,2023,140/123 TAHUN 2023,Sekretaris merangkap anggota
4231, Wanayasa,Wanayasa,"Bambang Supriyono, S.Pd.","Banjarnegara, 23 Desember 1973","Wanayasa, RT 001 RW 01 Desa Wanayasa",082136951613,S1,2023,140/123 TAHUN 2023,Wakil Ketua merangkap anggota
4232, Watuurip,Bawang,EKO APRIYONO SEROJA,"Banjarnegara, 22-04-1987",RT 002 RW 001 DESA WATUURIP KECAMATAN BAWANG KABUPATEN BANJARNEGARA,081382394263,SMA,2016,141/39/2016,Kadus I
4233, Watuurip,Bawang,NURDIYONO,"Banjarnegara, 29-07-1983",RT 001 RW 003 DESA WATUURIP KECAMATAN BAWANG KABUPATEN BANJARNEGARA,082220783567,SMA,2016,141/40/2016,Kadus II
4234, Watuurip,Bawang,RAKHMATULLOH,"Banjarnegara, 27-09-1987",RT 003 RW 003 DESA WATUURIP KECAMATAN BAWANG KABUPATEN BANJARNEGARA,082226280050,D2,2016,141/42/2016,Kasi Kesejahteraan
4235, Watuurip,Bawang,YASIN HASIM,"Banjarnegara, 05-10-1992",RT 003 RW 003 DESA WATUURIP KECAMATAN BAWANG KABUPATEN BANJARNEGARA,082325373949,S1,2016,141/43/2016,Kasi Pelayanan
4236, Watuurip,Bawang,MUJIONO,"Banjarnegara, 17-04-1981",RT 003 RW 003 DESA WATUURIP KECAMATAN BAWANG KABUPATEN BANJARNEGARA,081229055450,SMA,2005,141/29/2016,Kasi Pemerintahan
4237, Watuurip,Bawang,KHAERUL EDI PURNOMO,"Banjarnegara, 14-08-1972",RT 001 RW 004 DESA WATUURIP KECAMATAN BAWANG KABUPATEN BANJARNEGARA,081341236904,SMA,2014,141/30/2016,Kaur Keuangan
4238, Watuurip,Bawang,ANISA UTAMI,"Banjarnegara, 08-06-1988",RT 002 RW 001 DESA WATUURIP KECAMATAN BAWANG KABUPATEN BANJARNEGARA,085218513405,SMA,2013,141/31/2016,Kaur Perencanaan
4239, Watuurip,Bawang,RENI AGUS PUJIANI,"Banjarnegara, 03-08-1990",RT 002 RW 002 DESA WATUURIP KECAMATAN BAWANG KABUPATEN BANJARNEGARA,082220210598,SMA,2016,141/41/2016,Kaur Umum/TU
4240, Watuurip,Bawang,SUPARNO,"Banjarnegara, 10-01-1964",RT 003 RW 002 DESA WATUURIP KECAMATAN BAWANG KABUPATEN BANJARNEGARA,081391140464,S1,2019,141.1/938/2019,Kepala Desa
4241, Watuurip,Bawang,SRI WARDATI ROHMATUN,"Banjarnegara, 17-05-1986",RT 001 RW 001 DESA WATUURIP KECAMATAN BAWANG KABUPATEN BANJARNEGARA,08562643675,S1,2016,141/38/2016,Sekretaris Desa
4242, Watuurip,Bawang,KUSWANDI,"Banjarnegara, 08-08-1974",RT 001 RW 002 DESA WATUURIP KECAMATAN BAWANG KABUPATEN BANJARNEGARA,082140021728,SLTP,2023,140/292 Tahun 2023,Anggota
4243, Watuurip,Bawang,HASMAN SETIAWAN,"Banjarnegara, 07-09-1981",RT 001 RW 001 DESA WATUURIP KECAMATAN BAWANG KABUPATEN BANJARNEGARA,082005286655,S1,2023,140/292 Tahun 2023,Anggota
4244, Watuurip,Bawang,MOCH. ISLAM NURULLOH,"Banjarnegara, 08-02-1965",RT 003 RW 003 DESA WATUURIP KECAMATAN BAWANG KABUPATEN BANJARNEGARA,081391144197,SMA,2023,140/292 Tahun 2023,KETUA BPD
4245, Watuurip,Bawang,WIWIT LUWIHATIN,"Banjarnegara, 01-07-1987",RT 003 RW 003 DESA WATUURIP KECAMATAN BAWANG KABUPATEN BANJARNEGARA,082226501481,SMA,2023,140/292 Tahun 2023,SEKRETARIS
4246, Watuurip,Bawang,PRIO RAHARDI,"Banjarnegara, 13-04-1979",RT 002 RW 004 DESA WATUURIP KECAMATAN BAWANG KABUPATEN BANJARNEGARA,081289704042,SLTP,2023,140/292 Tahun 2023,Wakil Ketua BPD
4247, Winong,Bawang,Riyanto,"Banjarnegara, 30 Desember 1971",Winong Rt 01 Rw 04,088806116059,SMA,2016,141/19/2016,Kasi Kesejahteraan
4248, Winong,Bawang,Mohamad Sodikin,"Banjarnegara, 16 Juli 1990",Winong Rt 03 Rw 02,085329122223,SMA,2017,141.3/ 30/2017,Kasi Pemerintahan
4249, Winong,Bawang,Tri Purdiyati,"Banjarnegara, 05 April 1971",Winong Rt 04 Rw 02,081327455278,SMA,2016,141/15/2016,Kaur Keuangan
4250, Winong,Bawang,Saryono Jazza Heru Salam,"Banjarnegara, 01 Desember 1965",Winong Rt 04 Rw 03,08812480936,SMA,2016,141/17/2016,Kaur Perencanaan
4251, Winong,Bawang,Sutarman,"Banjarnegara, 25 Januari 1961",Winong Rt 01 Rw 01,082133770954,SMP,2019,400.10.2/945 Tahun 2024,Kepala Desa
4252, Winong,Bawang,Ach. Sulistyobudi,"Banjarnegara, 05 Januari 1989",Winong Rt 02 Rw 01,085227555257,SMA,2017,141.3/31/2017,Kepala Dusun 1
4253, Winong,Bawang,Kiswanto,"Banjarnegara, 16 Juli 1966",Winong Rt 04 Rw 03,0882003274804,SMP,2016,141/21/ 2016,Kepala Dusun 2
4254, Winong,Bawang,Agung Purwianto,"Banjarnegara, 07 Agustus 1983",Winong Rt 01 Rw 04,082134501920,SMA,2021,141.32/15/2021,Kepala Dusun 3
4255, Winong,Bawang,Nuraeni Rahmadhani,"Banjarnegara, 22 Januari 1996",Winong Rt 02 Rw 04,085799651582,SMA,2017,141.3/29/2017,Sekretaris Desa
4256, Winong,Bawang,Tukino,"Banjarnegara, 14 April 1984",Winong Rt 01 Rw 03,081229044428,SMP,2016,141.31/24/2016,Staf Kasi Kesejahteraan
4257, Winong,Bawang,Basarot Akhmad Nasim,"Banjarnegara, 10 November 1985",Winong Rt 03 Rw 02,088983277117,SMA,2023,140/920 TAHUN 2023,Anggota
4258, Winong,Bawang,Susanto,"Banjarnegara, 09 Oktober 1985",Winong Rt 03 Rw 03,085865267877,SMA,2023,140/920 TAHUN 2023,Anggota
4259, Winong,Bawang,Fatmawati,"Banjarnegara, 28 April 1991",Winong Rt 03 Rw 06,088216449118,SMA,2023,140/920 TAHUN 2023,Anggota
4260, Winong,Bawang,Ifwanto,"Banjarnegara, 30 Maret 1986",Winong Rt 01 Rw 01,085326682140,SMA,2023,140/920 TAHUN 2023,Anggota
4261, Winong,Bawang,Suprihanto Triadi,"Banjarnegara, 09 April 1984",Winong Rt 02 Rw 04,0881011940063,S1,2023,140/920 TAHUN 2023,Ketua
4262, Winong,Bawang,Suroyo,"Banjarnegara, 29 Juli 1971",Winong Rt 02 Rw 05,085157222929,D3,2023,140/920 TAHUN 2023,Sekretaris
4263, Winong,Bawang,Syarifun,"Banjarnegara, 06 Juni 1973",Winong Rt 03 Rw 03,08564624741,S1,2023,140/920 TAHUN 2023,Wakil Ketua
4264, Wiramastra,Bawang,WONGSO SUDIRO,"Banjarnegara, 04-06-1982",WIRAMASTRA RT 01 RW 03,082242012623,SMA,2009,141/09/12/2009,KADUS 1
4265, Wiramastra,Bawang,BAROLI,"Banjarnegara, 06-03-1973",WIRAMASTRA RT 01 RW 03,085227055420,SMA,2000,141/02/2000,KADUS 2
4266, Wiramastra,Bawang,HUFRON,"Banjarnegara, 05/12/1967",WIRAMASTRA RT 02 RW 06,088239682913,SMA,1990,141/24/1990,KADUS 3
4267, Wiramastra,Bawang,JOHAR ARIFIN,"Banjarnegara, 12-11-1974",WIRAMASTRA RT 01 RW 03,082242012623,SMA,2002,141/03/2002,KASI KESRA
4268, Wiramastra,Bawang,NURHIJAH,"Banjarnegara, 26-04-1996",WIRAMASTRA RT 01 RW 05,082242012623,s1,2023,141.3/11/2023,Kasi Pelayanan
4269, Wiramastra,Bawang,PUNGKI INDAH PURWANTY,"Banjarnegara, 15-06-1989",WIRAMASTRA RT 02 RW 02,08225691489,SMA,2017,141/16/2017,KASI PEMERINTAHAN
4270, Wiramastra,Bawang,YUSUF HAFANDI,"BANJARNEGARA, 25-08-1996",WIRAMASTRA RT 02 RW 05,082251105723,S1,2021,141/26/2021,KAUR KEUANGAN
4271, Wiramastra,Bawang,SURINTO,"BANJARNEGARA, 12-05-1997",WIRAMASTRA RT 02 RW 05,085726196477,D3,2023,141.2/10/2023,KAUR PERENCANAAN
4272, Wiramastra,Bawang,MOH. MUALIP,"Banjarnegara, 19-07-1972",WIRAMASTRA RT 03 RW 06,085860121101,SMA,1998,141/01/1998,KAUR TU DAN UMUM
4273, Wiramastra,Bawang,NASRULOH,"BANJARNEGARA, 22-03-1993",WIRAMASTRA RT 01 RW 05,082225288448,SMA,2017,141/15/2017,SEKRETARIS DESA
4274, Wiramastra,Bawang,SULISMAN,"Banjarnegara, 13-08-1983",WIRAMASTRA RT 02 RW 02,082136390940,SMA,2008,141/08/2008,STAF KASI KESRA
4275, Wiramastra,Bawang,IDRIS SUTANTO,"BANJARNEGARA, 10-04-1975",WIRAMASTRA RT 01 RW 01,08747975221,SMP,2023,140/1020 TAHUN 2023,ANGGOTA
4276, Wiramastra,Bawang,WAHIDIN,"BANJARNEGARA, 29-06-1989",WIRAMASTRA RT 02 RW 04,085700503052,SMP,2023,140/1020 TAHUN 2023,ANGGOTA
4277, Wiramastra,Bawang,IMAM FAOZANZEN,"BANJARNEGARA, 01-11-1990",WIRAMASTRA RT 04 RW 06,085802439596,S1,2023,140/1020 TAHUN 2023,KETUA
4278, Wiramastra,Bawang,AHMAD WAHIB,"BANJARNEGARA, 02-01-1988",Wiramastra rt 03 rw 03,081237517525,SMA,2023,140/1020 TAHUN 2023,KETUA BIDANG 1 DAN 3
4279, Wiramastra,Bawang,AHMAD HOZIN,"BANJARNEGARA, 01-01-1992",WIRAMASTRA RT 04 RW 06,088215545936,SMA,2023,140/1020 TAHUN 2023,KETUA BIDANG 2 DAN 4
4280, Wiramastra,Bawang,IKHWAN,"BANJARNEGARA, 21-07-1994",WIRAMASTRA RT 01 RW 02,08812660654,S1,2023,140/1020 TAHUN 2023,SEKRETARIS BPD
4281, Wiramastra,Bawang,EKANI RAMDIYAH PUSPITASARI,"BANJARNEGARA, 21-05-1986",WIRAMASTRA RT 02 RW 02,081325447821,SMA,2023,140/1020 TAHUN 2023,WAKIL KETUA
