No,Nama ,Kecamatan,Nama Lengkap,TTL,Alamat,Telepon,Pendidikan,Diangkat,No SK,Jabatan
3452, Sawangan,Punggelan,Sugeng Supadmo,"Banjarnegara, 08 Juli 1965","Karangmenjangan RT 001/003 Kelurahan Sawangan, Kecamatan Punggelan, Kabupaten Banjarnegara",085291752922,STM,2016,141/10 TAHUN 2016,Kepala Dusun III
3453, Sawangan,Punggelan,Maidi,"Banjarnegara, 02 Juni 1977","Siwatu RT 001/004 Kelurahan Sawangan, Kecamatan Punggelan, Kabupaten Banjarnegara",081287957931,SMP,2016,141/10 TAHUN 2016,Kepala Dusun IV
3454, Sawangan,Punggelan,Danu Purwono,"Banjarnegara, 07 Maret 1983","Krajan RT 001/001 Kelurahan Sawangan, Kecamatan Punggelan, Kabupaten Banjarnegara",085328204142,SMK,2017,141/05/2017,Kepala Seksi Kesejahteraan
3455, Sawangan,Punggelan,Ariyo Saloko,"Banjarnegara, 30 November 1983","Krajan RT 001/001 Kelurahan Sawangan, Kecamatan Punggelan, Kabupaten Banjarnegara",081328056270,SMA,2025,141.31/19 TAHUN 2025,Kepala Seksi Pelayanan
3456, Sawangan,Punggelan,Sangin Sudiono,"Banjarnegara, 10 Juli 1969","Krajan RT 005/001 Kelurahan Sawangan, Kecamatan Punggelan, Kabupaten Banjarnegara",081391654133,STM,2016,141/10 TAHUN 2016,Kepala Seksi Pemerintahan
3457, Sawangan,Punggelan,Fudianto,"Banjarnegara, 07 April 1981","Guruh RT 003/003 Kelurahan Sawangan, Kecamatan Punggelan, Kabupaten Banjarnegara",081325626907,SMA,2018,141/36 TAHUN 2018,Kepala Urusan Keuangan
3458, Sawangan,Punggelan,Miskun,"Banjarnegara, 12 September1966","Guruh RT 003/002 Kelurahan Sawangan, Kecamatan Punggelan, Kabupaten Banjarnegara",082113386013,SMA,2016,141/10 TAHUN 2016,Kepala Urusan Perencanaan
3459, Sawangan,Punggelan,Khusnul Hotimah,"Banjarnegara, 15 Maret 1998","Krajan RT 003/001 Kelurahan Sawangan, Kecamatan Punggelan, Kabupaten Banjarnegara",085747984875,S1,2025,141.31/18 TAHUN 2025,Kepala Urusan Tata Usaha dan Umum
3460, Sawangan,Punggelan,Jahrotul Mufidah,"Banjarnegara, 17 April 1993","Krajan RT 002/001 Kelurahan Sawangan, Kecamatan Punggelan, Kabupaten Banjarnegara",085601950682,S1,2021,141/028/IV TAHUN 2021,Sekretaris Desa
3461, Sawangan,Punggelan,Yeni Candrawati Soeryaningsih,"Banjarnegara, 21 Juni 1981","Guruh RT 002/002 Kelurahan Sawangan, Kecamatan Punggelan, Kabupaten Banjarnegara",082135414011,SMA,2023,-,Anggota 1
3462, Sawangan,Punggelan,Kasmin,"Banjarnegara, 18 Juni 1982","Siwatu RT 001/004 Kelurahan Sawangan, Kecamatan Punggelan, Kabupaten Banjarnegara",082261288251,SMP,2023,-,Anggota 2
3463, Sawangan,Punggelan,Suci Rina Astuti,"Banjarnegara, 29 Mei 2002","Karangmenjangan RT 003/003 Kelurahan Sawangan, Kecamatan Punggelan, Kabupaten Banjarnegara",085643991328,D3,2023,-,Anggota 3
3464, Sawangan,Punggelan,Anggi Nur Wahid,"Banjarnegara, 09 Desember 2002","Siwatu RT 001/004 Kelurahan Sawangan, Kecamatan Punggelan, Kabupaten Banjarnegara",082247430136,SMP,2023,-,Anggota 4
3465, Sawangan,Punggelan,Ginanjar Wijayanto,"Banjarnegara, 02 September 1985","Krajan RT 005/001 Kelurahan Sawangan, Kecamatan Punggelan, Kabupaten Banjarnegara",082323402714,SMA,2023,-,Ketua BPD
3466, Sawangan,Punggelan,Puji Gilang Anjariyah,"Banjarnegara, 09 Agustus 1990","Karangmenjangan RT 001/003 Kelurahan Sawangan, Kecamatan Punggelan, Kabupaten Banjarnegara",085214944111,SMK,2023,-,Sekretaris BPD
3467, Sawangan,Punggelan,Kiswoto Dwi Sasongko,"Banjarnegara, 17 Desember 1987","Krajan RT 001/001 Kelurahan Sawangan, Kecamatan Punggelan, Kabupaten Banjarnegara",082325606877,S1,2023,-,Wakil Ketua BPD
3468, Sembawa,Kalibening,Suhiri,"Banjarnegara, 03 April 1990",Desa Sembawa RT 02 RW 02,082337692234,S1,2022,141/014/2022,Kasi Kesejahteraan
3469, Sembawa,Kalibening,Titi Musriyati,"Banjarnegara, 22 Februari1979",Desa Sembawa RT 03 RW 02,081327385970,SMA,2017,141/025/Tahun 2017,Kasi Pelayanan
3470, Sembawa,Kalibening,Anton Prabowo,"Banjarnegara, 30 November 1997",Desa Sembawa RT 06 RW 01,081281316610,SMA,2022,141/013/2022,Kasi Pemerintahan
3471, Sembawa,Kalibening,Titi Latifah,"Banjarnegara, 11 Februari 1981",Desa Sembawa RT 04 RW 01,081229457194,SMA,2003,141/07/2003,Kaur Keuangan
3472, Sembawa,Kalibening,Khusnen,"Banjarnegara, 02 Januari 1984",Desa Sembawa RT 06 RW 01,081338376442,SMA,2017,141/025/Tahun 2017,Kaur Perencanaan
3473, Sembawa,Kalibening,Supanggih,"Banjarnegara, 05 September 1968",Desa Sembawa RT 02 RW 02,082136348432,SMA,2003,141/07/2003,Kaur Tata Usaha dan Umum
3474, Sembawa,Kalibening,Adhitya Yoga Pratama,"Banjarnegara, 13 Agustus 1993",Desa Sembawa RT 01 RW 01,081227645073,S1,2019,141.1/1048 Tahun 2019,Kepala Desa
3475, Sembawa,Kalibening,Barno,"Banjarnegara, 23 April 1977",Desa Sembawa RT 04 RW 01,082223686773,SMA,2012,141/   /Tahun 2012,Kepala Dusun 1
3476, Sembawa,Kalibening,Dhea Utami,"Baanjarnegara,",Desa Sembawa RT 03 RW 02,081326967737,S1,2025,000,Kepala Dusun 2
3477, Sembawa,Kalibening,Eko Sulistiyo,"Banjarnegara, 10 Juni 1987",Desa Sembawa RT 02 RW 03,083856311228,SMA,2012,141/  /2012,Kepala Dusun 3
3478, Sembawa,Kalibening,Rianang Aji Prasobo,"Wonosobo, 12 Agustus 1990",Desa Sembawa RT 04 RW 01,082134266542,SMA,2017,141/025/Tahun 2017,Sekretaris Desa
3479, Sembawa,Kalibening,Roy Fernando,"Medan, 25 April 1987",Desa Sembawa RT 02 RW 01,082137765866,SMA,2012,141/  /2012,Staf Ulu-ulu
3480, Sembawa,Kalibening,Eva Tri Utami,"Banjarnegara,",Desa Sembawa RT 02 RW 03,0000,SMA,2023,141/1141/2023,Anggota
3481, Sembawa,Kalibening,Wido Susanto,"Banjarnegara,",Desa Sembawa RT 01 RW 02,00000,SMA,2023,141/1141/2023,Anggota
3482, Sembawa,Kalibening,Budiman,"Banjarnegara,",Desa Sembawa RT 01 RW 03,0000,SMA,2023,141/1141/2023,Anggota
3483, Sembawa,Kalibening,Jono,"Banjarnegara,",Desa Sembawa RT 02 RW 02,082242565271,SMA,2023,141/1141/2023,Ketua
3484, Sembawa,Kalibening,Rikhansa Dzakiyathul Amania,"Banjarnegara, 13 Mei 1998",Desa Sembawa RT 04 RW 01,000000,SMA,2023,141/1141/2003,Sekretaris
3485, Sembawa,Kalibening,Amsori,Pekalongan,Desa Sembawa RT 04 RW 01,0000,SMA,2023,141/1141/2023,Wakil Ketua
3486, Sembawa,Kalibening,Lastri Maedah,"Banjarnegara,",Desa Sembawa RT 03 RW 01,0000,SMA,2023,141/1141/2023,Wakil Perempuan
3487, Serang,Bawang,Kaslam,"Banjarnegara, 19 Juni 1969",Desa Serang Rt 02 Rw 01 Kecamatan Bawang Kabupaten Banjarnegara,082326783007,SMA,2017,140/11/2017,Kadus I
3488, Serang,Bawang,Handi,"Banjarnegara, 11 Februari 1975",Desa Serang Rt 02 Rw 03 Kecamatan Bawang Kabupaten Banjarnegara,085292210692,SMA,2017,140/12/2017,Kadus II
3489, Serang,Bawang,Kuswandi,"Banjarnegara, 9 November 1973",Desa Serang Rt 02 Rw 02 Kecamatan Bawang Kabupaten Banjarnegara,08112919664,SMA,2017,140/15/2017,Kasi Kesejahteraan
3490, Serang,Bawang,Jema,"Banjarnegara, 23 Juni 1966",Desa Serang Rt 01 Rw 04 Kecamatan Bawang Kabupaten Banjarnegara,085330682812,SMA,2017,140/14/2017,Kasi Pelayanan
3491, Serang,Bawang,Sri Rahayu,"Banjarnegara, 27 Mei 1969",Desa Serang Rt 02 Rw 01 Kecamatan Bawang Kabupaten Banjarnegara,0882007036367,SMA,2017,140/13/2017,Kasi Pemerintahan
3492, Serang,Bawang,Priyawan,"Banjarnegara, 11 Mei 1979",Desa Serang Rt 03 Rw 04 Kecamatan Bawang Kabupaten Banjarnegara,081335790202,SMA,2018,140/30/2018,Kaur Keuangan
3493, Serang,Bawang,Joko Susilo,"Banjarnegara, 11 Februari 1981",Desa Serang Rt 02 Rw 04 Kecamatan Bawang Kabupaten Banjarnegara,081391188928,SMA,2018,140/29/2018,Kaur Perencanaan
3494, Serang,Bawang,Suratno,"Banjarnegara, 18 Februari 1969",Desa Serang Rt 02 Rw 01 Kecamatan Bawang Kabupaten Banjarnegara,0882007036367,SMA,2018,140/37/2018,Kaur TU dan Umum
3495, Serang,Bawang,Jito Setiya Budi Mawarto,"Banjarnegara, 21 November 1965",Desa Serang Rt 02 Rw 02 Kecamatan Bawang Kabupaten Banjarnegara,085950072602,SMP,2025,400.10.2/568/2024,Kepala Desa
3496, Serang,Bawang,Nuryadi,"Sragen, 17 November 1983",Desa Serang Rt 02 Rw 02 Kecamatan Bawang Kabupaten Banjarnegara,085229691871,SMA,2017,141.3/29/2017,Sekretaris Desa
3497, Serang,Bawang,Anwar Fatah,"Banjarnegara, 8 Desember 1960",Desa Serang Rt 02 Rw 04 Kecamatan Bawang Kabupaten Banjarnegara,088238201050,SMA,2017,140/18/2017,Staf Kasi Pelayanan
3498, Serang,Bawang,Ardiana,"Banjarnegara, 29 Mei 1996",Desa Serang Rt 03 Rw 04 Kecamatan Bawang Kabupaten Banjarnegara,088215251058,SMP,2024,400.10.2/1074/2024,"Ketua Bidang 1,2 dan 5 BPD"
3499, Serang,Bawang,Nasiman,"Banjarnegara, 1 Februari 1997",Desa Serang Rt 01 Rw 01 Kecamatan Bawang Kabupaten Banjarnegara,083834074714,SMA,2024,400.10.2/1074/2024,Ketua Bidang 3 dan 4 BPD
3500, Serang,Bawang,Bella Frantika Putri,"Banjarnegara, 27 Januari 1995",Desa Serang Rt 03 Rw 01 Kecamatan Bawang Kabupaten Banjarnegara,081998447804,SMA,2024,400.10.2/1074/2024,Wakil Ketua BPD
3501, Sered,Madukara,SYARIF HIDAYATULOH,"Banjarnegara, 29 Agustus 1992",Sered RT 001 RW 004 Desa Sered Kecamatan Madukara Kabupaten Banjarnegara,083834098908,SMA,2022,141/26 Tahun 2022,Kasi Kesejahteraan
3502, Sered,Madukara,ALIMAN,"Banjarnegara, 02 Juli 1978",Sered RT 001 RW 003 Desa Sered Kecamatan Madukara Kabupaten Banjarnegara,085640357841,SMA,2009,141/2 Tahun 2009,Kasi Pemerintahan
3503, Sered,Madukara,MISTAM,"Banjarnegara, 11 Maret 1982",Sered RT 002 RW 001 Desa Sered Kecamatan Madukara Kabupaten Banjarnegara,085712062709,SMA,2009,141/10 Tahun 2020,Kaur Perencanaan
3504, Sered,Madukara,JAMAN,"Banjarnegara, 10 Juni 1967",Sered RT 001 RW 002 Desa Sered Kecamatan Madukara Kabupaten Banjarnegara,085225521577,SMA,2002,141/5 Tahun 2017,Kaur TU dan Umum
3505, Sered,Madukara,YUANITA DYAH RATNAWATI,"Banjarnegara, 25 Juni 1984",Krajan RT 001 RW 001 Desa Sered Kecamatan Madukara Kabupaten Banjarnegara,085292328254,S1,2021,141.1/779 Tahun 2021,Kepala Desa
3506, Sered,Madukara,SUYITNO,"Banjarnegara, 09 Maret 1971",Sered RT 003 RW 002 Desa Sered Kecamatan Madukara Kabupaten Banjarnegara,081391418699,SMA,2002,141/11 Tahun 2020,Kepala Dusun I
3507, Sered,Madukara,YUGO BUDI SAPUTRO,"Banjarnegara, 10 April 1988",Sered RT 002 RW 002 Desa Sered Kecamatan Madukara Kabupaten Banjarnegara,083110335759,S1,2018,141/20 Tahun 2018,Sekretaris Desa
3508, Sered,Madukara,ANDI SANTOSO,"Banjarnegara, 06 Februari 1987",Sered RT 001 RW 001 Desa Sered Kecamatan Madukara Kabupaten Banjarnegara,-,SMA,-,-,Anggota BPD
3509, Sered,Madukara,LISFIA LINDA SARI,"Banjarnegara, 26 Juni 1998",Sered RT 002 RW 002 Desa Sered Kecamatan Madukara Kabupaten Banjarnegara,-,S1,-,-,Anggota BPD
3510, Sered,Madukara,MASWANTO,"Banjarnegara, 07 Juli 1979",Sered RT 002 RW 001 Desa Sered Kecamatan Madukara Kabupaten Banjarnegara,081391343362,S1,-,-,Ketua BPD
3511, Sered,Madukara,KISAM,"Banjarnegara, 15 April 1964",Sered RT 002 RW 004 Desa Sered Kecamatan Madukara Kabupaten Banjarnegara,082220167900,SMA,-,-,Wakil Ketua BPD
3512, Sidakangen,Kalibening,HOLIB HERMAWAN,"Banjarnegara, 25 Januari 1997",Sidakangen Rt. 01 RW. 01,085081215882133,SMA,2017,141/04/TAHUN 2017,Kadus 1
3513, Sidakangen,Kalibening,ARIFIN,"Banjarnegara, 06 Maret 1982","Sidakangen, RT. 01 RW. 03",085727343004,SMA,2010,141/03/TAHUN 2010,Kadus 2
3514, Sidakangen,Kalibening,SITI FATIMAH,"Banjarnegara, 08 Maret 1997",Sidakangen Rt. 02 RW. 05,085842969881,SMA,2017,141/04/TAHUN 2017,Kadus 3
3515, Sidakangen,Kalibening,ISKAK,"Banjarnegara, 11 April 1986",Sidakangen Rt. 02 RW. 06,082226724406,SMA,2014,141/12/TAHUN 2014,Kadus 4
3516, Sidakangen,Kalibening,KUSMONO,"Banjarnegara, 10 Januari 1977",Sidakangen Rt. 01 RW. 03,085712179721,SMA,2008,141/10/TAHUN 2008,Kasi Kesra
3517, Sidakangen,Kalibening,SETIA WAHYU HIDAYATI,"Banjarnegara, 17 Oktober 1984",Sidakangen Rt. 02 RW. 04,082226373625,SMA,2008,141/10/TAHUN 2008,Kasi Pelayanan
3518, Sidakangen,Kalibening,SUTARNO,"Banjarnegara, 25 Juli 1980",Sidakangen Rt. 02 RW. 04,085226970669,S I,2017,141/04/TAHUN 2017,Kasi Pemerintahan
3519, Sidakangen,Kalibening,DARYONO,"Banjarnegara, 28 April 1989","Sidakangen, RT. 01 RW. 03",085747203884,S I,2017,141/04/TAHUN 2017,Kaur Keuangan
3520, Sidakangen,Kalibening,EVI TRININGSIH,"Banjarnegara, 30 Juli 1990","Sidakangen, RT. 02 RW. 03",085326653832,D III,2017,141/04/TAHUN 2017,Kaur Perencanaan
3521, Sidakangen,Kalibening,ISWANTO,"Banjarnegara, 23 Mei 1983",Sidakangen Rt. 02 RW. 02,081231455020,D II,2017,141/04/TAHUN 2017,Kaur TU dan UMUM
3522, Sidakangen,Kalibening,SARWONO,"Banjarnegara, 26 Mei 1980",Sidakangen Rt. 02 RW. 01,08500214028,SMP,2025,140/922/TAHUN 2025,Kepala Desa
3523, Sidakangen,Kalibening,PRAPTO SUMARNO,"Banjarnegara, 11 Maret 1977",Sidakangen Rt. 02 RW. 01,085643078133,D II,2017,141/03/TAHUN 2017,Sekretaris Desa
3524, Sidakangen,Kalibening,JUPRI,"Banjarnegara, 18 April 1969",Sidakangen Rt. 03 RW. 02,082135313728,SMA,2010,141/03/TAHUN 2010,Staff
3525, Sidarata,Punggelan,SANGKUN,"BANJARNEGARA, 03 -05-1967",SIDARATA RT 004 RW 002,081390434438,SMA,2019,400.10.2/771 TAHUN 2024,KEPALA DESA
3526, Sidarata,Punggelan,SOHIRIN,"BANJARNEGARA,09-03-1976",SIDARATA,082135754500,SMA,2017,141/03 TAHUN 2017,KEPALA DUSUN I (BANTARWARU)
3527, Sidarata,Punggelan,WAHYU SETIYAWAN,"BANJARNEGARA,17-06-1991",SIDARATA RT 0 RW,082322669085,SMA,2025,141.31/28/TAHUN 2025,KEPALA DUSUN III (WANASRI)
3528, Sidarata,Punggelan,SUPARNO,BANJARNEGARA,SIDARATA,081229120103,SMA,2017,141/03 TAHUN 2017,KEPALA DUSUN IV (SIDAKARSA)
3529, Sidarata,Punggelan,NASID FAJAR SIDIK,"BANJARNEGARA,04-05-1968",SIDARATA,088215154494,SMA,2017,141/03 TAHUN 2017,KEPALA DUSUN V (SIPANDAN)
3530, Sidarata,Punggelan,HASIMAN,"BANJARNEGARA,20-05-1976",SIDARATA RT 001 RW 003,088220028505,SMA,2017,141/03 TAHUN 2017,KEPALA SEKSI KESEJAHTERAAN
3531, Sidarata,Punggelan,SUPRIYATI,"BANJARNEGARA,15-05-1974",SIDARATA RT 001 RW 001,0882006753560,SMA,2017,141/03 TAHUN 2017,KEPALA SEKSI PELAYANAN
3532, Sidarata,Punggelan,TULUNG AGUNG,"BANJARNEGARA,19-04-2003",SIDARATA RT 001 RW 003,088233418596,SMA,2025,141.31/27/TAHUN 2025,KEPALA SEKSI PEMERINTAHAN
3533, Sidarata,Punggelan,MELYANA KURNIAWATI,BANJARNEGARA 24 APRIL 1993,SIDARATA RT 002 RW 006,085848788718,SMK,2025,141.31/26/TAHUN 2025,KEPALA URUSAN KEUANGAN
3534, Sidarata,Punggelan,MUHAJIR,"BANJARNEGARA,24-12-1982",SIDARATA,081228110920,SMA,2017,141/03 TAHUN 2017,KEPALA URUSAN PERENCANAAN
3535, Sidarata,Punggelan,AMIN,"BANJARNEGARA,08-05-1975",SIDARATA,085642021607,SMA,2018,141/03 TAHUN 2018,KEPALA URUSAN TATA USAHA DAN UMUM
3536, Sidarata,Punggelan,ISNGADULLAH,"BANJARNEGARA,10 APRIL 1974",SIDARATA,082324674430,SMA,2018,141/03 TAHUN 2018,SEKRETARIS DESA
3537, Sidarata,Punggelan,KARSUN,"BANJARNEGARA, 08 -04-1967",SIDARATA,082322669085,SMP,2017,141/03 TAHUN 2017,STAF KEPALA SEKSI PELAYANAN
3538, Sidarata,Punggelan,TITIK UBAYATI,"MAGELANG,15-06-1970",SIDARATA,0822206116160,D3,2023,140/1501 TAHUN 2023,ANGGOTA I
3539, Sidarata,Punggelan,HERI EMARUDIN,"BANJARNEGARA,04/06/1967",SIDARATA,085876445468,SLTA,2023,140/1501 TAHUN 2023,ANGGOTA II
3540, Sidarata,Punggelan,KARTI,"BANJARNEGARA,27/07/1980",SIDARATA,082136544705,S1,2023,140/1501 TAHUN 2023,KEPALA BIDANG PEMERINTAHAN
3541, Sidarata,Punggelan,SARMADI,"BANJARNEGARA,12/2/1989",SIDARATA,085201857611,S1,2023,140/1501 TAHUN 2023,KETUA BIDANG PEMBANGUNAN
3542, Sidarata,Punggelan,SUMARNO,"BANJARNEGARA, 25 APRIL 1969",SIDARATA,081392080075,SLTA,2023,140/1501 TAHUN 2023,KETUA BPD
3543, Sidarata,Punggelan,SARTONO,"BANJARNEGARA,17-04-1980",SIDARATA,082329085947,S1,2023,140/1501 TAHUN 2023,SEKRETARIS BPD
3544, Sidarata,Punggelan,MUSTOFA,"BANJARNEGARA, 25/09/1972",SIDARATA,081327726235,S1,2023,140/1501 TAHUN 2023,WAKIL KETUA BPD
3545, Sidengok,Pejawaran,Heri Adi Saputro,Banjarnegara. 04 September 1988,"Sidengok RT 01 RW 05, Kecamatan Pejawaran, Banjarnegara",085147119535,SMA,2017,140/023 Tahun 2017,Kadus 1
3546, Sidengok,Pejawaran,Parmono,Banjarnegara. 01 Juli 1976,"Sidengok RT 03 RW 02, Kecamatan Pejawaran, Banjarnegara",085226635848,SMA,2017,141/032 Tahun 2017,Kadus 2
3547, Sidengok,Pejawaran,Basir,"Banjarnegara, 21 Desember 1977","Sidengok RT 01 RW 03, Kecamatan Pejawaran, Banjarnegara",082326260415,SMA,2017,141/032 Tahun 2017,Kadus 3
3548, Sidengok,Pejawaran,Sarmono,"Banjarnegara, 04 Juni 1971","Sidengok RT 03 RW 04, Kecamatan Pejawaran, Banjarnegara",082223420450,SD,2017,141/032 Tahun 2017,Kadus 4
3549, Sidengok,Pejawaran,Nurohmat,"Banjarnegara, 03 Juni 1981","Sidengok RT 01 RW 03, Kecamatan Pejawaran, Banjarnegara",081228479850,S1,2017,140/023 Tahun 2017,Kasi Kesejahteraan
3550, Sidengok,Pejawaran,Robbah Faizin,"Banjarnegara, 16 Mei 1967","Sidengok RT 04 RW 01, Kecamatan Pejawaran, Banjarnegara",085228052933,SMA,2017,141/032 Tahun 2017,Kasi Pelayanan
3551, Sidengok,Pejawaran,Adi Suntoro,"Banjarnegara, 05 Desember 1983","Sidengok RT 03 RW 01, Kecamatan Pejawaran, Banjarnegara",082322257782,DII,2017,140/023 Tahun 2017,Kasi Pemerintahan
3552, Sidengok,Pejawaran,Zaenal Muta'qin,Banjarnegara. 16 Februari 1998,"Sidengok RT 02 RW 01, Kecamatan Pejawaran, Banjarnegara",085727995420,SMA,2020,141/33 Tahun 2020,Kaur Keuangan
3553, Sidengok,Pejawaran,Kindar,"Banjarnegara, 11 Januari 1980","Sidengok RT 01 RW 03, Kecamatan Pejawaran, Banjarnegara",085227280097,S1,2018,141/26 Tahun 2018,Kaur Perencanaan
3554, Sidengok,Pejawaran,Budiono,Banjarnegara. 19 Agustus 1974,"Sidengok RT 03 RW 01, Kecamatan Pejawaran, Banjarnegara",081326781667,SMA,2018,141/26 Tahun 2018,Kaur TU Umum
3555, Sidengok,Pejawaran,Kabul Subarkah,Banjarnegara. 23 September 1974,"Sidengok RT 02 RW 05, Kecamatan Pejawaran, Banjarnegara",085225539917,SMA,2019,400.10.21 859 Tahun 2024,Kepala Desa
3556, Sidengok,Pejawaran,Muhamad Isnawan Adi Sutanto,"Banjarnegara, 13 September 1993","Sidengok RT 01 RW 05, Kecamatan Pejawaran, Banjarnegara",082125220871,S1,2018,141/27 Tahun 2018,Sekretaris Desa
3557, Sidengok,Pejawaran,Uswatun Hasanah,"Banjarnegara, 12-01-2001",Sidengok RT 03 RW 05,085329453439,SMA,2023,140/1492 Tahun 2023,Anggota
3558, Sidengok,Pejawaran,Dinawan,"Banjarnegara, 18-02-1994",Sidengok RT 03 RW 02,081575869497,SLTP,2023,140/1492 Tahun 2023,Anggota
3559, Sidengok,Pejawaran,Feri Setiawan,"Banjarnegara, 12-01-2001",Sidengok RT 01 RW 03,085712646394,SMA,2023,140/1492 Tahun 2023,Anggota
3560, Sidengok,Pejawaran,Kurnia Yulianto,"Banjarnegara, 28-07-2000",Sidengok RT 01 RW 02,083109617222,SMA,2023,140/1492 Tahun 2023,Anggota
3561, Sidengok,Pejawaran,"Khoeri, S.A.P","Banjarnegara, 14-03-1979",Sidengok RT 02 RW 01,081215592891,S1,2023,140/1492 Tahun 2023,Ketua
3562, Sidengok,Pejawaran,Anas Sofiyan,"Banjarnegara, 19-04-1998",Sidengok RT 02 RW 04,082131792901,SMA,2023,140/1492 Tahun 2023,Sekretaris
3563, Sidengok,Pejawaran,"Didi Nurafanudin, S.Si.","Banjarnegara, 30-12-1992",Sidengok RT 02 RW 05,085870960466,S1,2023,140/1492 Tahun 2023,Wakil Ketua
3564, Sigaluh,Sigaluh,SUSANTO,"Banjarnegara, 06 - 01 - 1966",Sigaluh RT.003/01,852226614615,SMA,2017,140 / 04 Tahun 2017,KADUS 1
3565, Sigaluh,Sigaluh,KUN WIDIARTO,"Banjarnegara, 22 - 05 - 1980",Sigaluh RT.002/02,085227804920,D3,2017,140 / 05 Tahun 2017,KADUS 2
3566, Sigaluh,Sigaluh,TRI SETYANTO,"Banjarnegara, 25 - 03 - 1985",Sigaluh RT.001/02,085806477254,SMA,2019,141.3 / 28 Tahun 2019,KASI PELAYANAN dan KESEJAHTERAAN
3567, Sigaluh,Sigaluh,ARY WARDANA,"Banjarnegara, 26-01-1984",Sigaluh RT.003/01,088221114770,SMA,2023,141.3 /36 Tahun 2023,KASI PEMERINTAHAN
3568, Sigaluh,Sigaluh,TAUFIK DWI MARYANTO,"Banjarnegara, 03 - 02 - 1990",Sigaluh RT.003/01,081225727723,SMA,2017,141 /15 Tahun 2017,Kaur Keuangan
3569, Sigaluh,Sigaluh,GINJAR FIKTIEN OKLAN,"Banjarnegara, 15 - 10 - 1995",Sigaluh RT.001/02,08987898970,SMA,2018,141 / 24 Tahun 2018,Kaur umum dan Perencanaan
3570, Sigaluh,Sigaluh,"SANTO PRIHATMOKO,S.Sos","Purbalingga, 27-09-1983",Sigaluh RT.002/01,085540544589,S1,2025,400.10.2 / 576 Tahun 2024,KEPALA DESA
3571, Sigaluh,Sigaluh,DENY KUSMIATUN,"Banjarnegara, 28 - 12 - 1980",Sigaluh RT.003/01,082134200057,S1,2017,140 / 14 Tahun 2017,SEKRETARIS DESA
3572, Sigaluh,Sigaluh,IWAN PRAMONO,"BANJARNEGARA, 23 -07 -1981",Sigaluh RT.002/02,082326016098,SMA,2023,140/1222 TAHUN 2023,ANGGOTA
3573, Sigaluh,Sigaluh,SUMARNO,"BANJARNEGARA, 23 -10 -1977",Sigaluh RT.003/02,085701459069,SMA,2023,140/1222 TAHUN 2023,ANGGOTA
3574, Sigaluh,Sigaluh,NUR MUALIM,"PURBALINGGA,28 -03 -1980",Sigaluh RT.002/01,085882460262,SMA,2023,140/1222 TAHUN 2023,KETUA
3575, Sigaluh,Sigaluh,KUSUMANINGRUM AM,"BANJARNEGARA, 26-07 -1990",Sigaluh RT.002/01,0856409407000,SMA,2023,140/1222 TAHUN 2023,SEKRETARIS
3576, Sigaluh,Sigaluh,ULUNG SATRIYOKO AJI,"BANJARNEGARA, 30-04-1984",Sigaluh RT.003/01,085865555536,S1,2023,140/1222 TAHUN 2023,WAKIL KETUA
3577, Sigeblog,Banjarmangu,Agit Dwi Cahyo,BANJARNEGARA 3 APRIL 1994,SIGEBLOG RT 05 RW 02,082327112992,S1,2018,"141.3/18/TAHUN  2018 , 23-05-2",Kasi Kesejahteraan
3578, Sigeblog,Banjarmangu,Ali Wahyono,"BANJARNEGARA, 16 - 03 - 1966",Sigeblog RT 02 RW 01,085228650799,SMA,2016,141/16/XII/TAHUN  2016,Kasi Pelayanan
3579, Sigeblog,Banjarmangu,Al Makruf,"BANJARNEGARA, 21-12-1989",Sigeblog RT 04 RW 05,085328650065,D III,2016,141/16/XII/TAHUN  2016,Kasi Pemerintahan
3580, Sigeblog,Banjarmangu,Susi Rokhayati,BANJARNEGARA 13 AGUSTUS 1991,SIGEBLOG RT 01 RW 05,081329262530,SMA,2017,"141/6 TAHUN 2017  , 17-04-2017",Kaur Keuangan
3581, Sigeblog,Banjarmangu,Saryanti,"BANJARNEGARA, 19-02-1990",Sigeblog RT 02 RW 03,085291112096,D III,2017,141/6/tahun 2017,Kaur Perencanaan
3582, Sigeblog,Banjarmangu,Muhamad,"BANJARNEGARA, 13-06-1980",Sigeblog RT 02 RW 01,082323983684,SMA,2016,141/16/XII/TAHUN  2016,Kaur Umum dan TU
3583, Sigeblog,Banjarmangu,Akhmad Subandi,"BANJARNEGARA, 14 - 03 - 1979",Sigeblog RT 01 RW 02,082313480888,SMA,2025,"400.10.2./584  tahun 2024, 30-",Kepala Desa
3584, Sigeblog,Banjarmangu,Regar Budi Pratam,"BANJARNEGARA, 14 AGUSTUS 1996",Sigeblog RT 03 RW 01,081240349295,SMA,2024,141/52 TAHUN 2024,Kepala Dusun 1
3585, Sigeblog,Banjarmangu,Ragil Cahyanto,"BANJARNEGARA, 21 februari 1993",Sigeblog RT 01 RW 02,085292699421,SMA,2024,141/52 TAHUN 2024,Kepala Dusun 2
3586, Sigeblog,Banjarmangu,Nendriyono,"BANJARNEGARA, 06-05-1992",Sigeblog RT 02 RW 03,082223706065,SMA,2022,141/47/XII/TAHUN2022,Kepala Dusun 3
3587, Sigeblog,Banjarmangu,Suratin,"BANJARNEGARA, 10 maret 1977",Sigeblog Rt 01 RW 04,085326843999,D II,2016,141/16/XII/TAHUN  2016,Kepala Dusun 4
3588, Sigeblog,Banjarmangu,Nakim,"BANJARNEGARA, 20 maret 1977",SIGEBLOG RT 01 RW 05,082315337055,SMA,2016,141/16/XII/TAHUN  2016,Kepala Dusun 5
3589, Sigeblog,Banjarmangu,Muhammad Adam,"BANJARNEGARA, 08 - 12 - 1982",Sigeblog RT 02 RW 01,08562625208,SMA,2018,141.3/18/TAHUN  2018,Sekretaris Desa
3590, Sigeblog,Banjarmangu,Narso,"BANJARNEGARA, 15-03-1970",Sigeblog Rt 04 RW 04,081299526552,SMA,2016,141/16/XII/TAHUN  2016,Staf
3591, Sigeblog,Banjarmangu,Lukino Lugiono,"BANJARNEGARA, 08 - 07 - 1981",Sigeblog RT 03 RW 04,082223586539,SMP,2023,40/1523 tahun  2023,Anggota BPD
3592, Sigeblog,Banjarmangu,Muslim,BANJARNEGARA 08 - 08 - 1981,Sigeblog RT 01 RW 01,081385251628,SMP,2023,40/1523 tahun  2023,Anggota BPD
3593, Sigeblog,Banjarmangu,Nining Kurnia,BANJARNEGARA 7 - 4 - 2001,Sigeblog RT 04/ RW 04,081314364035,SMA,2023,40/1523 tahun  2023,Anggota BPD
3594, Sigeblog,Banjarmangu,Mispan,"BANJARNEGARA, 28 - 09 - 1973",Sigeblog RW 01 RW 03,085293907309,SMP,2023,40/1523 tahun  2023,Anggota BPD
3595, Sigeblog,Banjarmangu,Miswanto,"BANJARNEGARA, 08 - 01 - 1981",SIGEBLOG RT 03 RW 05,081246788691,SMP,2023,40/1523 tahun  2023,Ketua BPD
3596, Sigeblog,Banjarmangu,Wiwi Marhandani,BANJARNEGARA 9 - 3 - 1997,Sigeblog RT 01 RW 02,085292290144,S1,2023,40/1523 tahun  2023,Sekretaris BPD
3597, Sigeblog,Banjarmangu,Akhmad zaini rif'an,PEKALONGAN 10 - 10 - 1980,Sigeblog RT 05 RW 02,08128987647,D III,2023,40/1523 tahun  2023,Wakil Ketua BPD
3598, Sijenggung,Banjarmangu,AMIN SETIANTO,"BANJARNEGARA, 10 JULI 1994",SIJENGGUNG RT 001 RW 001,+62 852-2708-1718,SLTA/SEDERAJAT,2017,141.32/17/2017,KADUS 1
3599, Sijenggung,Banjarmangu,BISPANTO,BANJARNEGARA. 09 JANUARI 1970,SIJENGGUNG RT 002 RW 002,+62 812-2885-5638,SLTA/SEDERAJAT,2016,141/06/ TAHUN 2016,KADUS 2
3600, Sijenggung,Banjarmangu,PONDEH,"BANJARNEGARA, 18 MARET 1976",SIJENGGUNG RT 002 RW 003,+62 823-2767-9090,SLTA/SEDERAJAT,2016,141/06/ TAHUN 2016,KADUS 3
3601, Sijenggung,Banjarmangu,SUPRIYANTO,"BANJARNEGARA, 23 OKTOBER 1979",SIJENGGUNG RT 002 RW 003,082328232465,AKADEMI/DIPLOMA III/S.MUDA,2018,141.32/16/2018,KASI KESEJAHTERAAN
3602, Sijenggung,Banjarmangu,WAHYUDIANA,"BANJARNEGARA, 11 MARET 1987",SIJENGGUNG RT 003 RW 001,081325448340,SLTA/SEDERAJAT,2020,141/32/49/2020,KASI PELAYANAN
3603, Sijenggung,Banjarmangu,TATUN FITNA ARIASIH,"BANJARNEGARA, 21 MEI 1991",SIJENGGUNG RT 004 RW 002,082299426663,DIPLOMA IV/STRATA 1,2017,141.32/17/2017,KASI PEMERINTAHAN
3604, Sijenggung,Banjarmangu,DEPI LASPRIATI,"BANJARNEGARA, 02 FEBRUARI 1992",SIJENGGUNG RT 001 RW 002,+62 813-9146-6872,DIPLOMA IV/STRATA I,2017,141.32/17/2017,KAUR KEUANGAN
3605, Sijenggung,Banjarmangu,SIGIT WAGITO,"BANJARNEGARA, 15 MARET 1986",SIJENGGUNG RT 003 RW 002,+62 823-2339-8222,SLTA/SEDERAJAT,2016,141/06/ TAHUN 2016,KAUR PERENCANAAN
3606, Sijenggung,Banjarmangu,SAKHERUN,"BANJARNEGARA, 08 APRIL 1977",SIJENGGUNG RT 002 RW 002,+62 853-2568-5447,SLTA/SEDERAJAT,2016,141/06/ TAHUN 2016,KAUR TU DAN UMUM
3607, Sijenggung,Banjarmangu,SUYONO,"BANJARNEGARA, 06 APRIL 1985",SIJENGGUNG RT 001 RW 003,081314231985,SLTA/SEDERAJAT,2019,141.1/988 TAHUN 2019,KEPALA DESA
3608, Sijenggung,Banjarmangu,TEGUH GIANA,"BANJARNEGARA, 05 MARET 1990",SIJENGGUNG RT 003 RW 001,082223536812,SLTA/SEDERAJAT,2017,141.32/17/2017,SEKRETARIS DESA
3609, Sijenggung,Banjarmangu,MUSTAKOF,"BANJARNEGARA, 08 OKTOBER 1995",SIJENGGUNG RT 002 RW 001,+62 822-2759-4205,SLTP/SEDERAJAT,2024,SK BUPATI,ANGGOTA BPD
3610, Sijenggung,Banjarmangu,WISNU SAPUTRA,"BANJARNEGARA, 25 OKTOBER 2001",SIJENGGUNG RT 004 RW 001,+62 822-2100-4665,SLTA/SEDERAJAT,2024,SK BUPATI,ANGGOTA BPD
3611, Sijenggung,Banjarmangu,SAMYO NURUDIN,"BANJARNEGARA, 29 MEI 1978",SIJENGGUNG RT 001 RW 003,+62 853-8517-3734,SLTA/SEDERAJAT,2024,SK BUPATI,KETUA BPD
3612, Sijenggung,Banjarmangu,KIRAH,"BANJARNEGARA, 29 MEI 1978",SIJENGGUNG RT 002 RW 002,+62 813-8811-2445,SLTP/SEDERAJAT,2024,SK BUPATI,SEKRETARIS BPD
3613, Sijenggung,Banjarmangu,UJI SETIYO UTOMO,"BANJARNEGARA, 29 OKTOBER 1988",SIJENGGUNG RT 001 RW 002,+62 852-8868-7994,DIPLOMA IV/STRATA I,2024,SK BUPATI,WAKIL KETUA BPD
3614, Sijeruk,Banjarmangu,Marjo,"Banjarnegara, 13-01-1977",SIJERUK RT 06 RW 02,0823-2834-5495,SLTA,2016,141.1/16 Tahun 2016,2016
3615, Sijeruk,Banjarmangu,Daryo,"Banjarnegara, 08-12-1980",SIJERUK RT 05 RW 03,0821-3820-4400,SLTA,2017,141.1/08 Tahun 2017,2017
3616, Sijeruk,Banjarmangu,Dwi Suyono,"Banjarnegara, 28-07-1984",Sijeruk RT 01 RW 02,0852-2701-6005,SLTA,2017,141.1/07/Tahun 2017,Kasi Kesejahteraan
3617, Sijeruk,Banjarmangu,Fatimah,"Banjarnegara, 18/10/1979",SIJERUK RT 02 RW 01,0811-2968-305,SLTA,2016,141/16 Tahun 2016,Kasi Pelayanan
3618, Sijeruk,Banjarmangu,Finus Rahyuni,"Banjarnegara, 21-05-1997",SIJERUK RT 05 RW 03,0822-2816-8938,SLTA,2019,141.3/33 Tahun 2019,Kasi Pemerintahan
3619, Sijeruk,Banjarmangu,"Eni Purwati, S.Pd","Banjarnegara, 19-10-1989",SIJERUK RT 05 RW 01,0822-2526-7987,S1,2017,141.1/05 Tahun 2017,Kaur Keuangan
3620, Sijeruk,Banjarmangu,Rohyanto,"Banjarnegara, 15-12-1982",SIJERUK RT 05 RW 01,0852-9240-8990,SLTA,2017,141.1/06 Tahun 2017,Kaur Perencanaan
3621, Sijeruk,Banjarmangu,Eko Susanto,"Banjarnegara, 06/10/1990",SIJERUK RT 01 RW 02,0822-9697-0798,SLTA,2016,141.1/17 Tahun 2016,Kaur TU dan Umum
3622, Sijeruk,Banjarmangu,Ramel,"Banjarnegara, 23-11-1973",SIJERUK RT 04 RW 02,0852-0133-0888,SLTP,2019,141.1/989/Tahun 2019,Kepala Desa
3623, Sijeruk,Banjarmangu,Dwi Susanti,"Banjarnegara, 06-05-1995",SIJERUK RT 04 RW 02,0822-2011-4617,SLTA,2018,141.31/29 Tahun 2018,Sekretaris Desa
3624, Sijeruk,Banjarmangu,Idris Ahmad Nurhidayat,"Banjarnegara, 10-02-1969",SIJERUK RT 02 RW 01,0823-2398-0085,SD,2016,141.1/20 Tahun 2016,Staff Seksi Pelayanan
3625, Sijeruk,Banjarmangu,Wahyu Bejo Setiawan,"Banjarnegara, 06-09-2000",Sijeruk RT 03 RW 02,0812-2558-3880,SLTA,2023,140/1459 Tahun 2023,Anggota
3626, Sijeruk,Banjarmangu,Yusuf Rivaldi,"Banjarnegara, 02-10-1995",Sijeruk RT 03 RW 01,0813-2254-5891,SLTA,2023,140/1459 Tahun 2023,Anggota
3627, Sijeruk,Banjarmangu,Sukisno,"Banjarnegara, 18-07-1986",Sijeruk RT 06 RW 03,0812-5987-9556,SLTP,2023,140/1459 Tahun 2023,Ketua Bidang Pembangunan Desa dan Pemberdayaan Mas
3628, Sijeruk,Banjarmangu,Syaefudin,"Banjarnegara, 22-11-1992",Sijeruk RT 01 RW 01,0853-2762-4721,SLTP,2023,140/1459 Tahun 2023,Ketua Bidang Penyelenggaraan Pemerintahan Desa dan
3629, Sijeruk,Banjarmangu,Parwoto,"Banjarnegara, 02-07-1987",Sijeruk RT 01 RW 03,0822-4257-2626,SLTP,2023,140/1459 Tahun 2023,Ketua BPD
3630, Sijeruk,Banjarmangu,Chatijah,"Banjarnegara, 04-01-1987",Sijeruk RT 06 RW 02,0813-3878-8983,SLTP,2023,140/1459 Tahun 2023,Sekretaris
3631, Sijeruk,Banjarmangu,Kasroh Nur Soleh,"Banjarnegara, 29-09-2000",Sijeruk RT 06 RW 02,0812-2211-4226,SLTA,2023,140/1459 Tahun 2023,Wakil Ketua BPD
3632, Sikumpul,Kalibening,Umar Gunadi,Banjarnegara 09 Juni 1972,Desa Sikumpul RT 002 RW 06.Kecamatan Kalibening Kabupaten Banjarnegara,0813-2958-9601,SMA,2023,0,Kasi Pelayanan
3633, Sikumpul,Kalibening,Ananto,Banjarnegara 01 Februari 1973,Desa Sikumpul RT 003 RW 01.Kecamatan Kalibening Kabupaten Banjarnegara,0857-0227-8799,SMA,2017,1/1/2017,Kaur Perencanaan
3634, Sikumpul,Kalibening,Karmono,Banjarnegara 06 Mei 1972,Desa Sikumpul RT 002 RW 05.Kecamatan Kalibening Kabupaten Banjarnegara,0856-0043-4709,SMA,2017,1/1/2017,Kaur T.U DAN UMUM
3635, Sikumpul,Kalibening,Sigit Hidayat,Banjarnegara 08 Desember 1971,Desa Sikumpul RT 001 RW 07.Kecamatan Kalibening Kabupaten Banjarnegara,0823-2827-6159,SMA,2019,0,Kepala Desa
3636, Sikumpul,Kalibening,Sutilah,Banjarnegara 03 September 1968,Desa Sikumpul RT 003 RW 01.Kecamatan Kalibening Kabupaten Banjarnegara,0813-1705-6953,SMA,2008,9/VII/2008,Kepala Dusun 1
3637, Sikumpul,Kalibening,Fajar Yuwono,Banjarnegara 09 Mei 1971,Desa Sikumpul RT 002 RW 03.Kecamatan Kalibening Kabupaten Banjarnegara,0823-2359-7209,SMA,2008,5/VII/2008,Kepala Dusun 2
3638, Sikumpul,Kalibening,Diyanto,Banjarnegara 10 Maret 1977,Desa Sikumpul RT 001 RW 04.Kecamatan Kalibening Kabupaten Banjarnegara,0858-4189-8095,SMA,2013,12/X/2013,Kepala Dusun 3
3639, Sikumpul,Kalibening,Slamet,Banjarnegara 18 Agustus 1968,Desa Sikumpul RT 003 RW 05.Kecamatan Kalibening Kabupaten Banjarnegara,0852-2666-8870,SMA,2017,1/1/2017,Kepala Dusun 4
3640, Sikumpul,Kalibening,Agus Salim,Banjarnegara 18 Juni 1978,Desa Sikumpul RT 001 RW 07.Kecamatan Kalibening Kabupaten Banjarnegara,0813-2693-3314,SMA,2011,04/XII/2011,Kepala Dusun 5
3641, Sikumpul,Kalibening,Rochman Aolia,Banjarnegara 22 Februari 1990,Desa Sikumpul RT 002 RW 05 Kecamatan Kalibening Kabupaten Banjarnegara,0856-0017-3997,SMA,2017,12/IV/2027,Sekretaris Desa
3642, Sikumpul,Kalibening,Mistun,Banjarnegara 25 Mei 1972,Desa Sikumpul RT 003 RW 01.Kecamatan Kalibening Kabupaten Banjarnegara,0813-2821-6446,SMA,2017,1/1/2017,Staf Kasi Pelayanan
3643, Sikumpul,Kalibening,Sapto Lusdiyati,Banjarnegara 09 Januari 1971,Desa Sikumpul RT 001 RW 07.Kecamatan Kalibening Kabupaten Banjarnegara,0,SMA,2023,140/1304 Tahun 2023,Anggota
3644, Sikumpul,Kalibening,Sholikhin,Banjarnegara 04 Mei 1976,Desa Sikumpul RT 001 RW 02.Kecamatan Kalibening Kabupaten Banjarnegara,0,SMA,2023,140/1304 Tahun 2023,Anggota
3645, Sikumpul,Kalibening,Lilis Purnamasari,Banjarnegara 21 Juli 1990,Desa Sikumpul RT 002 RW 02.Kecamatan Kalibening Kabupaten Banjarnegara,0,SMA,2023,140/1304 Tahun 2023,Anggota
3646, Sikumpul,Kalibening,Imam Suripto,Banjarnegara 05 Januari 1980,Desa Sikumpul RT 001 RW 06.Kecamatan Kalibening Kabupaten Banjarnegara,0812-7215-1837,SMA,2023,140/1304 Tahun 2023,Ketua
3647, Sikumpul,Kalibening,Bambang Setiaji,"Banjarnegara,14 Juni 1998",Desa Sikumpul RT 001 RW 03.Kecamatan Kalibening Kabupaten Banjarnegara,0,SMA,2023,140/1304 Tahun 2023,Sekretaris
3648, Simbang,Mandiraja,Taufik Kurachman,"Cilacap, 10 Agustus 1968",Simbang RT 002 RW 001,085786666518,SLTA,2017,141/03/2017.02.01.2017,Kasi Kesra
3649, Simbang,Mandiraja,Solikhin,"Banjarnegara, 06 Mei 1966",Simbang RT 007 RW 001,088239387482,SLTA,2017,141/02/2017.02.01.2017,Kasi Pelayanan
3650, Simbang,Mandiraja,Totong Ruyanto,"Banjarnegara, 1 Oktober 1975",Simbang RT 001 RW 001,088238213101,SLTA,2017,141/04/2017.02.01.2017,Kaur Keuangan
3651, Simbang,Mandiraja,Dwi Andraeni,"Banjarnegara, 17 Maret 1982",Simbang RT 002 RW 002,081327112444,S1,2017,141/21/2017 30.05.2017,Kaur Perencanaan
3652, Simbang,Mandiraja,Ardi,"Banjarnegara, 17 Mei 1987",Simbang RT 007 RW 001,081297586214,SLTA,2017,141/05/2017.02.01.2017,Kaur TU &amp; Umum
3653, Simbang,Mandiraja,Anang Sunandar,"Banjarnegara, 27 September 1988",Simbang RT 005 RW 001,082119990003,SMA,2022,141/45/TAHUN 2022.26.12.2022,Kepala Dusun 1
3654, Simbang,Mandiraja,Iksan Afriyadi,"Banjarnegara, 16 Maret 1995",Simbang RT 006 RW 002,085780205940,SMA,2022,141/46/TAHUN 2022.26.12.2022,Kepala Dusun 2
3655, Simbang,Mandiraja,Hantopo,"Banjarnegara, 19 Agustus 1968",Simbang RT 006 RW 002,085747792682,S1,2018,141/46/2018 31.12.2018,Sekretaris Desa
3656, Simbang,Mandiraja,Sarwono,"Banjarnegara, 18 April 1978",Simbang RT 005 RW 001,085712652910,SLTA,2017,141/08/2017.02.01.2017,Staff Kasi Kesra
3657, Simbang,Mandiraja,Agus Priyanto,"Banjarnegara, 17 Agustus 1993",Simbang RT 003 RW 001,082233334444,SLTP,2023,140/1067 TAHUN 2023,Anggota BPD
3658, Simbang,Mandiraja,Budiharjo S.Sos,"Magelang,16 Desember 1973",Simbang RT 004 RW 001,082233334444,S1,2023,140/1067 TAHUN 2023,Anggota BPD
3659, Simbang,Mandiraja,Turinah,"Banjarnegara, 14 Juni 1968",Simbang RT 005 RW 002,082233334444,SLTP,2023,140/1067 TAHUN 2023,Anggota BPD
3660, Simbang,Mandiraja,Suwanto,"Banjarnegara, 7 November 1988",Simbang RT 005 RW 002,082233334444,SLTA,2023,140/1067 TAHUN 2023,Anggota BPD
3661, Simbang,Mandiraja,Sukarno,"Banjarnegara, 6 Mei 1976",Simbang RT 003 RW 002,082233334444,SLTA,2023,140/1067 TAHUN 2023,Ketua BPD
3662, Simbang,Mandiraja,"Sahilun, S.Kep","Banjarnegara, 11 Juni 1977",Simbang RT 002 RW 002,082233334444,S1,2023,140/1067 TAHUN 2023,Sekretaris BPD
3663, Simbang,Mandiraja,Almaida Indaryanto,"Banjarnegara, 20 Januari 1975",Simbang RT 005 RW 001,082233334444,SLTA,2023,140/1067 TAHUN 2023,Wakil BPD
3664, Sinduaji,Pandanarum,GERI JULLIANTO,"Banjarnegara,30 Juli 1999",SINDUAJI RT 01 RW 01,082187612969,SMA,2024,100.3.2.5/47/TAHUN 2024,KADUS I
3665, Sinduaji,Pandanarum,EVAN SUSANTO,"Banjarnegara,15 Oktober 1994",SINDUAJI RT RT 02 RW 02,085713121735,SMA,2023,141.32/30.1/TAHUN 2023,KADUS II
3666, Sinduaji,Pandanarum,PRIYONO,"Banjarnegara,07 Mei 967",SINDUAJI RT 01 RW 03,082328064876,SMP,2017,141/001.8/TAHUN 2017,KADUS III
3667, Sinduaji,Pandanarum,ARIFUDIN,"Banjarnegara,03 Maret 1999",SINDUAJI RT 02 RW 04,087843113767,SMA,2023,141.32.30.2/TAHUN 2023,KADUS IV
3668, Sinduaji,Pandanarum,MARGI LILIADI,"Banjarnegara,24 Desember 1996",SINDUAJI RT 03 RW 01,085726188847,S1,2023,141.32/33.1/TAHUN 2023,KASI KESEJAHTERAAN
3669, Sinduaji,Pandanarum,ETI LISTIYANI,"Banjarnegara,11 November 1987",SINDUAJI RT 01 RW 03,081232102640,SMA,2020,141.32/33/TAHUN 2020,KASI PELAYANAN
3670, Sinduaji,Pandanarum,SUDARSONO,Banjarnegaraa.22 Desember 1973,SINDUAJI RT 02 RW 04,085291334010,SMA,2017,141/001.2/TAHUN 2017,KAUR KEUANGAN
3671, Sinduaji,Pandanarum,SRI ASTUTI,"Banjarnegara,18 September 1992",SINDUAJI RT 02 RW 02,082146161766,SMA,2023,141.32/33.2/TAHUN 2023,KAUR PERENCANAAN
3672, Sinduaji,Pandanarum,TANTO,"Banjarnegara,25 Desember 1993",SINDUAJI RT 01 RW 03,082298927320,SMA,2018,141.32/33.1/TAHUN 2018,KAUR TU DAN UMUM
3673, Sinduaji,Pandanarum,KAPIN,"Banjarnegara,25 November 1964",SINDUAJI RT 01 RW 02,085729652871,SMP,2019,141.1/959/TAHUN 2019,KEPALA DESA
3674, Sinduaji,Pandanarum,RIBUT JUMONO,"Banjarnegara,15 Januari 1988",SINDUAJI RT 02 RW 04,082322661928,S1,2018,141.32/30/TAHUN 2018,SEKRETARIS DESA
3675, Sinduaji,Pandanarum,Slamet,"Banjarnegara, 15 Agustus 1985",Sinduaji RT 02 RW 02 Kec. Pandanarum,085801031080,SMP,2024,400.10.2/1074/Tahun 2024,Anggota
3676, Sinduaji,Pandanarum,Iwan,"Banjarnegara, 03 Oktober 1996",Sinduaji RT 02 RW 03 Kec. Pandanarum,082242132950,SMA,2024,400.10.2/1074/Tahun 2024,Anggota
3677, Sinduaji,Pandanarum,Edy Purwanto,"Banjarnegara, 01 Februari 1983",Sinduaji RT 02 RW 04 Kec. Pandanarum,085292806632,S1,2024,400.10.2/1074/Tahun 2024,Ketua
3678, Sinduaji,Pandanarum,Dariah,"Banjarnegara, 04 Desember 1987",Sinduaji RT 02 RW 01 Kec. Pandanarum,085856186364,SMA,2024,400.10.2/1074/Tahun 2024,Sekretaris
3679, Sinduaji,Pandanarum,Aminudin,"Banjarnegara, 05 Juli 1987",Sinduaji RT 03 RW 01 Kec. Pandanarum,085877006209,S1,2024,400.10.2/1074/Tahun 2024,Wakil Ketua
3680, Singamerta,Sigaluh,Desy Susanti,Banjarnegara 6-12-1978,Singamerta 03/01,08081327345234,SLTA,2017,141/12 Tahun 2017,Kadus 3
3681, Singamerta,Sigaluh,Edi Purwono,Banjarnegara 01-01-1977,Singamerta RT 01/02,082136345969,SLTA,2017,141/12 Tahun 2017,Kasi Kesejahteraan
3682, Singamerta,Sigaluh,Naditha Intan Roviana,Banjarnegara 07-04-1997,Singamerta RT 03/02,085747304421,SLTA,2018,141.1/35 Tahun 2018,Kasi Pelayanan
3683, Singamerta,Sigaluh,Eko Waluyo,Banjarnegara 01-07-1982,Singamerta RT 03/03,085291441949,SLTA,2017,141.1/03 Tahun 2017,Kasi Pemerintahan
3684, Singamerta,Sigaluh,Widarko,Banjarnegara 14-12-1955,Singamerta RT 03/02,081327706373,SLTA,2019,141.1/1001 Tahun 2019,Kepala Desa
3685, Singamerta,Sigaluh,Budi Cahyo,Banjarnegara 26-03-1974,Singamerta RT 02/02,081327562315,SLTA,2017,141.1/03 Tahun 2017,Kepala Dusun 02
3686, Singamerta,Sigaluh,Mardi,"Banjarnegara, 06-07-1967",Singamerta RT 01 RW 03,083162451322,SLTP,2017,141.1/03 Tahun 2017,Kepala Dusun 3
3687, Singamerta,Sigaluh,Turyanti,"Banjarnegara,18-0801982",Singamerta RT 02 RW 03,08820058820048,SLTA,2018,141.1/28/ Tahun 2018,Kepala Urusan Keuangan
3688, Singamerta,Sigaluh,Imam Cahyono,"Banjarnegara, 06-03-1977",Singamerta RT 01 Rw 01,082314132178,SLTA,2017,141.1/02 Tahun 2007,Kepala Urusan Tata Usaha dan Umum
3689, Singamerta,Sigaluh,Djoko Santoso,Temanggung 29-11-1969,Singamerta 03/01,082136345969,SLTA,2017,141.1/03 Tahun 2017,Ksi Perencanaan
3690, Singamerta,Sigaluh,Wuriono Rudianto,Banjarnegara 02-08-1979,Singamerta 01/01,082322052738,S1,2017,141/12 Tahun 2017,Sekretaris Desa
3691, Singamerta,Sigaluh,Mulyawinata Al Makrup,"Banjarnegara, 04-02-1968",Singamerta RT 02 RW 03,085291038379,SLTA,2007,141.1/04 tahun 2007,Staff (Petugas Teknis Lapangan)
3692, Singamerta,Sigaluh,Herin Marliana,"Banjarnegara, 23-03-1988",Singamerta RT 04 RW 01,085290650328,SLTA,2024,400.10.2/1074 Tahun 2024,Anggota
3693, Singamerta,Sigaluh,Ananda Surya,"Banjarnegara, 26-05-1996",Singamerta RT 03 RW 03,081336246680,SLTA,2024,400.10.2/1074 Tahun 2024,Anggota
3694, Singamerta,Sigaluh,Indi Levia Bambulu,"Banjarnegara, 01-02-1992",Singamerta RT 02 RW 01,0895337400557,SLTA,2024,400.10.2/1074 Tahun 2024,Anggota
3695, Singamerta,Sigaluh,Wahudin,"Banjarnegara, 26-061982",Singamerta RT 02 RW 03,083838490789,SLTP,2024,400.10.2/1074 Tahun 2024,Anggota
3696, Singamerta,Sigaluh,Sugito,"Banjarnegara, 16-11-1970",Singamerta RT 02 RW 02,082220614941,D1,2024,400.10.2/1074 Tahun 2024,Ketua
3697, Singamerta,Sigaluh,Sepsi Erlina,"Banjarnegara,24-09-1984",Singamerta RT 04 RW 02,085329392222,S1,2024,400.10.2/1074 Tahun 2024,Sekretaris
3698, Singamerta,Sigaluh,Wahyu Yudistira,"Banjarnegara, 05-01-1982",Singamerta RT 01 RW 01,082138088624,SLTA,2024,400.10.2/1074 Tahun 2024,Wakil Ketua
3699, Sipedang,Banjarmangu,NOFIATUN,"Banjarnegara, 31-10-1983",Sipedang rt 02 rw 05,082243697377,SMA,2018,141.3/07/VIII.KEP.SPD/Th 2018,Kadus Batur
3700, Sipedang,Banjarmangu,KHATIYAH,"Banjarnegara, 17-06-1976",Sipedang rt 02 rw 02,0821113298428,SMA,2016,141.3/21/KEP.SPD/Tahun 2016,Kadus Karanganyar
3701, Sipedang,Banjarmangu,JUDI,"Banjarnegara, 28-11-1974",Sipedang rt 01 rw 01,082243724559,SMA,2016,141.3/21/KEP.SPD/Tahun 2016,Kadus Simbang
3702, Sipedang,Banjarmangu,KHADIR,"Banjarnegara, 07-07-1974",Sipedang rt 02 rw 04,082217318429,SMA,2018,141.3/07/VIII.KEP.SPD/Th 2018,Kadus Simbang Wetan
3703, Sipedang,Banjarmangu,SARWAN,"Banjarnegara, 05-06-1983",Sipedang RT 03 RW 03,081390828140,SMA,2016,141.3/21/KEP.SPD/Tahun 2016,Kadus Sipedang
3704, Sipedang,Banjarmangu,KHAKIM,"Banjarnegara, 03-06-1971",Sipedang rt 02 rw 02,082221499500,SMA,2018,141.3/07/VIII.KEP.SPD/Th 2018,Kasi Kesejahteraan Rakyat
3705, Sipedang,Banjarmangu,TUKIROM,"Banjarnegara, 14-05-1978",Sipedang RT 01 RW 04,082244365768,SMA,2018,141.3/07/VIII.KEP.SPD/Th 2018,Kasi Pelayanan
3706, Sipedang,Banjarmangu,AHMAD SAIFULOH,"Banjarnegara, 13-04-1973",Sipedang rt 03 rw 01,082227898038,SMA,2018,141.3/07/VIII.KEP.SPD/Th 2018,Kasi Pemerintahan
3707, Sipedang,Banjarmangu,SUTIYAH,"Banjarnegara, 10-10-1983",Sipedang RT 04 RW 04,082225041602,SMA,2016,141.3/21/KEP.SPD/Tahun 2016,Kaur Keuangan
3708, Sipedang,Banjarmangu,NURYANI,"Banjarnegara, 06-06-1981",Sipedang rt 01 rw 01,081229704904,SMA,2017,141.3/07/V.KEP.SPD/Tahun 2017,Kaur Perencanaan
3709, Sipedang,Banjarmangu,ROPINGAH,"Banjarnegara, 08-08-1976",Sipedang RT 01 RW 01,082225746710,SMA,2018,141.3/07/VIII.KEP.SPD/Th 2018,Kaur TU dan Umum
3710, Sipedang,Banjarmangu,SUBAGYO,"Banjarnegara, 16-08-1956",sipedang RT 01 RW 01,082240458390,SMA,2019,-,KEPALA DESA
3711, Sipedang,Banjarmangu,TOMO,"Banjarnegara, 20-04-1974",Sipedang RT 02 RW 05,081393218009,SMA,2018,141.3/07/VIII.KEP.SPD/Th 2018,Sekretaris Desa
3712, Sipedang,Banjarmangu,HAMAM,"Banjarnegara, 20-06-1987",Sipedang rt 03 rw 03,0,SLTP,2023,140/1309 Tahun 2023,BPD
3713, Sipedang,Banjarmangu,RUSWANDI,"Wonogiri, 19-04-1985",Sipedang rt 05 rw 02,0,SMA,2023,140/1309 Tahun 2023,BPD
3714, Sipedang,Banjarmangu,NIJAH,"Banjarnegara, 03-06-1979",Sipedang rt 04 rw 02,0,S1,2023,140/1309 Tahun 2023,BPD
3715, Sipedang,Banjarmangu,ANGGI SAFITRI,"Banjarnegara, 29-09-1998",Sipedang rt 03 rw 04,0,SLTP,2023,140/1309 Tahun 2023,BPD
3716, Sipedang,Banjarmangu,ROPIN,"Banjarnegara, 10-10-1974",Sipedang rt 04 rw 02,0,SMA,2023,140/1309 Tahun 2023,BPD
3717, Sipedang,Banjarmangu,TAFSIR,"Banjarnegara, 10-08-1978",Sipedang rt 03 rw 05,0,SLTP,2023,140/1309 Tahun 2023,BPD
3718, Sipedang,Banjarmangu,TOTO BUDI SANTOSA,"Banjarnegara, 21-09-1980",Sipedang rt 02 rw 01,0,S1,2023,140/1309 Tahun 2023,Ketua BPD
3719, Sirkandi,Purwareja Klampok,"KARSID,SPd",Banjarnegara 07 Juli 1985,Sirkandi RT 04 Rw 01 Kec.Purwareja Klampok Kab. Banjarnegara,082327117135,SMA,2019,141.3/36/Tahun 2019,Kadus 4
3720, Sirkandi,Purwareja Klampok,EDY  WARTOMO,"Banyumas, 27 September 1968",Sirkandi RT 01 Rw 03 Kec.Purwareja Klampok Kab. Banjarnegara,081391215133,SMA,2017,141.3/19/2017,Kasi Kesejahteraan
3721, Sirkandi,Purwareja Klampok,NARWAN,Banjarnegara 4 Februari 1980,Sirkandi RT 03 Rw 04 Kec.Purwareja Klampok Kab. Banjarnegara,082227436668,SMA,2017,141.3/15/tAHUN 2017,Kasi Pelayanan
3722, Sirkandi,Purwareja Klampok,SARMAN,Banjarnegara 16 Juni 1975,Sirkandi RT 07 Rw 02 Kec.Purwareja Klampok Kab. Banjarnegara,081327546029,SMA,2017,141.3/17/tAHUN 2017,Kasi Pemerintahan
3723, Sirkandi,Purwareja Klampok,WAGIYATI,"Banjarnegara, 1 Agusstus 1985",Sirkandi RT 09 Rw 01 Kec.Purwareja Klampok Kab. Banjarnegara,081226692591,SMA,2017,141.3/16/Tahun 2017,Kaur Keuangan
3724, Sirkandi,Purwareja Klampok,JOKO SAPTONO,Banjarnegara 20 Oktober 1976,Sirkandi RT 07 Rw 01 Kec.Purwareja Klampok Kab. Banjarnegara,082223957255,S1,2017,141/35/Tahun2017,Kaur TU dan Umum
3725, Sirkandi,Purwareja Klampok,GIRI SARONO S.Sos,Banjarnegara 14 Januari 1959,Sirkandi Rt 05 Rw 01 Kec. Purwareja Klampok Kab. Banjarnegara,081326133373,S1,2019,141.1/22737 Tahun 2019,Kepala Desa
3726, Sirkandi,Purwareja Klampok,KASIRUN,"Banjarnegara,15 Desember 1977",Sirkandi RT 01 Rw 01 Kec.Purwareja Klampok Kab. Banjarnegara,081390331373,SMA,2019,141.3/20/Tahun 2017,Kepala Dusun 1
3727, Sirkandi,Purwareja Klampok,WIWID SULISTIONO,Banjarnegara 30  Januari 1979,Sirkandi RT 06  Rw 03 Kec.Purwareja Klampok Kab. Banjarnegara,081228842021,SMA,2019,141.3/35/Tahun 2019,Kepala Dusun 2
3728, Sirkandi,Purwareja Klampok,TUGINO,Banjarnegara 03  Maret 1983,Sirkandi RT 07 Rw 02 Kec.Purwareja Klampok Kab. Banjarnegara,082134307588,SMA,2022,141.3/26/Tahun 2022,Kepala Dusun 2
3729, Sirkandi,Purwareja Klampok,RASNO,Banjarnegara 18  Februari 1981,Sirkandi RT 05 Rw 05 Kec.Purwareja Klampok Kab. Banjarnegara,085800229265,SMA,2018,141.3/40/Tahun 2018,Kepala Dusun 5
3730, Sirkandi,Purwareja Klampok,IMAM SUKRISDIANTO SPd,Banjarnegara 8 Maret 1985,Sirkandi RT 07 Rw 01 Kec.Purwareja Klampok Kab. Banjarnegara,081327198878,S1,2017,141/35/Tahun2017,Sekertaris Desa
3731, Sirkandi,Purwareja Klampok,WAHIDUN,"Magelang, 112 Februari 1972",Sirkandi RT 07 Rw 01  Kec.Purwareja Klampok Kab. Banjarnegara,087846848202,SMA,2017,141.3/25/Tahun 2017,Staf Kasi Pelayanan
3732, Sirkandi,Purwareja Klampok,DWI SUSMIYATI,Banjarnegara 13-08-1989,Sirkandi RT 07 Rw 02 Kec.Purwareja Klampok Kab. Banjarnegara,082136057576,SMA,2023,140/78/Tahun 2023,Anggota
3733, Sirkandi,Purwareja Klampok,SULASTRI,Banjarnegara 12-02-1976,Sirkandi RT 03 Rw 03 Kec.Purwareja Klampok Kab. Banjarnegara,082143067398,SMA,2023,140/78/Tahun 2023,Anggota
3734, Sirkandi,Purwareja Klampok,SURATNO,Banjarnegara 17-03-1973,Sirkandi RT 03 Rw 02 Kec.Purwareja Klampok Kab. Banjarnegara,81229119431,SMA,2023,140/78/Tahun 2023,Anggota
3735, Sirkandi,Purwareja Klampok,RAHARDI PURBANDANA,Banjarnegara 16-09-1988,Sirkandi RT 01  Rw 03 Kec.Purwareja Klampok Kab. Banjarnegara,082225672527,S1,2023,140/78/Tahun 2023,Anggota
3736, Sirkandi,Purwareja Klampok,MISTAM,Banjarnegara 10-07-1984,Sirkandi RT 02 Rw 02 Kec.Purwareja Klampok Kab. Banjarnegara,082110038317,SMA,2023,140/78/Tahun 2023,Anggota
3737, Sirkandi,Purwareja Klampok,TARWANTO,Banjarnegara 31-07-1986,Sirkandi RT 05  Rw 05 Kec.Purwareja Klampok Kab. Banjarnegara,081288802861,S1,2023,140/78/Tahun 2023,Ketua
3738, Sirkandi,Purwareja Klampok,GIAS YUDHA PRATAMA,Banjarnegara 05 Maret 1993,Sirkandi RT 05 Rw 01 Kec.Purwareja Klampok Kab. Banjarnegara,085701080123,D III,2023,140/78/Tahun 2023,Wakil Ketua
3739, Sirongge,Pandanarum,Dirto,"Banjarnegara, 06 April 1984",Sirongge Rt 002 Rw 03,085747334589,SMA,2018,141.32/33.3/2018,Kasi Kesejahteraan
3740, Sirongge,Pandanarum,Sukarsih,"Banjarnegara, 02 Januari 1974",Sirongge Rt 002 Rw 001,081249402370,D2,2017,141/01.4/TAHUN 2017,Kasi Pelayanan
3741, Sirongge,Pandanarum,Rita Widiani,"Banjarnegara, 01 September 2001",Sirongge Rt 002 Rw 06,085867739651,SI,2023,100.3.2.5/27.1/Tahun 2023,Kasi Pemerintahan
3742, Sirongge,Pandanarum,Lego Prasetyo,"Banjarnegara, 01 Januari 1990","Sirongge, Rt 001 Rw 002",081368286215,SMA/Sederajat,2020,141.32/15.3/TAHUN 2020,Kaur Keuangan
3743, Sirongge,Pandanarum,Agung Setyawan,"Pekalongan, 22 September 1996",Sirongge Rt 002 Rw 007,08558786827,S1,2020,141.32/15.2/TAHUN 2020,Kaur Perencanaan
3744, Sirongge,Pandanarum,Yulianto,"Banjarnegara, 13 Juli 1982",Sirongge Rt 002 Rw 002,082220766066,D2,2022,141.32/12/TAHUN 2022,Kaur TU dan Umum
3745, Sirongge,Pandanarum,Kahono,"Banjarnegara,11 Desember 1962",Sirongge Rt 03 Rw 03,081328896040,SMA/Sederajat,2021,190/406/Tahun 2021,Kepala Desa
3746, Sirongge,Pandanarum,Suyono,"Banjarnegara, 29 Januari 1971",Sirongge Rt 001 Rw 001,082221634227,SMA/Sederajat,2017,141/01.7/TAHUN 2017,Kepala Dusun I
3747, Sirongge,Pandanarum,Hanto,"Banjarnegara, 07 April 1990",Sirongge Rt 003 Rw 002,081391650863,SMA/Sederajat,2017,141/01.8/TAHUN 2017,Kepala Dusun II
3748, Sirongge,Pandanarum,Taryoto,"Banjarnegara, 27 Januari 1982",Sirongge Rt 002 Rw 004,082322867041,SMA/Sederajat,2024,100.3.2.5/23/Srg/TAHUN 2024,Kepala Dusun III
3749, Sirongge,Pandanarum,Nova Lutfiani,"Banjarnegara, 04 November 2002",Sirongge Rt 001 Rw 005,085640990113,SMA/Sederajat,2023,100.3.2.5/27/TAHUN 2023,Kepala Dusun IV
3750, Sirongge,Pandanarum,Teguh Purnomo,"Banjarnegara, 19 Juni 1978",S,085602764991,Sirongge Rt 002 Rw 007,2017,141/01.11/TAHUN 2017,Kepala Dusun V
3751, Sirongge,Pandanarum,Kati,"Banjarnegara, 22 Maret 1984",Sirongge Rt 002 Rw 008,081391994919,SMA,2017,141/01.12/TAHUN 2027,Kepala Dusun VI
3752, Sirongge,Pandanarum,Saefudin,"Banjarnegara,01 Januari 1983",Sirongge Rt 003 Rw 01,085839000887,SMA,2018,141.32/33.1/2018,Sekdes
3753, Sirongge,Pandanarum,Santo,"Banjarnegara, 07 Februari 1984",Sirongge Rt 001 Rw 002,082323490550,SMP,2024,400.10.2/1074 TAHUN 2024,Anggota
3754, Sirongge,Pandanarum,Nur Nikma Umriani,"Batang, 13 September 2000",Sirongge,085640990076,SMP,2024,400.10.2/1074 TAHUN 2024,Anggota
3755, Sirongge,Pandanarum,Ahmad Afandi,"Banjarnegara, 02 Agustus 1990",Sirongge RT 002 Rw 006,085640093182,SMA,2024,400.10.2/1074 TAHUN 2024,Anggota
3756, Sirongge,Pandanarum,Wedianto,"Banjarnegara, 04 Desember 1991",Sirongge Rt 002 Rw 004,082328471246,SMA,2024,400.10.2/1074 TAHUN 2024,Anggota
3757, Sirongge,Pandanarum,Drs. Sutrisno,"Purbalingga, 07 Agustus 1963",Sirongge Rt 003 Rw 001,085226632238,S1,2024,400.10.2/1074 TAHUN 2024,Ketua
3758, Sirongge,Pandanarum,Indriyani,"Banjarnegara, 27 Agustus 1998",Sirongge Rt 002 Rw 003,082221594008,S1,2024,400.10.2/1074 TAHUN 2024,Sekretaris
3759, Sirongge,Pandanarum,Rohim,"Banjarnegara, 23 Oktober 1986",Sirongge Rt 001 Rw 007,085325989704,SMA,2024,400.10.2/1074 TAHUN 2024,Wakil Ketua
3760, Sirukem,Kalibening,RATNO,"Banjarnegara, 02 April 1973","Sirukem RT 001 RW 02, Kalibening",082328728447,SMA,2019,141.1/1055 TAHUN 2019,Kepala Desa Sirukem
3761, Sirukem,Kalibening,KHAERUNASIKIN,"Banjarnegara, 18 April 1990","Sirukem RT 003 RW 02, Kalibening",082250000458,S1,2017,141.32/10 TAHUN 2017,Sekretaris Desa
3762, Sirukun,Kalibening,WINARKO,"Banjarnegara, 26 Oktober 1983",Desa Sirukun RT 03 RW 04,085896155945,SMA,2017,141.17/11/2017,Kasi Pelayanan
3763, Sirukun,Kalibening,AGUS,"Banjarnegara, 06 April 1980",Desa Sirukun RT 02 RW 01,081392188854,SMA,2008,141/5/2008,Kasi Pemerintahan
3764, Sirukun,Kalibening,MADIONO,"Banjarnegara, 10 Juli 1980",Desa Sirukun RT 01 RW 02,082223941730,SMA,2008,141/5/2008,Kaur Keuangan
3765, Sirukun,Kalibening,KHOLIL BUDI UTOMO,"Banjarnegara, 30 April 1991",Desa Sirukun RT 02 RW 03,085875562198,SMA,2017,141.17/11/2017,Kaur Perencanaan
3766, Sirukun,Kalibening,ANIK MASRUKAH,"Pati, 12 Maret 1995",Desa Sirukun RT 02 RW 04,083110369030,SMA,2019,141.3/38/2019,Kaur TU dan Umum
3767, Sirukun,Kalibening,KARPI,Banjarnegara 26 Juni 1983,Desa Sirukun RT 01 RW 02,081292950407,SMA,2019,141.1/1066/2019,Kepala Desa
3768, Sirukun,Kalibening,TRI UTOMO SAPUTRO,"Banjarnegara, 17 Desember 1997",Desa Sirukun RT 01 RW 02,0859131413680,SMA,2019,141.1/1066/2019,Kepala Dusun Sampo
3769, Sirukun,Kalibening,SUPRIATI,"Banjarnegara, 03 April 1978",Desa Sirukun RT 01 RW 04,081229893939,SMA,2017,141.1/1066/2019,Kepala Dusun Sangkanjaya
3770, Sirukun,Kalibening,BONDAN TRI SAPUTRA,"Banjarnegara, 18 Oktober 1992",Desa Sirukun RT 02 RW 04,081233974652,SMA,2017,141.17/11/2017,Sekretaris Desa
3771, Sirukun,Kalibening,Taat Hidayat,"Banjarnegara, 9 Juli 1974",Sirukun RT 002 RW 002,085292409494,SMA,2023,140/1225/2023,Badan Permusyawaratan Desa
3772, Sirukun,Kalibening,Rumiati,"Banjarnegara, 28 Juni 1981",Sirukun RT 002 RW 004,085801030872,SMA,2023,140/1225/2023,Badan Permusyawaratan Desa
3773, Sirukun,Kalibening,Husnul Khotimah,"Banjarnegara, 22 Juli 1997",Sirukun RT 004 RW 003,085759143902,SMA,2023,140/1225/2023,Badan Permusyawaratan Desa
3774, Sirukun,Kalibening,Tuti,"Banjarnegara, 18 November 1981",Sirukun RT 001 RW 001,081391175082,SMA,2023,140/1225/2023,Badan Permusyawaratan Desa
3775, Sirukun,Kalibening,Rohmat,"Banjarnegara, 16 September 1962",Sirukun RT 001 RW 004,081229893939,S1,2023,140/1225/2023,Badan Permusyawaratan Desa
3776, Sirukun,Kalibening,Rumyati,"Banjarnegara, 31 Maret 1975",Sirukun RT 001 RW 001,081215254839,SMA,2023,140/1225/2023,Badan Permusyawaratan Desa
3777, Sirukun,Kalibening,Mugiarti,"Banjarnegara, 29 Desember 1982",Sirukun RT 001 RW 002,083128717761,SMA,2023,140/1225/2023,Badan Permusyawaratan Desa
3778, Situwangi,Rakit,MARJUB FAOZAN,"Banjarnegara, 26 April 1984",Situwangi RT 01 RW 01,085227378085,SLTA,2018,141.3 / 23 TAHUN 2018,Sekretaris Desa
3779, Situwangi,Rakit,Agus Riyanto,"Bnajarnegara, 17 Agustus 1988",Desa SItuwangi,081230038851,SLTA,2023,140/1139 Tahun 2023,Anggota
3780, Situwangi,Rakit,Mustaqim,"Banjarnegara, 04 Mei 1982",Desa SItuwangi,081329681343,SLTA,2023,140/1139 Tahun 2023,Anggota
3781, Situwangi,Rakit,Sulaiman,"Banjarnegara, o3 Juli 1977",Desa SItuwangi,089520359745,SLTA,2023,140/1139 Tahun 2023,Anggota
3782, Situwangi,Rakit,Deni Kurniawan,"Banjarengara, 04 juni 1995",Desa SItuwangi,081228688437,S1,2023,140/1139 Tahun 2023,Anggota
3783, Situwangi,Rakit,Daviniatul �Ulum,"Banjarnegara, 25 januari 1997",Desa SItuwangi,085602119722,SLTA,2023,140/1139 Tahun 2023,Anggota
3784, Situwangi,Rakit,Arif Rusman,"Banjarnegara, 19 desember 1986",Desa SItuwangi,085876178213,SLTP,2023,140/1139 Tahun 2023,Anggota
3785, Situwangi,Rakit,SOLEKHUN,"Banjarengara, 08 Februari 1976",Situwangi RT 05 RW 02,085291049631,SLTA,2024,400.10.2/1074 TAHUN 2024,Ketua BPD
3786, Situwangi,Rakit,KUN WIDIASTUTI,"Banjarnegara, 18-06-1976",Situwangi RT 03 RW 05,082129129772,SP1,2024,400.10.2/1074 TAHUN 2024,Sekertaris BPD
3787, Situwangi,Rakit,MACHMUD CHASAN,"Banjarenagara, 14-12-1980",SItuwangi RT 03 RW 04,085248942182,SLTA,2024,400.10.2/1074 TAHUN 2024,Wakil Ketua BPD
3788, Slatri,Karangkobar,SUPANGAT,"BANJARNEGARA, 06/06/1983",SLATRI RT 02/03,085227944056,SMA,2017,2 TAHUN 2017,KADUS
3789, Slatri,Karangkobar,JURIANTO,"BANJARNEGARA, 20/12/1981",SLATRI RT 01/02,082234430288,SMA,2017,2 TAHUN 2017,KADUS
3790, Slatri,Karangkobar,KIMAH,"BANJARNEGARA, 15/05/1975",SLATRI RT 02/04,085226192924,SMA,2017,2 TAHUN 2017,KADUS
3791, Slatri,Karangkobar,PURWANTO BURHAM,"BANJARNEGARA, 26/6/1969",SLATRI RT 02/01,081227392191,SD,2017,2 TAHUN 2017,KADUS
3792, Slatri,Karangkobar,SOLEMAN,"BANJARNEGARA, 25/01/1993",SLATRI RT 01/02,082221185912,SMA,2017,2 TAHUN 2017,KASI KESRA
3793, Slatri,Karangkobar,FITRIYANI,"BANJARNEGARA, 19/05/1988",SLATRI RT 02/02,081228212190,SMA,2017,2 TAHUN 2017,KASI PELAYANAN
3794, Slatri,Karangkobar,KISRO,"BANJARNEGARA, 18/08/1972",SLATRI RT 01/03,085325787644,SMA,2017,2 TAHUN 2017,KASI PEMERINTAHAN
3795, Slatri,Karangkobar,JAMININGSIH,"BLORA, 10/10/1981",SLATRI RT 01/03,081317717281,SMA,2017,12 TAHUN 2017,KAUR KEUANGAN
3796, Slatri,Karangkobar,KHOIRUL ANWAR,"MALANG, 19/11/1983",SLATRI RT 01/02,082225068499,SMA,2017,13 TAHUN 2017,KAUR PERENCANAAN
3797, Slatri,Karangkobar,HAMDANI,"LAMPUNG SELATAN, 24/7/1966",SLATRI RT 01/01,082227233722,SMA,2017,2 TAHUN 2017,KAUR TU DAN UMUM
3798, Slatri,Karangkobar,IRAWAN SRI UTOMO,"BANJARNEGARA, 09/01/1972",SLATRI RT 01/02,+62 813-3922-4408,SMA,2019,141.1/1059,KEPALA DESA
3799, Slatri,Karangkobar,GALUH AYU NURJANAH,"BANJARNEGARA, 24/12/1991",SLATRI RT 01/01,085327971123,D3,2017,11 TAHUN 2017,SEKRETARIS DESA
3800, Slatri,Karangkobar,KELIYAH,BANJARNEGARA,"Slatri rt 01/01, karangkobar, banjarnegara",085327971123,SMA,2024,400.10.2/1074 TAHUN 2024,ANGGOTA BPD
3801, Slatri,Karangkobar,TUTI WAHYUNI,"BANJARNEGARA, 18/10/1997",SLATRI RT 01/04,085878934446,SMA,2024,400.10.2/1074 TAHUN 2024,ANGGOTA BPD
3802, Slatri,Karangkobar,AFRIANTO,BANJARNEGARA,"Slatri rt 01/01, karangkobar, banjarnegara",085327971123,SMA,2024,400.10.2/1074 TAHUN 2024,ANGGOTA BPD
3803, Slatri,Karangkobar,DWI YULIYANTI,BANJARNEGARA,"Slatri rt 01/01, karangkobar, banjarnegara",085327971123,SMA,2024,400.10.2/1074 TAHUN 2024,ANGGOTA BPD
3804, Slatri,Karangkobar,NUR YAHYA,"BANJARNEGARA, 26/03/1991",SLATRI RT 02/03,081228255117,S1,2024,400.10.2/1074 TAHUN 2024,KETUA BPD
3805, Slatri,Karangkobar,ISTI MARYAMAH,"BANJARNEGARA, 19/06/1997",SLATRI RT 01/02,081239671934,D3,2024,400.10.2/1074 TAHUN 2024,SEKRETARIS BPD
3806, Slatri,Karangkobar,NUR KHOLIK,"BANJARNEGARA, 14/06/1994",SLATRI RT 02/03,085229763497,S1,2024,400.10.2/1074 TAHUN 2024,WAKIL KETUA BPD
3807, Sokaraja,Pagentan,TURSIYAH,"BANJARNEGARA, 21 MARET 1984",SOKARAJA RT 01 RW 01,082324421196,SMA,2017,141.3/16/2017,KASI KESEJAHTERAAN
3808, Sokaraja,Pagentan,SAMIN,"BANJARNEGARA, 16 JULI 1973",SOKARAJA RT 03 RW 03,085244857508,SMA,2018,141.3/17/2018,KASI PELAYANAN
3809, Sokaraja,Pagentan,ENDAH TRI ASTUTI,"BANJARNEGARA, 28 MEI 1989",SOKARAJA RT 01 RW 02,085229611118,SMA,2017,141.3/15/2017,KASI PEMERINTAHAN
3810, Sokaraja,Pagentan,SLAMET,"BANJARNEGARA, 14 MEI 1969",SOKARAJA RT 03 RW 03,085642405772,SMA,2016,141.3/36/2016,KAUR TU DAN UMUM
3811, Sokaraja,Pagentan,JAMHAR,"BANJARNEGARA, 17 APRIL 1964",SOKARAJA RT 05 RW 01,081318906920,SMA,2019,141.1/1125/2019,KEPALA DESA
3812, Sokaraja,Pagentan,SLAMET RIYADI,"BANJARNEGARA, 08 AGUSTUS 1986",SOKARAJA RT 01 RW 01,082138511910,SMA,2017,141.3/17/2017,KEPALA DUSUN I
3813, Sokaraja,Pagentan,KOSONG,KOSONG,KOSONG,KOSONG,KOSONG,KOSON,KOSONG,KEPALA DUSUN II
3814, Sokaraja,Pagentan,KOSONG,KOSONG,KOSONG,KOSONG,KOSONG,KOSON,KOSONG,KEPALA DUSUN III
3815, Sokaraja,Pagentan,KISAM,"BANJARNEGARA, 10 JULI 1984",SOKARAJA RT 02 RW 01,082219170991,SMA,2018,141.3/17/2018,KEPALA URUSAN KEUANGAN
3816, Sokaraja,Pagentan,WATIAH,"BANJARNEGARA, 12 FEBRUARI 1991",SOKARAJA RT 06 RW 01,082329646130,SMA,2016,141.3/37/2016,KEPALA URUSAN PERENCANAAN
3817, Sokaraja,Pagentan,MISKAM,"BANJARNEGARA, 10 DESEMBER 1987",SOKARAJA RT 06 RW 01,081329287707,SMA,2017,141.3/14/2017,SEKRETARIS DESA
3818, Sokaraja,Pagentan,SIYO,"BANJARNEGARA, 27 JUNI 1977",SOKARAJA RT 04 RW 01,082322894151,SMA,2016,141.3/40/2016,STAF PELAYANAN
3819, Sokaraja,Pagentan,YULIANTI,"BANJARNEGARA, 30 MEI 1990",SOKARAJA RT 05 RW 01,081226524568,SMA,2023,140/1489 Tahun 2023,ANGGOTA BID. PENYELENGGARAAN PEMDES DAN PEMBINAAN 
3820, Sokaraja,Pagentan,JUMIRAH,"BANJARNEGARA, 21 OKTOBER 1994",SOKARAJA RT 02 RW 02,085328306628,SLTP,2023,140/1489 Tahun 2023,"ANGGOTA BID. PENYELENGGARAAN PEMDES, PEMBANGUNAN D"
3821, Sokaraja,Pagentan,SIYO DWIROSO,"BANJARNEGARA, 23 OKTOBER 1983",SOKARAJA RT 02 RW 03,082314111871,S1,2023,140/1489 Tahun 2023,KETUA BID. PENYELENGGARAAN PEMDES DAN PEMBINAAN KE
3822, Sokaraja,Pagentan,SURIPTO,"BANJARNEGARA, 16 JULI 1973",SOKARAJA RT 06 RW 01,081329868877,SMA,2023,140/1489 Tahun 2023,"KETUA BID. PENYELENGGARAAN PEMDES, PEMBANGUNAN DAN"
3823, Sokaraja,Pagentan,ARIF SAIFUDIN,"BANJARNEGARA, 23 MARET 1983",SOKARAJA RT 03 RW 02,082266608883,S1,2023,140/1489 Tahun 2023,KETUA BPD
3824, Sokaraja,Pagentan,LARAS MUNIA SARI,"BANJARNEGARA, 08 MEI 1996",SOKARAJA RT 07 RW 01,082224081471,SMA,2023,140/1489 Tahun 2023,SEKRETARIS BPD
3825, Sokaraja,Pagentan,TATO,"BANJARNEGARA, 10 NOVEMBER 1985",SOKARAJA RT 02 RW 03,085329991998,S1,2023,140/1489 Tahun 2023,WAKIL KETUA BPD
3826, Somawangi,Mandiraja,Hadirin,"Banjarnegara, 1 April 1984",Desa Somawangi RT 004 RW 04,085326055167,SMA,2017,13/TAHUN 2017,Kasi Kesejahteraan
3827, Somawangi,Mandiraja,Hendro Sujarwo,"Banjarnegara, 2 Februari 1972",Desa Somawangi RT 005 RW 03,081327411770,S1,2002,17/TAHUN 2016,Kasi Pelayanan
3828, Somawangi,Mandiraja,Suwanto,"Banjarnegara, 6 September 1970",Desa Somawangi RT 003 RW 06,085290429745,SMA,2002,15/TAHUN 2016,Kasi Pemerintahan
3829, Somawangi,Mandiraja,Elang Agus Subekti,"Banjarnegara,27 Agustus 1992",Desa Somawangi RT 005 RW 02,081226465036,SMA,2017,14/TAHUN 2017,Kaur Keuangan
3830, Somawangi,Mandiraja,Eko Yulianto,"Banjarnegara,10 Oktober 1977",Desa Somawangi RT 002 RW 03,082138842300,D3,2008,18/TAHUN 2016,Kaur Perencanaan
3831, Somawangi,Mandiraja,Kh Taufiq,"Banjarnegara,3 Februari 1969",Desa Somawangi RT 002 RW 03,085210198955,SMA,2016,16/TAHUN 2016,Kaur TU &amp; Umum
3832, Somawangi,Mandiraja,Sigro Pranantiyo,"Banjarnegara,10 Agustus 1979",Desa Somawangi RT 001 RW 01,085227371363,SMA,2019,141.1/1018/TAHUN 2019,KEPALA DESA
3833, Somawangi,Mandiraja,Ikfan Wigiatno,"Banjarnegara, 26 Januari 1990",Desa Somawangi RT 004 RW 01,085328069250,SMA,2017,15/TAHUN 2017,Kepala Dusun 1
3834, Somawangi,Mandiraja,Sigit Guntoro,"Banjarnegara, 28 Januari 1983",Desa Somawangi RT 004 RW 04,085319013083,SMA,2017,16/TAHUN 2017,Kepala Dusun 2
3835, Somawangi,Mandiraja,Ismi Yunianto,"Banjarnegara, 7 Juni 1985",Desa Somawangi RT 003 RW 06,087774539678,SMA,2017,17/TAHUN 2017,Kepala Dusun 3
3836, Somawangi,Mandiraja,Pamin,"Banjarnegara, 8 Agustus 1967",Desa Somawangi RT 006 RW 07,085227526695,SMA,2016,19/TAHUN 2016,Kepala Dusun 4
3837, Somawangi,Mandiraja,Adi Susanto,"Banjarnegara,26 April 1988",Desa Somawangi RT 004 RW 01,081327517878,SMA,2017,12/TAHUN 2017,Sekretaris Desa
3838, Somawangi,Mandiraja,Yuniarto,"Banjarnegara,11 Juli 1968",Desa Somawangi RT 003 RW 01,085227990275,SMA,2016,21/TAHUN 2016,Staff Kasi Pelayanan
3839, Somawangi,Mandiraja,Nasum,"Banjarnegara,29 Desember 1977",Desa Somawangi RT 001 RW 04,088229579962,SMA,2023,140/1068 Tahun 2023,Anggota BPD
3840, Somawangi,Mandiraja,Wasran,"Banjarnegara,10 November 1985",Desa Somawangi RT 001 RW 08,081327427376,D3,2023,140/1068 Tahun 2023,Anggota BPD
3841, Somawangi,Mandiraja,Dosin Suseno,"Banjarnegara,15 Juni 1963",Desa Somawangi RT 002 RW 05,083838836050,S1,2023,140/1068 Tahun 2023,Anggota BPD
3842, Somawangi,Mandiraja,Wastim,"Banjarnegara,9 Juni 1970",Desa Somawangi RT 002 RW 08,082265300971,SMA,2023,140/1068 Tahun 2023,Anggota BPD
3843, Somawangi,Mandiraja,Cahya Wibowo,"Banjarnegara,26 Agustus 1991",Desa Somawangi RT 004 RW 04,085227700353,SMA,2023,140/1068 Tahun 2023,Anggota BPD
3844, Somawangi,Mandiraja,Opy Hardiyanto,"Banjarnegara,2 Oktober 1992",Desa Somawangi RT 003 RW 06,085693581658,SMA,2023,140/1068 Tahun 2023,Anggota BPD
3845, Somawangi,Mandiraja,Tarsun,"Cilacap,4 Februari 1977",Desa Somawangi RT 001 RW 02,082134103798,SMA,2023,140/1068 Tahun 2023,Ketua BPD
3846, Somawangi,Mandiraja,Sri Paryati,"Banjarnegara,12 Oktober 1979",Somawangi RT 005 RW 03,081327516599,SMA,2023,140/1068 Tahun 2023,Sekretaris BPD
3847, Somawangi,Mandiraja,Deni Hidayat,"Banjarnegara,3 Oktober 2000",Desa Somawangi RT 006 RW 01,083120531551,SMA,2023,140/1068 Tahun 2023,Wakil Ketua
3848, Sumberejo,Batur,"Cipto Yuwono,SE","Banjarnegara, 6 Juli 1967",Sumberejo 003/002,081391363458,S1,2024,400.10.2/365 Tahun 2024,Kepala Desa
3849, Sumberejo,Batur,Mulyanto,"Banjarnegara, 9 Juni 1966",Sumberejo 001/003,082220968697,SMA,2016,141/36/Tahun 2016,Kepala Dusun Kaliputih
3850, Sumberejo,Batur,Nurul Muntaha,"Banjarnegara, 6 April 1980",Sumberejo 003/004,085228462229,SMA,2016,141/37/Tahun 2016,Kepala Dusun Serang
3851, Sumberejo,Batur,Nur Bahagia,"Banjarnegara, 13 Oktober 1965",Sumberejo 004/002,085291334379,SMA,2016,141/35/Tahun 2016,Kepala Dusun Sumberejo Kidul
3852, Sumberejo,Batur,Suyitno,"Banjarnegara, 13 Oktober 1971",Sumberejo 005/001,082324878760,SMP,2016,141/34/Tahun 2016,Kepala Dusun Sumberejo Lor
3853, Sumberejo,Batur,"M Hatta Kusuma Atmaja,S.Pd.I","Banjarnegara, 27 Oktober 1986",Sumberejo 005/001,082136054558,S1,2017,141/26/Tahun 2017,Kepala Seksi Kesejahteraan
3854, Sumberejo,Batur,Tri winarko,"Banjarnegara, 8 Oktober 1969",Sumberejo 003/002,081327981800,SMA,2016,141/32/Tahun 2016,Kepala Seksi Pelayanan
3855, Sumberejo,Batur,Samsul Hadi,"Banjarnegara,16 November 1969",Sumberejo 006/002,085174197897,SMP,2016,141/29/Tahun 2016,Kepala Seksi Pemerintahan
3856, Sumberejo,Batur,Surya Ikhwan Muslim,"Banjarnegara, 16 Mei 1993",Sumberejo 002/002,08574704651,D4,2022,141/33/Tahun 2022,Kepala Urusan Keuangan
3857, Sumberejo,Batur,Pudjo Budiono,"Banjarnegara, 30 September 1968",Sumberejo 003/004,081325251803,SMA,2016,141/33/Tahun 2016,Kepala Urusan Perencanaan
3858, Sumberejo,Batur,Miftakhurrizal,"Banjarnegara, 19 September 1987",Sumberejo 001/005,082225256919,SMA,2017,141/25/Tahun 2017,Kepala Urusan Tata Usaha dan Umum
3859, Sumberejo,Batur,"Ririn kurniyawati,S.Pd.I","Banjarnegara, 23 Desember 1990",Sumberejo 001/005,082329647076,S1,2017,141/24/Tahun 2017,Sekretaris Desa
3860, Sumberejo,Batur,Mahmudi,"Banjarnegara, 1 Desember 1978",Sumberejo 001/005,085292957983,SMP,2016,141/40/Tahun 2016,Staff Kepala Seksi Pemerintahan
3861, Sumberejo,Batur,Wahyudi,"Banjarnegara, 12 April 1976",Sumberejo 002/004,082225844789,SMP,2016,141/38/Tahun 2016,Staff Kepala Urusan Keuangan
3862, Sumberejo,Batur,Tartoyo,"Banjarnegara, 15 April 1972",Sumberejo 001/003,085201454180,SMA,2016,141/39/Tahun 2016,Staff Kepala Urusan Perencanaan
3863, Sumberejo,Batur,Muhammad Reynaldi Ainul Yaqin,"Banjarnegara, 9 Februari 1999",Sumberejo 007/003,082313486663,SMA,2023,140/1013 Tahun 2023,Anggota BDP Desa Sumberejo
3864, Sumberejo,Batur,Mohammad Romadhon,"Banjarnegara, 10 April 1990",Sumberejo 002/004,082313931133,SMA,2023,140/1013 Tahun 2023,Anggota BDP Desa Sumberejo
3865, Sumberejo,Batur,Slamet Budi Rohman,"Banjarnegara, 30 November 1969",Sumberejo 005/003,05325740660,SMP,2023,140/1013 Tahun 2023,Anggota BDP Desa Sumberejo
3866, Sumberejo,Batur,Muhammad Adam Yourdan,"Banjarnegara, 6 februari 1997",Sumberejo 002/002,085327949835,SMA,2023,140/1013 Tahun 2023,Anggota BDP Desa Sumberejo
3867, Sumberejo,Batur,Daffa Dzakwan Pambudi,"Banjarnegara, 8 April 1997",Sumberejo 001/005,081334565940,S1,2023,140/1013 Tahun 2023,Anggota BDP Desa Sumberejo
3868, Sumberejo,Batur,Ah Nur Hakim,"Banjarnegara, r5 Agustus 1982",Sumberejo 002/002,085227335447,S1,2023,140/1013 Tahun 2023,Anggota BPD Desa Sumberejo
3869, Sumberejo,Batur,Adam Sudrajat,"Banjarnegara, 31 Maret 1986",Sumberejo 001/005,081390776111,SMA,2023,140/1013 Tahun 2023,Ketua BPD Desa Sumberejo
3870, Sumberejo,Batur,Fiqih Puspita Oktaviana,"Banjarnegara, 16 oktober 1993",Sumberejo 004/001,085741689778,D3,2023,140/1013 Tahun 2023,Sekretaris BPD Desa Sumberejo
3871, Sumberejo,Batur,Asfaroony Albab,"Banjarnegara, 8 Oktober 1994",Sumberejo 003/001,082232270078,S1,2023,140/1013 Tahun 2023,Wakil Ketua BPD Desa Sumberejo
3872, Susukan,Wanayasa,BASIRUN,"Banjarnegara, 06 - 03 - 1970","Dusun Legoklangkir RT 003 RW 003, Desa Susukan Kecamatan Wanayasa",081393391202,SLTP,2004,141/05 TAHUN 2004,Kasi Kesra
3873, Susukan,Wanayasa,MAHMUD,"Banjarnegara, 28 - 08 - 1966","Dusun Simpar RT 002 RW 004, Desa Susukan Kecamatan Wanayasa",085704986240,SMA,2004,141/03 TAHUN 2004,Kasi Pelayanan
3874, Susukan,Wanayasa,YUSRO,"Banjarnegara, 24 - 05 - 1968","Dusun Legoklangkir RT 001 RW 003, Desa Susukan Kecamatan Wanayasa",081329365179,SMA,2000,141/09/2000,Kasi Pemerintahan
3875, Susukan,Wanayasa,HASAN ASHARI,"Banjarnegara, 17 September 1979",Desa Susukan RT 001/RW 01,082299444873,SMA,2017,-,Kaur Keuangan
3876, Susukan,Wanayasa,AKROM NASEUN,"Banjarnegara, 03 April 1979",Desa Susukan RT 001/RW 03,082314866710,SMA,2017,-,Kaur Perencanaan
3877, Susukan,Wanayasa,MIFTAHUDIN,"Banjarnegara, 22 Juli 1997",Desa Susukan RT 002/RW 03,085602466008,SMA,2021,-,Kaur TU/Umum
3878, Susukan,Susukan,MOKHAMAD SOLEH,"Banjarnegara, 21 April 1968",DESA SUSUKAN RT 001 RW 001 KECAMATAN SUSUKAN KABUPATEN BANJARNEGARA,082135266905,SMA,2019,141.1/963/20019,KEPALA DESA
3879, Susukan,Wanayasa,HASIM ABDULLAH,"Banjarnegara, 18 Juli 1968",Desa Susukan RT 002/RW 03,081215373490,S1,2019,191.1/953 Tahun 2019,Kepala Desa
3880, Susukan,Susukan,MARSUM MARTONO,"Banjarnegara, 29 September 1972",DESA SUSUKAN RT 001 RW 003 KECAMATAN SUSUKAN KABUPATEN BANJARNEGARA,085713228151,S1,2017,Jan-17,KEPALA DUSUN
3881, Susukan,Susukan,ISMANGIL,"Kebumen, 16 Juli 1969",DESA SUSUKAN RT 002 RW 006 KECAMATAN SUSUKAN KABUPATEN BANJARNEGARA,081327653396,SMA,2017,Jan-17,KEPALA DUSUN
3882, Susukan,Susukan,IFVAN SETIAWAN,"Banjarnegara, 06 Desember 1985",DESA SUSUKAN RT 003 RW 001 KECAMATAN SUSUKAN KABUPATEN BANJARNEGARA,085226885387,SMA,2017,Jan-17,KEPALA DUSUN
3883, Susukan,Wanayasa,SUJUD SUKUR,"Banjarnegara, 23 - 04 - 1990","Dusun Susukan RT 001 RW 001, Desa Susukan Kecamatan Wanayasa",082323858180,Diploma III,2017,141.31/07 TAHUN 2017,Kepala Dusun 1 Susukan
3884, Susukan,Wanayasa,SISWORO,"Banjarnegara, 12 - 05 - 1971","Dusun Susukan RT 001 RW 002, Desa Susukan Kecamatan Wanayasa",085291820706,SMA,2008,141/07 TAHUN 2008,Kepala Dusun 2 Dusun Susukan
3885, Susukan,Wanayasa,ISTIKOMAH,"Banjarnegara, 17 - 10 - 2000",Dusun Legoklangkir RT 002 RW 003,085879575136,SMA,2021,"141,32/46 TAHUN 2021","Kepala Dusun 3, Dusun Legoklangkir"
3886, Susukan,Susukan,LASTOYO,"Banjarnegara, 11 Agustus 1972",DESA SUSUKAN RT 001 RW 007 KECAMATAN SUSUKAN KABUPATEN BANJARNEGARA,081391168882,SMA,2021,141.32/18/2021,KEPALA SEKSI KESEJAHTERAAN
3887, Susukan,Susukan,ARIF SUTARYO,"Banjarnegara, 02 Juli 1981",DESA SUSUKAN RT 002 RW 005 KECAMATAN SUSUKAN KABUPATEN BANJARNEGARA,081391168882,SMA,2021,Jan-17,KEPALA SEKSI PELAYANAN
3888, Susukan,Susukan,RONI HIDAYAT DWI PUTRA,"Banjarnegara, 27 Agustus 1976",DESA SUSUKAN RT 002 RW 002 KECAMATAN SUSUKAN KABUPATEN BANJARNEGARA,085640444838,S1,2017,Jan-17,KEPALA SEKSI PEMERINTAHAN
3889, Susukan,Susukan,TEGUH SEMONO,"Banjarnegara, 23 April 1974",DESA SUSUKAN RT 001 RW 001 KECAMATAN SUSUKAN KABUPATEN BANJARNEGARA,085601968537,SMA,2023,141.32/38/2023,KEPALA URUSAN KEUANGAN
3890, Susukan,Susukan,SUPRIYANTO,"Banjarnegara, 04 Juni 1977",DESA SUSUKAN RT 002 RW 007 KECAMATAN SUSUKAN KABUPATEN BANJARNEGARA,088740077435,SMA,2018,141/21/2018,KEPALA URUSAN PERENCANAAN
3891, Susukan,Susukan,JULIADI,"Banjarnegara, 04 Juli 1986",DESA SUSUKAN RT 002 RW 003 KECAMATAN SUSUKAN KABUPATEN BANJARNEGARA,082136234445,S1,2021,141.32/18/2021,KEPALA URUSAN TU DAN UMUM
3892, Susukan,Wanayasa,HARYANTO,"Banjarnegara, 22 Mei 1983",Desa Susukan RT 002/ RW 01,082136603718,S1,2017,-,Sekretaris Desa
3893, Susukan,Susukan,ASIH MARIA PRATIWI,"Banjarnegara, 07 April 1987",DESA SUSUKAN RT 001 RW 001 KECAMATAN SUSUKAN KABUPATEN BANJARNEGARA,088238781254,S1,2023,141.32/38/2023,SEKRETARIS DESA
3894, Susukan,Wanayasa,AHMAD YASIR,"Banjarnegara, 03 - 06 - 1972","Dusun Simpar RT 004 RW 004, Desa Susukan",085803568199,SD,2004,1998,Staf Kasi Kesra
3895, Susukan,Susukan,SUWARTO U.M FACHRUDDIN,"Kebumen, 22 November 1975",DESA SUSUKAN RT 001 RW 005 KECAMATAN SUSUKAN KABUPATEN BANJARNEGARA,081226738612,SMA,2017,Jan-17,STAFF KAUR KEUANGAN
3896, Susukan,Wanayasa,NURUDIN,"Banjarnegara, 01 - 12 - 1980","Dusun Susukan RT 001 RW 001, Desa Susukan Kecamatan Wanayasa",085226600430,SLTP,2023,140/1306 Tahun 2023,Anggota
3897, Susukan,Wanayasa,ADWAN,"Banjarnegara, 17 - 06 - 1982","Dusun Legoklangkir RT 003 RW 003, Desa Susukan Kecamatan Wanayasa",085741907060,SLTP,2023,140/1306 Tahun 2023,Anggota
3898, Susukan,Susukan,SITI BAROKAH,"Banjarnegara, 03 Maret 1983",DESA SUSUKAN RT 002 RW 002 KECAMATAN SUSUKAN KABUPATEN BANJARNEGARA,085799846843,S1,2023,140/1148/2023,ANGGOTA BPD
3899, Susukan,Susukan,CHADINGUN,"Banjarnegara, 20 Juni 1976",DESA SUSUKAN RT 003 RW 005 KECAMATAN SUSUKAN KABUPATEN BANJARNEGARA,0812115991580,SLTA,2023,140/1148/2023,ANGGOTA BPD
3900, Susukan,Susukan,IMAM SOBIRIN,"Banjarnegara, 10 Juni 1970",DESA SUSUKAN RT 001 RW 002 KECAMATAN SUSUKAN KABUPATEN BANJARNEGARA,081228716723,D III,2023,140/1148/2023,KATUA BIDANG P PMD BPD
3901, Susukan,Wanayasa,PURWANTO,"Banjarnegara, 26 - 08 - 1987","Dusun Susukan RT 003 RW 001, Desa Susukan Kecamatan Wanayasa",085228473392,SMA,2023,140/1306 Tahun 2023,Ketua
3902, Susukan,Wanayasa,ZULFIKAR RAHMAN,"Banjarnegara, 12 - 12 - 1993",Dusun Simpar RT 002 RW 004,085777371926,SMA,2023,140/1306 Tahun 2023,Ketua Bidang Pembangunan Desa dan Bidang Pemberday
3903, Susukan,Wanayasa,ELI LESTARI ASTUTI,"Banjarnegara, 03 - 05 - 2000",Dusun Susukan RT 003 RW 002,081215447949,SMA,2023,140/1306 Tahun 2023,Ketua Bidang Penyelenggaraan Pemerintahan Desa dan
3904, Susukan,Susukan,YULIATUN,"Banjarnegara, 06 Juli 1986",DESA SUSUKAN RT 002 RW 006 KECAMATAN SUSUKAN KABUPATEN BANJARNEGARA,083844223406,SLTA,2023,140/1148/2023,KETUA BIDANG PK BPD
3905, Susukan,Susukan,SUNANTO,"Banjarnegara, 05 Mei 1975",DESA SUSUKAN RT 003 RW 003 KECAMATAN SUSUKAN KABUPATEN BANJARNEGARA,085747003555,S1,2023,140/1148/2023,KETUA BPD
3906, Susukan,Susukan,IMAM HARIYADI,"Banjarnegara, 10 September 1977",DESA SUSUKAN RT 001 RW 006 KECAMATAN SUSUKAN KABUPATEN BANJARNEGARA,085747414333,D III,2023,140/1148/2023,SEKRETARIS BPD
3907, Susukan,Wanayasa,RODIATUN KHASANAH,"Banjarnegara, 21 - 10 - 1986",Dusun Legoklangkir RT 002 RW 002,081548202146,S1,2023,140/1306 Tahun 2023,Sekretaris Merangkap Anggota
3908, Susukan,Susukan,IKHWANUDIN,"Banjarnegara, 06 Pebruari 1967",DESA SUSUKAN RT 002 RW 002 KECAMATAN SUSUKAN KABUPATEN BANJARNEGARA,085540321654,S1,2023,140/1148/2023,WAKIL KETUA BPD
3909, Susukan,Wanayasa,SAEFULOH,"Banjarnegara, 08 - 09 - 1987",Dusun Simpar RT 003 RW 004,085799644326,SLTP,2023,140/1306 Tahun 2023,Wakil Ketua Merangkap Anggota
3910, Suwidak,Wanayasa,MARCHIANO WIDIANTO,"Banjarnegara, 14-03-1999",Suwidak RT 001 RW 001,082242073447,SMA,2021,141/13/TAHUN 2021,KADUS I
3911, Suwidak,Wanayasa,BASUKI,"Banjarnegara, 04-04-1967",Suwidak RT 006 RW 002,081228392179,SMA,2017,141/13/TAHUN 2017,KADUS II
3912, Suwidak,Wanayasa,BERA,"Banjarnegara, 12-08-1968",Suwidak RT 001 RW 003,085328246448,SMA,2017,141/03/TAHUN 2017,KADUS III
3913, Suwidak,Wanayasa,SURIPTO,"Banjarnegara, 07-03-1983",Suwidak RT 001 RW 003,085329304000,SMA,2017,141.31/147/Kec.Wys/2017,Kasi Kesejahteraan
3914, Suwidak,Wanayasa,FADILAH TUTUR,"Banjarnegara, 02-04-1972",Suwidak RT 002 RW 002,082135999698,SMA,2021,141/09/2021,Kasi Pelayanan
3915, Suwidak,Wanayasa,JULIYAH,"Banjarnegara, 28-07-1985",Suwidak RT 005 RW 002,081217305600,SMA,2017,141/03 TAHUN 2017,Kasi Pemerintahan
3916, Suwidak,Wanayasa,NIRDIYANTO,"Banjarnegara,10-03-1970",Suwidak RT 005 RW 002,081392262002,SMA,2017,141/03 TAHUN 2017,Kaur Keuangan
3917, Suwidak,Wanayasa,SUTARNO,"Banjarnegara, 11-07-1984",Suwidak RT 001 RW 003,085293272700,SMA,2008,141/10/2019,Kaur Perencanaan
3918, Suwidak,Wanayasa,MAINAH,"Banjarnegara, 26-12-1986",Suwidak RT 001 RW 001,082324812439,SMA,2021,141/09/2021,Kaur TU dan Umum
3919, Suwidak,Wanayasa,RIP SANTOSA,"Banjarnegara,10-06-1981",Suwidak RT 001 RW 001,085292950111,SMA,2019,400.10.2/794 TAHUN 2024,Kepala Desa
3920, Suwidak,Wanayasa,TRI HASTUTI,"Banjarnegara,15-09-1992",Suwidak RT 001 RW 001,082227241605,S1,2017,141/03/125/2017,Sekretaris Desa
3921, Suwidak,Wanayasa,AHMAD SUTRISNO AL PONA,"Banjarnegara, 26-12-1966",Suwidak RT 002 RW 003,082310126859,SMP,2017,141/03/TAHUN 2017,STAFF KAUR PERENCANAAN
3922, Suwidak,Wanayasa,niman,4/3/1983,Suwidak RT 003/003 Kec wanayasa,082336567704,SLTP,2023,140/822/2023,Anggota
3923, Suwidak,Wanayasa,Mundriah,1/3/1987,Suwidak RT 006/002 Kec wanayasa,082257706192,SLTP,2023,140/826/2023,Anggota
3924, Suwidak,Wanayasa,Siti Aminah,3/10/1990,Suwidak RT 001/003 Kec wanayasa,082134031685,SLTP,2023,140/824/2023,Anggota
3925, Suwidak,Wanayasa,Pariah,11/8/1993,Suwidak RT 001/003 Kec wanayasa,082134138745,SLTA,2023,140/825/2023,Anggota
3926, Suwidak,Wanayasa,RIDWAN,6/1/1992,Suwidak RT 001/001 Kec wanayasa,081225083008,SLTP,2023,140/821/2023,Ketua
3927, Suwidak,Wanayasa,Arif Karnaeni,9/8/1999,Suwidak RT 002/002 Kec wanayasa,082232723891,SLTA,2023,140/823/2023,Sekretaris bpd
3928, Suwidak,Wanayasa,"SUENI,SHI",22-08-1984,Suwidak RT 001/001 Kec wanayasa,085291208609,SI,2023,140/820/2023,Wakil ketua
3929, Talunamba,Madukara,KARSONO,"Banjarnegara, 04 April 0974",TALUNAMBA RT 001 RW 001 KEC.MADUKARA KAB.BANJARNEGARA,081258676322,SMA,2014,141/03 Tahun 2017,Kasi Kesejahteraan
3930, Talunamba,Madukara,SUMINAH,"Banjarnegara, 03 September 1967",TALUNAMBA RT 001 RW 001 KEC.MADUKARA KAB.BANJARNEGARA,08562396596,SMA,2012,141/03 Tahun 2017,Kasi Pelayanan
3931, Talunamba,Madukara,SUYITNO,"Banjarnegara, 20 Juli 1967",TALUNAMBA RT 001 RW 001 KEC.MADUKARA KAB.BANJARNEGARA,085802921995,SMA,2009,141/03 Tahun 2017,Kasi Pemerintahan
3932, Talunamba,Madukara,NARMO,"Banjarnegara, 01 Juni 1982",TALUNAMBA RT 001 RW 003 KEC.MADUKARA KAB.BANJARNEGARA,085329453245,SMA,2014,141/03 Tahun 2017,Kaur Keuangan
3933, Talunamba,Madukara,DEVRI IVANDI,"Banjarnegara, 02 Desember 1994",TALUNAMBA RT 002 RW 002 KEC.MADUKARA KAB.BANJARNEGARA,083154926297,SMA,2024,"141,32/27 Tahun 2024",Kaur Perencanaan
3934, Talunamba,Madukara,SUNTORO,"Banjarnegara, 04 Mei 1965",Talunamba RT 001 RW 002,085302860074,SMA,2017,191.01/1111 Tahun 2019,Kepala Desa
3935, Talunamba,Madukara,NONDANG SUPRATMAN,"Banjarnegara, 28 Desember 1978",TALUNAMBA RT 001 RW 001 KEC.MADUKARA KAB.BANJARNEGARA,085729744440,SMA,2013,141/03 Tahun 2017,Kepala Dusun 1
3936, Talunamba,Madukara,ASEP DWI SANTOSA,"Banjarnegara ,04 September 1994",TALUNAMBA RT 006 RW 002 KEC.MADUKARA KAB.BANJARNEGARA,085189838994,SMA,2024,"141,32/28 Tahun 2024",Kepala Dusun 2
3937, Talunamba,Madukara,MISWAN,"Banjarnegara, 20 Mei 1969",TALUNAMBA RT 003 RW 003 KEC.MADUKARA KAB.BANJARNEGARA,085328252954,SMA,2009,141/03 Tahun 2017,Kepala Dusun 3
3938, Talunamba,Madukara,FITRI SULASTRI,"Banjarnegara, 13 Agustus 1980",TALUNAMBA RT 003 RW 001,085227449765,SMK,2017,141/09 Tahun 2017,Sekretaris Desa
3939, Talunamba,Madukara,RATNO,"Banjarnegara, 31 Desember 1972",TALUNAMBA RT 001 RW 001 KEC.MADUKARA KAB.BANJARNEGARA,081227933764,SMA,2013,141/03 Tahun 2017,Staff Kaur Perencanaan
3940, Talunamba,Madukara,DIKRI UMAR RELA,"Banjarnegara, 12 Oktober 1992",TALUNAMBA RT 002 RW 003 KEC.MADUKARA KAB.BANJARNEGARA,082227352225,SMA,2023,140/1023/Tahun 2023,Anggota
3941, Talunamba,Madukara,SUTARJO,"Banjarnegara, 12 Agustus 1967",TALUNAMBA RT 002 RW 002 KEC.MADUKARA KAB.BANJARNEGARA,081329939791,SLTP,2023,140/1023/Tahun 2023,Anggota
3942, Talunamba,Madukara,LUIS ADI PAMUNGKAS,"Banjarnegara, 28 Juni 1986",TALUNAMBA RT 001 RW 001 KEC.MADUKARA KAB.BANJARNEGARA,081391185080,S1,2023,140/1023/Tahun 2023,Ketua
3943, Talunamba,Madukara,AYU FITRIANI,"Cilacap, 05 April 1992",TALUNAMBA RT 002 RW 001 KEC.MADUKARA KAB.BANJARNEGARA,082225121005,SMA,2023,140/1023/Tahun 2023,Sekretaris
3944, Talunamba,Madukara,MUHAMAD IRVAN RIVAI,"Banjarnegara, 15 Juli 1999",TALUNAMBA RT 002 RW 002 KEC.MADUKARA KAB.BANJARNEGARA,082335401390,S1,2023,140/1023/Tahun 2023,Wakil Ketua
3945, Tanjunganom,Rakit,SUHARTI,"Banjarnegara,18-10-1982",Tanjunganom Rt 05 Rw 01,085726257181,SMA,2018,141.3/023/2018,KADUS I
3946, Tanjunganom,Rakit,KARSONO,"Banjarnegara,01-07-1972",Tanjunganom Rt 05 Rw 02,085869183818,SMA,2017,141.3/14/2017,KADUS II
3947, Tanjunganom,Rakit,BAMBANG P,"Banjarnegara,24-01-1978",Tanjunganom Rt 02 Rw 03,081228407102,SMA,2017,141.3/14/2017,KADUS III
3948, Tanjunganom,Rakit,SANGAJI,"Banjarnegara, 14-09-1969",Tanjunganom Rt 05 Rw 03,085228279267,SMA,2018,141.3/02/2018,KASI KESEJAHTERAAN
3949, Tanjunganom,Rakit,KASMINO,"Banjarnegara,12-11-1972","Tanjunganom, Rt 05 Rw 02",081327747307,SMA,2018,"141,3/02/2018",KASI PELAYANAN
3950, Tanjunganom,Rakit,RENI HIDAYATI,"Banjarnegara,19-01-1999",Tanjunganom Rt 02 Rw 04,089527309216,SMA,2022,141.3/39/2023,KASI PEMERINTAHAN
3951, Tanjunganom,Rakit,INDRA NUR ATRIA,Banjarnegara 15-11-1987,Tanjunganom Rt 04 Rw 04,085291441657,S1,2021,141.3/02/2021,KAUR KEUANGAN
3952, Tanjunganom,Rakit,SUJIARTI,Banjarnegara 19-01-1981,Tanjunganom Rt 04 Rw 03,0882005846013,SMA,2018,141.3/02/2018,KAUR TU DAN UMUM
3953, Tanjunganom,Rakit,"SUWAHYO,S.PD.SD","Banjarnegara,26-10-1968",Tanjunganom RT 04 RW 02,081327727083,S1,2019,141.1/923/2019,KEPALA DESA
3954, Tanjunganom,Rakit,MAHIDI,"Banjarnegara,16-09-1968",Tanjunganom Rt 05 Rw 01,081327755862,SMA,2018,141.3/02/2018,SEKRETARIS DESA
3955, Tanjunganom,Rakit,NIKO ADIAN,"BANJARNEGARA, 06-02-1995",TANJUNGANOM RT 06 RW 04,08987808859,SMA,2023,140/1149TH.2023,ANGGOTA BPD
3956, Tanjunganom,Rakit,ISTINGANAH,"BANJARNEGARA, 17 - 06 -1994",TANJUNGANOM RT 03 RW 01,082324258633,S1,2023,140/1149 TH 2023,ANGGOTA BPD
3957, Tanjunganom,Rakit,SAKIR HARTONO,"BANJARNEGARA,22-11-1971",TANJUNGANOM RT 03 RW 02,085292800989,SMA,2023,140/1149TH.2023,ANGGOTA BPD
3958, Tanjunganom,Rakit,SUKARNEN,"BANJARNEGARA,13 - 06 - 1970",TANJUNGANOM RT 04  RW 01,085229679108,SMA,2023,140/1149 TH 2023,ANGGOTA BPD
3959, Tanjunganom,Rakit,SLAMET HIDAYAT,"BANJARNEGARA,26-09-1971",TANJUNGANOM RT 05 RW 03,085227276656,SI,2023,140/1149 TH 2023,KETUA BPD
3960, Tanjunganom,Rakit,NANI MUSLIHAH,"BANYUMAS, 07-08-1978",TANJUNGANOM RT 04 RW 04,085712063094,SMA,2023,140/1149 TH 2023,SEKRETARIS BPD
3961, Tanjunganom,Rakit,WARYOTO,BANJARNEGARA.06-09-1960,TANJUNGANOM 01 RW 02,081327205973,D3,2023,140/1149TH.2023,WAKIL KETUA BPD
3962, Tanjungtirta,Punggelan,BADRIYAH,"Banjarnegara, 27 Juni 1980",Siwaru Rt 02 Rw 01,082322675989,S 1,2018,140/01/Tahun 2018,Kasi Kesejahteraan
3963, Tanjungtirta,Punggelan,ISNAINTO,"Banjarnegara, 06 Februari 1995",Tanjungtirta RT 04 RW 04,082220771212,SMA,2022,141/24/TAHUN 2022,Kasi Pelayanan
3964, Tanjungtirta,Punggelan,WARSITO,"Banjarnegara, 02 April 1967",Tanjungtirta RT 03 RW 02,08125988467,SMA,2020,141/21/TAHUN 2020,Kasi Pemerintahan
3965, Tanjungtirta,Punggelan,WIYANTI,"Banjarnegara, 12 Juli 1965",Tanjungtirta RT 05 RW 04,082325124634,SMA,2017,141/03/TAHUN 2017,Kaur Keuangan
3966, Tanjungtirta,Punggelan,YASKUM,"Banjarnegara, 08 April 1973",Tanjungtirta RT 02 RW 01,081392323995,SMA,2022,141/24/TAHUN 2022,Kaur Perencanaan
3967, Tanjungtirta,Punggelan,WAHID,"Banjarnegara, 25 Mei 1984",Tanjungtirta RT 02 RW 01,085328208309,D 2,2017,141/03/TAHUN 2017,Kaur Tata Usaha dan Umum
3968, Tanjungtirta,Punggelan,HERI AGUS STIAJI,"Banjarnegara, 13 Agustus 1984",Tanjungtirta RT 05 RW 01,085 227 146 992,SMA,2019,191.1/974 TAHUN 2019,Kepala Desa
3969, Tanjungtirta,Punggelan,SETIYO WIGIATMOKO,"Banjarnegara, 28 Oktober 1991",Tanjungtirta RT 01 RW 01,082320393360,SMA,2020,141/22/TAHUN 2020,Kepala Dusun 1 (Siwaru)
3970, Tanjungtirta,Punggelan,SYUKUR,"Banjarnegara, 29 Oktober 1974",Tanjungtirta RT 01 RW 03,081326788121,SMA,2017,141/03/TAHUN 2017,Kepala Dusun 2 (Menngora)
3971, Tanjungtirta,Punggelan,SARWONO,"Banjarnegara, 05 Mei1978",Tanjungtirta RT 03 RW 02,082135900054,SMA,2017,141/03/TAHUN 2017,Kepala Dusun 2 (Siwalan)
3972, Tanjungtirta,Punggelan,SUTIR,"Banjarnegara, 18 Juni 1973",Tanjungtirta RT 01 RW 04,082135900056,SMA,2017,141/03/TAHUN 2017,Kepala Dusun 4 (Dogleg)
3973, Tanjungtirta,Punggelan,LULUT MULIANA,"Banjarnegara, 08 Desember 1983",Tanjungtirta RT 01 RW 05,081328159474,SMA,2017,141/16/TAHUN 2017,Kepala Dusun 5 (Bengkat A)
3974, Tanjungtirta,Punggelan,PER ASPERA ARDIKA,"Banjarnegara, 05 Mei1998",Tanjungtirta RT 02 RW 06,082265300234,SMA,2020,141/17/TAHUN 2020,Kepala Dusun 6 (Bengkat B)
3975, Tanjungtirta,Punggelan,FUAD HASAN,"Banjarnegara, 05 Juni 1981",Tanjungtirta RT 02 RW 01,082299783730,S.1,2020,141/17/TAHUN 2020,Sekretaris Desa
3976, Tanjungtirta,Punggelan,ARI SETIONO,"Banjarnegara, 28 April 1993",Tanjungtirta RT 02 RW 06,082225027674,SMA,2023,140/1496/Tahun 2023,Anggota
3977, Tanjungtirta,Punggelan,TLINIATI,"Banjarnegara, 17 Nopember 1986","Tanjungtirta, RT 01 RW 03",081259908301,SMA,2023,140/1496/Tahun 2023,Anggota
3978, Tanjungtirta,Punggelan,SARMAN,"Banjarnegara, 15 Desember 1981",Tanjungtirta RT 03 RW 04,081393505211,SMA,2023,140/1496/Tahun 2023,Anggota
3979, Tanjungtirta,Punggelan,JUWARTI,"Banjarnegara, 05 Juli 1992","Tanjungtirta, RT 03 RW 03",081324660038,SMA,2023,140/1496/Tahun 2023,Anggota
3980, Tanjungtirta,Punggelan,"BUDI HARDJO, S.Pd","Banjarnegara, 04 Oktober 1972",Tanjungtirta RT 02 RW 02,085325694565,S 1,2023,140/1496/Tahun 2023,Ketua
3981, Tanjungtirta,Punggelan,EKO WIDARTO,"Banjarnegara, 18 Agustus 1971",Tanjungtirta RT 03 RW 05,082134392878,SMA,2023,140/1496/Tahun 2023,Sekretaris
3982, Tanjungtirta,Punggelan,PUJI SUTARNO,"Banjarnegara, 12 Agustus 1962",Tanjungtirta RT 02 RW 01,085227512396,SMP,2023,140/1496/Tahun 2023,Wakil Ketua
3983, Tapen,Wanadadi,ANUNG INDRAWAN SAPUTRA,"Banjarnegara, 07 Agustus 1980",Tapen RT 001 RW 002,082247439174,DII,2018,141/26/TAHUN 2018,KASI KESEJAHTERAAN
3984, Tapen,Wanadadi,NUR FAEDAH SUSANTI,"Banjarnegara, 02 Juni 1984",Tapen RT 002 RW 003,082220227317,S1,2017,141/30/TAHUN 2017,KASI PELAYANAN
3985, Tapen,Wanadadi,ENDON NOVI ASTUTI,"Banjarnegara, 29 November 1983",Tapen RT 001 RW 003,085228372200,S1,2017,141/13/TAHUN 2017,KASI PEMERINTAHAN
3986, Tapen,Wanadadi,DWI RAMADLAN SETIYADI,"Banjarnegara, 03 Januari1998",Tapen RT 001 RW 002,082240474765,S1,2023,141.3/43/TAHUN 2023,KAUR KEUANGAN
3987, Tapen,Wanadadi,DIAR EFRIAN YUWONO,"Banjarnegara, 14 April 1990",Tapen RT 004 RW 002,085226559975,DIII,2017,141/16/TAHUN 2017,KAUR PERENCANAAN
3988, Tapen,Wanadadi,AKHMAD SUHARDI,"Banjarnegara, 04 November 1983",Tapen RT 002 RW 003,081327144774,S1,2023,141.3/44/TAHUN 2023,KAUR TU &amp; UMUM
3989, Tapen,Wanadadi,SUKARSO,"Banjarnegara, 11 November 1963",Tapen RT 003 RW 001,085227301122,SLTP,2019,141/932/TAHUN 2019,KEPALA DESA
3990, Tapen,Wanadadi,SLAMET PUJIYONO,"Banjarnegara, 01 Juni1967",Tapen RT 001 RW 001,081382475016,SLTA,2002,141/17/TAHUN 2017,KEPALA DUSUN 1
3991, Tapen,Wanadadi,BAJURI,"Banjarnegara, 17 Juni 1971",Tapen RT 001 RW 004,081327387957,SLTA,1998,141/18/TAHUN 2017,KEPALA DUSUN 2
3992, Tapen,Wanadadi,WEGIG PUJADI,"Banjarnegara, 17 Mei 1975",Tapen RT 003 RW 004,082245733092,S1,2017,141/29/TAHUN 2017,SEKRETARIS DESA
3993, Tapen,Wanadadi,SULISTIYANINGSIH,"Banjarnegara, 22 Juni1990",Tapen RT 003 RW 001,087733794290,SLTA,2023,140 / 953 / TAHUN 2023,ANGGOTA
3994, Tapen,Wanadadi,EKO WALUYANTO,"Banjarnegara, 05 Mei 1971",Tapen RT 003 RW 004,085291136371,SLTA,2023,140 / 953 / TAHUN 2023,ANGGOTA
3995, Tapen,Wanadadi,SLAMET SANTOSA,"Banjarnegara, 01 Januari1983",Tapen RT 002 RW 004,088216093265,SLTA,2023,140 / 953 / TAHUN 2023,ANGGOTA
3996, Tapen,Wanadadi,GUNTUR HARYADI,"Banjarnegara, 28 Agustus 1979",Tapen RT 002 RW 002,083871500410,SLTA,2023,140 / 953 / TAHUN 2023,ANGGOTA
3997, Tapen,Wanadadi,SUKOYO,"Banjarnegara, 30 Desember 1960",Tapen RT 002 RW 003,083102561369,S1,2023,140 / 953 / TAHUN 2023,KETUA
3998, Tapen,Wanadadi,UMI ROFIKOH,"Banjarnegara, 23 Februari 1992",Tapen RT 001 RW 002,082324444773,DIII,2023,140 / 953 / TAHUN 2023,SEKRETARIS
3999, Tapen,Wanadadi,UNTUNG SANTOSA,"Banjarnegara, 29 Januari 1978",Tapen RT 001 RW 002,085291029393,DII,2023,140 / 953 / TAHUN 2023,WAKIL KETUA
4000, Tegaljeruk,Pagentan,SIBUN,"Banjarnegara, 01 Maret 1962","Tegaljeruk, RT 006 RW 003",081211270929,SLTA,2019,141.1/1114 TAHUN 2019,Kepala Desa
4001, Tegaljeruk,Pagentan,LILIS DYAH ANGGRAENI,"Banjarnegara, 25 November 1993","Tegaljeruk, RT 001 RW 001",081326838423,S1,2020,141/31/2020,Kepala Dusun I
4002, Tegaljeruk,Pagentan,MULUD,"Banjarnegara, 10 Mei 1967",SLTA,085291529598,SLTA,2016,141/21/2016,Kepala Dusun II
4003, Tegaljeruk,Pagentan,SALIM,"Banjarnegara, 01 Mei 1968","Tegaljeruk, RT 006 RW 003",082328612268,SLTA,2016,141/22/2016,Kepala Dusun III
4004, Tegaljeruk,Pagentan,SUPARMAN,"Banjarnegara, 02 Februari 1993","Tegaljeruk, RT 006 RW 003",082223224591,S1,2023,141/224/2023,Kepala Seksi Pelayanan
4005, Tegaljeruk,Pagentan,CUNENGSIH,"Brebes, 12 Juni 1991","Tegaljeruk, RT 006 RW 003",081211270929,S1,2023,141/225/2023,Kepala Seksi Pemerintahan
4006, Tegaljeruk,Pagentan,PANGAT,"Banjarnegara, 07 Mei 1983","Tegaljeruk, RT 001 RW 001",082197405213,SLTA,2016,141/17/2016,Kepala Staf Kesejahteraan
4007, Tegaljeruk,Pagentan,WONDO,"Banjarnegara, 05 Agustus 1969","Tegaljeruk, RT 002 RW 002",082324130047,SLTA,2016,141/14/2016,Kepala Urusan Keuangan
4008, Tegaljeruk,Pagentan,MUNGGONO,"Banjarnegara, 14 Oktober 1990","Tegaljeruk, RT 006 RW 003",081211270929,S2,2020,141/30/2020,Kepala Urusan Perencanaan
4009, Tegaljeruk,Pagentan,MAHYAT,"Banjarnegara, 29 Mei 1992","Tegaljeruk, 29 Mei 1992",082220078005,S1,2023,141/223/2023,Kepala Urusan Tata Usaha
4010, Tegaljeruk,Pagentan,SUPIYAH,"Banjarnegara, 15 Desember 1995","Tegaljeruk, RT 003 RW 002",08895394583,SLTA,2017,141/25/2017,Sekretaris Desa
4011, Tegaljeruk,Pagentan,SUGIONO,"Wonosobo, 01 April 1984","Tegaljeruk, RT 003 RW 002",085291529598,SLTA,2016,141/19/2016,Staf Kesejahteraan
4012, Tegaljeruk,Pagentan,NEDI,"Banjarnegara, 05 Februari1983","Tegaljeruk, RT 001 RW 001",-,SMP,2024,141/18/DS TGL/TAHUN 2024,Anggota
4013, Tegaljeruk,Pagentan,AFIB,"Banjarnegara, 11 Juli 1985","Tegaljeruk, RT 001 RW 001",-,SMP,2024,141/18/DS TGL/TAHUN 2024,Anggota
4014, Tegaljeruk,Pagentan,HOLIFAH,"Banjarnegara, 06 Oktober1992","Tegaljeruk, RT 004 RW 003",-,SMP,2024,141/18/DS TGL/TAHUN 2024,Anggota
4015, Tegaljeruk,Pagentan,TUHAR,"Banjarnegara, 21 Januari 1975","Tegaljeruk, RT 002 RW 002",-,SMP,2024,141/18/DS TGL/TAHUN 2024,Anggota
4016, Tegaljeruk,Pagentan,MISTUR,"Banjarnegara, 11 Juli 1962","Tegaljeruk, RT 003 RW 002",-,SLTA,2024,141/18/DS TGL/TAHUN 2024,Ketua
4017, Tegaljeruk,Pagentan,AGUNG SOLEKHAN,"Banjarnegara, 27 Agustus 1998","Tegaljeruk, RT 006 RW 003",082138843717,SMP,2024,141/18/DS TGL/TAHUN 2024,Sekretaris
4018, Tegaljeruk,Pagentan,NAFANDON,"Banjarnegara, 26 Februari 2000","Tegaljeruk, RT 006 RW 003",082220861685,SMP,2024,141/18/DS TGL/TAHUN 2024,Wakil Ketua
4019, Tempuran,Wanayasa,SURATNO,"Banjarnegara, 12 Juli 1973",Tempuran RT 02 RW 03,085329304432,SMA,2021,271.1/1.1/770 TAHUN 2021,Kepala Desa
4020, Tempuran,Wanayasa,JUNAEDI,"Banjarnegara, 22 Agustus 1987",Tempuran RT 04 RW 01,082136471269,SMA,2017,141/8/2017,Kepala Dusun I
