No,Nama ,Kecamatan,Nama Lengkap,TTL,Alamat,Telepon,Pendidikan,Diangkat,No SK,Jabatan
2060, Kutawuluh,Purwanegara,SAKUN,"BANJARNEGARA, 09 SEPTEMBER 1980",Kutawuluh RT 04 RW 05,085185015488,SMA,2018,141/011/TAHUN 2018,SEKRETARIS DESA
2061, Kutawuluh,Purwanegara,KHOLIFATULLAH ASHSHIDIQ,"Muhajirun, 13 Juli 1991",KUTAWULUH RT 02 RW 03,082140464747,S1,2023,140/1287 TAHUN 2023,ANGGOTA
2062, Kutawuluh,Purwanegara,NGUDIANTO,"Banjarnegara, 09 Mei 1991",KUTAWULUH RT 02 RW 03,082140061866,SMA,2023,140/1287 TAHUN 2023,ANGGOTA
2063, Kutawuluh,Purwanegara,FITRI MUALIFAH,"Banjarnegara, 28 Desember 2000",KUTAWULUH RT 02 RW 05,085293102217,SMA,2024,400.10.2/1086 TAHUN 2024,ANGGOTA
2064, Kutawuluh,Purwanegara,YUNUS NGUMAR,"Banjarnegara, 08 April 1984",KUTAWULUH RT 04 RW 05,082311650410,SMA,2023,140/1287 TAHUN 2023,ANGGOTA
2065, Kutawuluh,Purwanegara,WARYONO,"Banjarnegara, 12 Desember 1953",KUTAWULUH RT 02 RW 02,081328918281,SMP,2023,140/1287 TAHUN 2023,KETUA BPD
2066, Kutawuluh,Purwanegara,TARMINI,"Banjarnegara, 05 Desember 1985",KUTAWULUH RT 01 RW 04,088227546681,S1,2023,140/1287 TAHUN 2023,SEKRETARIS BPD
2067, Kutayasa,Bawang,Tuti Turyanti,"Banjarnegara, 4 Agustus 1983","RT 3 RW 2 Desa Kutayasa, Kecamatan Bawang, Kabupaten Banjarnegara, Kode Pos 53471",085212914537,SMA,2017,141.3/24 TAHUN 2017,Kasi Kesejahteraan
2068, Kutayasa,Bawang,Andy Julianto Tjatur Prasetya,"Banjarnegara, 15 Juli 1972","RT 5 RW 3 Desa Kutayasa, Kecamatan Bawang, Kabupaten Banjarnegara, Kode Pos 53471",081272226444,S1,2010,141.3/5 TAHUN 2017,Kasi Pelayanan
2069, Kutayasa,Bawang,Supriyati,"Banjarnegara, 6 Juli 1983","RT 5 RW 1 Desa Kutayasa, Kecamatan Bawang, Kabupaten Banjarnegara, Kode Pos 53471",085137506376,SMA,2012,141.3/24 TAHUN 2020,Kasi Pemerintahyan
2070, Kutayasa,Madukara,Wisnu Hari Tamtomo,"Banjarnegara, 06 Oktober 1980",Kutayasa RT 004 RW 002 Kecamatan Madukara Kabupaten Banjarnegara,085799656452,S1,2017,141.3/17/TAHUN 2017,Kaur Perencanaan
2071, Kutayasa,Bawang,Akun Tumeko Bekti,"Banjarnegara, 23 April 1994","RT 3 RW 3 Desa Kutayasa, Kecamatan Bawang, Kabupaten Banjarnegara, Kode Pos 53471",088242324290,S1,2022,141.3/39 TAHUN 2022,Kaur Perencanaan
2072, Kutayasa,Bawang,Suci Indri Purwanti,"Banjarnegara, 25 Januari 1996","RT 2 RW 3 Desa Kutayasa, Kecamatan Bawang, Kabupaten Banjarnegara, Kode Pos 53471",082227402779,S1,2023,141.3/38 TAHUN 2023,Kaur Tata Usaha dan Umum
2073, Kutayasa,Bawang,Lismadi,"Banjarnegara, 26 Oktober 1972","RT 2 RW 2 Desa Kutayasa, Kecamatan Bawang, Kabupaten Banjarnegara",081391338249,SMP,2021,141.1/773 TAHUN 2021,Kepala Desa
2074, Kutayasa,Bawang,Sugeng Junianto,"Banjarnegara, 19 Juni 1985","RT 3 RW 1 Desa Kutayasa, Kecamatan Bawang, Kabupaten Banjarnegara, Kode Pos 53471",082225105838,D3,2020,141.3/26 TAHUN 2020,Kepala Dusun 1
2075, Kutayasa,Bawang,Margio,"Banjarnegara, 29 Oktober 1978","RT 4 RW 2 Desa Kutayasa, Kecamatan Bawang, Kabupaten Banjarnegara, Kode Pos 53471",085290238363,SMA,2001,141.32/7 TAHUN 2017,Kepala Dusun 2
2076, Kutayasa,Bawang,Sadirun,"Banjarnegara, 26 September 1974","RT 5 RW 3 Desa Kutayasa, Kecamatan Bawang, Kabupaten Banjarnegara, Kode Pos 53471",085293899586,SMA,2005,141.32/8 TAHUN 2017,Kepala Dusun 3
2077, Kutayasa,Bawang,Wirawan Hendro Prabowo,"Banjarnegara, 10 Oktober 1976","RT 3 RW 1 Desa Kutayasa, Kecamatan Bawang, Kabupaten Banjarnegara, Kode Pos 53471",088232392274,S1,2017,141.3/23 TAHUN 2017,Sekretaris Desa
2078, Kutayasa,Bawang,Winarno,"Banjarnegara, 21 Mei 1978","RT 2 RW 1 Desa Kutayasa, Kecamatan Bawang, Kabupaten Banjarnegara, Kode Pos 53471",087774117529,SMA,2010,141.3/9 TAHUN 2017,Staff Kasi Kesejahteraan
2079, Kutayasa,Bawang,Aan Satya Raharja,"Klaten, 13 Desember 1981","RT 3 RW 1 Desa Kutayasa, Kecamatan Bawang, Kabupaten Banjarnegara, Kode Pos 53471",082220606003,D2,2023,140/926 Tahun 2023,Anggota Bidang Pelaksanaan Pembangunan Desa dan Pe
2080, Kutayasa,Bawang,Kholidun,"Banjarnegara, 02 Juli 1990","RT 3 RW 2 Desa Kutayasa, Kecamatan Bawang, Kabupaten Banjarnegara, Kode Pos 53471",085290995734,S1,2023,140/926 Tahun 2023,Anggota Bidang Pelaksanaan Pembangunan Desa dan Pe
2081, Kutayasa,Bawang,Lima Haryati,"Salatiga, 10 November 1979","RT 5 RW 1 Desa Kutayasa, Kecamatan Bawang, Kabupaten Banjarnegara, Kode Pos 53471",082327219909,SMA,2023,140/926 Tahun 2023,Anggota Bidang Penyelenggaraan Pemerintahan Desa  
2082, Kutayasa,Bawang,Supriyadi,"Banjarnegara, 26 April 1990","RT 5 RW 3 Desa Kutayasa, Kecamatan Bawang, Kabupaten Banjarnegara, Kode Pos 53471",085367246362,SMA,2023,140/926 Tahun 2023,Anggota Bidang Penyelenggaraan Pemerintahan Desa  
2083, Kutayasa,Bawang,Samirun,"Banjarnegara, 7 November 1968","RT 1 RW 4 Desa Kutayasa, Kecamatan Bawang, Kabupaten Banjarnegara, Kode Pos 53471",081268528582,SMP,2023,140/926 Tahun 2023,Ketua BPD
2084, Kutayasa,Bawang,Tunarsih,"Banjarnegara, 25 Mei 1987","RT 5 RW 1 Desa Kutayasa, Kecamatan Bawang, Kabupaten Banjarnegara, Kode Pos 53471",088220090664,D2,2023,140/926 Tahun 2023,Sekretaris BPD
2085, Kutayasa,Bawang,Widi Antoro,"Banjarnegara, 17 November 1992","RT 4 RW 2 Desa Kutayasa, Kecamatan Bawang, Kabupaten Banjarnegara, Kode Pos 53471",081398037656,SMA,2023,140/926 Tahun 2023,Wakil Ketua BPD
2086, Larangan,Pagentan,JARNO,"BANJARNEGARA, 31 MEI 1985",LARANGAN RT 002 RW 002,085234650964,SMA,2017,141.2/01/2017,KADUS KRAJAN
2087, Larangan,Pagentan,WAKHIDIN,"BANJARNEGARA, 23 MEI 1984",LARANGAN RT 001 RW 002,081227922445,SMA,2018,141/13/2018,KADUS MELIKAN
2088, Larangan,Pagentan,WINARNI,"BANJARNEGARA, 29 AGUSTUS 1990",LARANGAN RT 002 RW 003,082299363356,SMA,2017,141.2/01/2017,KADUS SIWEDUNG
2089, Larangan,Pagentan,WAGIYO,"BANJARNEGARA, 15 MEI 1988",LARANGAN RT 001 RW 001,085385630261,SMA,2023,141/28 TAHUN 2023,KASI KESEJAHTERAAN
2090, Larangan,Pagentan,SLAMET WIDAYAT,"BANJARNEGARA, 09 APRIL 1981",LARANGAN RT 003 RW 001,081285398234,SMA,2018,141/32/2018,KASI PELAYANAN
2091, Larangan,Pagentan,REBO,"BANJARNEGARA, 04 FEBRUARI 1975",LARANGAN RT 001 RW 001,082323590164,SMA,2018,141/30/2018,KASI PEMERINTAHAN
2092, Larangan,Pagentan,SITI NUR KHASANAH,"BANJARNEGARA, 19 DESEMBER 1985",LARANGAN RT 003 RW 002,081392764948,SMA,2016,141/22/2016,KAUR KEUANGAN
2093, Larangan,Pagentan,VITA WINAHYU,"BANJARNEGARA, 16 OKTOBER 1992",LARANGAN RT 002 RW 003,082134690772,SI,2018,141/33/2018,KAUR PERENCANAAN
2094, Larangan,Pagentan,OONG SETIAWAN,"BANJARENGARA, 03 NOVEMBER 1985",LARANGAN RT 002 RW 002,082115937615,SMA,2023,141/27/2023,KAUR TU DAN UMUM
2095, Larangan,Pagentan,"BOGI AYU BRILIANTI, S.E.","BANJARNEGARA, 01 DESEMBER 1993",LARANGAN RT 001 RW 002,081215427927,S1,2024,400.10.2/594 TAHUN 2024,KEPALA DESA
2096, Larangan,Pagentan,TRI YUNI WIDODO,"BANJARNEGARA, 12 JUNI 1980",LARANGAN RT 001 RW 002,081391645430,SMA,2018,141/29/2018,SEKRETARIS DESA
2097, Larangan,Pagentan,SRI LATIFAH,"BANJARNEGARA, 25 MARET 2001",LARANGAN RT 002 RW 003,083141535044,SLTP,2023,140/1151 Tahun 2023,ANGGOTA BPD
2098, Larangan,Pagentan,JATY IRAWAN,"BANJARNEGARA, 16 OKTOBER 1992",LARANGAN RT 002 RW 001,085215159317,SMA,2023,140/1151 Tahun 2023,ANGGOTA BPD
2099, Larangan,Pagentan,SUSILOWATI,"BANJARNEGARA, 20 FEBRUARI 1993",LARANGAN RT 001 RW 001,082328620405,SLTP,2023,140/1151 Tahun 2023,ANGGOTA BPD
2100, Larangan,Pagentan,NUR HIDAYAT,"BANJARNEGARA, 15 NOVEMBER 1992",LARANGAN RT 003 RW 002,082243930100,SMA,2023,140/1151 Tahun 2023,ANGGOTA BPD
2101, Larangan,Pagentan,BAMBANG SUGIYANTO,"BANJARNEGARA, 21 FEBRUARI 1973",LARANGAN RT 001 RW 003,085385851652,SLTP,2023,140/1151 Tahun 2023,KETUA BPD
2102, Larangan,Pagentan,INDRA DWI NOVIAN,"BANJARNEGARA, 23 NOVEMBER 1998",LARANGAN RT 001 RW 002,082324780727,SMA,2023,140/1151 Tahun 2023,SEKRETARIS BPD
2103, Larangan,Pagentan,KHOLDUN,"BANJARNEGARA, 03 APRIL 1979",LARANGAN RT 003 RW 001,085326820696,SMA,2023,140/1151 Tahun 2023,WAKIL KETUA BPD
2104, Lawen,Pandanarum,TAHYO,"Banjarnegara, 18 November 1972","LAWEN RT 003 RW 005, KEC. PANDANARUM, KAB. BANJARNEGARA",082258166309,SLTA,2016,141/220.9/2016,Kadaus III
2105, Lawen,Pandanarum,WAHYU KRISNADI,"Banjarnegara, 22 April 1992","LAWEN RT 001 RW 008, KEC. PANDANARUM, KAB. BANJARNEGARA",081234598963,SLTA,2023,141.32/15 TAHUN 2023,Kadu IV
2106, Lawen,Pandanarum,SUYATNO,"Banjarnegara, 06 Oktober 1965","LAWEN RT 002 RW 002, KEC. PANDANARUM, KAB. BANJARNEGARA",082327922057,SLTA,2024,100.3.2.5.17.3/TAHUN 2024,Kadus I
2107, Lawen,Pandanarum,SUTRISNO,"Banjarnegara, 01 November 1982","LAWEN RT 001 RW 003, KEC. PANDANARUM, KAB. BANJARNEGARA",085291641169,SLTA,2016,141/220.8/2016,Kadus II
2108, Lawen,Pandanarum,KASNO,"Banjarnegara, 04 Juni 1969","LAWEN RT 001 RW 005, KEC. PANDANARUM, KAB. BANJARNEGARA",085184801733,SLTA,2016,141/220.4/2016,Kasi Kesejahteraan
2109, Lawen,Pandanarum,DESI KURNIASARI,"Banjarnegara, 12 September 1992","LAWEN RT 002 RW 002, KEC. PANDANARUM, KAB. BANJARNEGARA",081225775044,S1,2024,100.3.2.5.17.5/TAHUN 2024,Kasi Pemerintahan
2110, Lawen,Pandanarum,SISIL SRI RAHAYU,"Banjarnegara, 05 Juli 1984","LAWEN RT 002 RW 002, KEC. PANDANARUM, KAB. BANJARNEGARA",081328570553,S1,2024,100.3.2.5.17.4/TAHUN 2024,Kaur Keuangan
2111, Lawen,Pandanarum,SAMBI,"Banjarnegara, 07 September 1967","LAWEN RT 001 RW 004, KEC. PANDANARUM, KAB. BANJARNEGARA",081391207706,SLTA,2024,100.3.2.5.17.6/TAHUN 2024,Kaur Perencanaan
2112, Lawen,Pandanarum,BASRI,"Banjarnegara, 27 Maret 1975","LAWEN RT 002 RW 009, KEC. PANDANARUM, KAB. BANJARNEGARA",085219306096,SLTA,2024,100.3.2.5.17.2/TAHUN 2024,Kaur TU dan Umum
2113, Lawen,Pandanarum,DAHYO,"Banjarnegara, 04 Juni 1976","LAWEN RT 001 RW 007, KEC. PANDANARUM, KAB. BANJARNEGARA",081390495059,SLTP,2025,400.10.2/612 TAHUN 2024,Kepala Desa
2114, Lawen,Pandanarum,AHWANTO,"Banjarnegara, 03 September 1976","LAWEN RT 003 RW 001, KEC. PANDANARUM, KAB. BANJARNEGARA",081213976904,SLTA,2016,141/220.1/2016,Sekertaris Desa
2115, Lawen,Pandanarum,MISWAN,"Banjarnegara, 1 Juli 1972","LAWEN RT 001 RW 007, KEC. PANDANARUM, KAB. BANJARNEGARA",081280585736,SD,2016,141/220.7/2016,Staf Kaur TU dan Umum
2116, Lawen,Pandanarum,KADRI,"Banjarnegara, 10 Juli 1962","LAWEN RT 001 RW 007, KEC. PANDANARUM, KAB. BANJARNEGARA",082136717698,SLTP,2023,140/877 TAHUN 2023,Anggota BPD
2117, Lawen,Pandanarum,SARMIN,"Banjarnegara, 12 Januari 1972","LAWEN RT 003 RW 006, KEC. PANDANARUM, KAB. BANJARNEGARA",085328969922,SLTA,2023,140/877 TAHUN 2023,Anggota BPD
2118, Lawen,Pandanarum,KATOTO,"Banjarnegara, 03 Juni 1991","LAWEN RT 003 RW 009, KEC. PANDANARUM, KAB. BANJARNEGARA",082221731731,SLTP,2023,140/877 TAHUN 2023,Anggota BPD
2119, Lawen,Pandanarum,ROLIYAH,"Banjarnegara, 19 November 1984","LAWEN RT 003 RW 005, KEC. PANDANARUM, KAB. BANJARNEGARA",081390808144,SLTP,2023,140/877 TAHUN 2023,Anggota BPD
2120, Lawen,Pandanarum,SUDARNO,"Pekalongan, 19 April 1965","LAWEN RT 002 RW 002, KEC. PANDANARUM, KAB. BANJARNEGARA",085291506442,SLTA,2023,140/877 TAHUN 2023,Ketua BPD
2121, Lawen,Pandanarum,SUPENDI,"Banjarnegara, 08 Januari 1990","LAWEN RT 001 RW 004, KEC. PANDANARUM, KAB. BANJARNEGARA",081226880305,SLTA,2023,140/877 TAHUN 2023,Sekertaris BPD
2122, Lawen,Pandanarum,CASMUDI,"Banjarnegara, 20 Juni 1976","LAWEN RT 003 RW 006, KEC. PANDANARUM, KAB. BANJARNEGARA",081228964878,SLTP,2023,140/877 TAHUN 2023,Wakil Ketua BPD
2123, Lebakwangi,Pagedongan,JAENALUDIN,"Banjarnegara, 20-11-1987",Lebakwangi,+62 882-1506-9131,SLTA,2022,141.3/26 TAHUN 2022,KADUS I (SIWARU)
2124, Lebakwangi,Pagedongan,SAPTO WIDAYATNO,"Banjarnegara, 06-02-1981",Lebakwangi,+62 813-2367-6366,S1,2022,141.3/25 TAHUN 2022,KADUS II (SILEGI)
2125, Lebakwangi,Pagedongan,SUKARMAN,"Banjarnegara,27-05-1968",Lebakwangi,+62 821-3868-0209,SLTA,2017,141/21/02 TAHUN 2017,KADUS III (LIMBANGAN)
2126, Lebakwangi,Pagedongan,SAHRO NURUDIN,"Banjarnegara, 26-01-1994",Lebakwangi,+62 858-6414-1630,SLTA,2023,141.3/37 TAHUN 2023,KADUS IV (SUDIMARA)
2127, Lebakwangi,Pagedongan,WAHIDIN,"Banjarnegara, 18-08-1982",Lebakwangi,+62 852-9103-9651,SLTA,2020,141.3/37 TAHUN 2020,KADUS V (GAMBIR)
2128, Lebakwangi,Pagedongan,DIDI KURNIAWAN,"Banjarnegara,",Lebakwangi,+62 881-6513-419,S1,2022,141.3/24 TAHUN 2022,KASI KESEJAHTERAAN
2129, Lebakwangi,Pagedongan,IRHAM PAMUNGKAS,"Banjarnegara, 18-12-1993",Lebakwangi,+62 852-9037-3158,S1,2023,141.3/36 TAHUN 2023,KASI PELAYANAN
2130, Lebakwangi,Pagedongan,NURHIDAYAT,"Banjarnegara, 07-04-1991",Lebakwangi,+62 821-3753-7338,S1,2020,141.3/35 TAHUN 2020,KASI PEMERINTAHAN
2131, Lebakwangi,Pagedongan,SITI PARIDA,"Banjarnegara, 13-11-1989",Lebakwangi,+62 852-2773-8840,S1,2018,141.3/18 TAHUN 2018,KAUR KEUANGAN
2132, Lebakwangi,Pagedongan,ARIS SUJIANTO,"Banjarnegara, 27-11-1983",Lebakwangi,+62 822-2634-0388,S1,2018,141.3/19 TAHUN 2018,KAUR PERENCANAAN
2133, Lebakwangi,Pagedongan,BUDI PURWANTO,"Banjarnegara, 05-02-1990",Lebakwangi,+62 882-3289-6501,S1,2022,141.3/23 TAHUN 2022,KAUR TU DAN UMUM
2134, Lebakwangi,Pagedongan,AGUS SURONO,"Banjarnegara, 12-09-1972",Lebakwangi,+62 852-2701-4138,SLTA,2019,-,KEPALA DESA
2135, Lebakwangi,Pagedongan,FAJAR SULISTIANI,"Banjarnegara, 17-03-1994",Lebakwangi,083154927422,D3,2017,141/30/05 TAHUN 2017,SEKRETARIS DESA
2136, Lebakwangi,Pagedongan,ADE SUSANTO,"Banjarnegara, 22-06-1995",Lebakwangi,+62 813-8383-3903,SLTA,2023,140/1249 TAHUN 2023,BPD
2137, Lebakwangi,Pagedongan,MUNTAQO,"Banjarnegara, 10-07-1982",Lebakwangi,+62 882-2528-5207,SLTA,2023,140/1249 TAHUN 2023,BPD
2138, Lebakwangi,Pagedongan,KHARISA PUTERI,"Banjarnegara, 12-02-2003",Lebakwangi,+62 888-0267-7167,SLTA,2023,140/1249 TAHUN 2023,BPD
2139, Lebakwangi,Pagedongan,MUNSARIF,"Banjarnegara, 16-01-1975",Lebakwangi,+62 812-1559-2771,SLTA,2023,140/1249 TAHUN 2023,BPD
2140, Lebakwangi,Pagedongan,HANTO SAPUTRA,"Banjarnegara, 02-03-2001",Lebakwangi,+62 838-1634-1726,SLTA,2023,140/1249 TAHUN 2023,BPD
2141, Lebakwangi,Pagedongan,SITI PARTIYAH,"Banjarnegara, 12-04-1965",Lebakwangi,+62 882-2979-2004,SLTA,2023,140/1249 TAHUN 2023,BPD
2142, Lebakwangi,Pagedongan,"MUHAMMAD BUDIYANTO, S.Pd","Banjarnegara, 05-03-1995",lebakwangi,+62 853-2966-3800,SLTA,2023,140/1249 TAHUN 2023,BPD
2143, Lebakwangi,Pagedongan,TEGUH PRASETYO,"Banjarnegara, 26-03-1999",Lebakwangi,+62 813-2935-8675,SLTA,2023,140/1249 TAHUN 2023,BPD
2144, Lebakwangi,Pagedongan,SITI MUNJIAH,"Banjarnegara, 06-11-1976",Lebakwangi,+62 882-3283-5382,SLTA,2023,140/1249 TAHUN 2023,BPD
2145, Leksana,Karangkobar,Imam Ibnu Khozin,"Banjarnegara, 9 Juni 1975",Desa Leksana RT 002 RW 004,0882008206562,SMA,2007,141/05/2007,Kasi Kesejahteraan
2146, Leksana,Karangkobar,Catur Setya Pamuji,"Banjarnegara, 5 Juli 1991",Desa Leksana RT 004 RW 001,081553716844,SMA,2012,141 / 01 / Tahun 2012,Kasi Pemerintahan
2147, Leksana,Karangkobar,Harjono,"Banjarnegara, 05 Mei 1985",Desa Leksana RT 008 RW 001,089605051985,SMA,2012,141 / 01 / Tahun 2012,Kaur Keuangan
2148, Leksana,Karangkobar,Sri Lestari,"Banjarnegara, 13 Oktober 1991",Desa Leksana RT 003 RW 001,085328690800,S1,2017,20 Tahun 2017,Kaur Perencanaan
2149, Leksana,Karangkobar,Sukarni,"Banjarnegara, 22 September 1965",Desa Leksana RT 003 RW 001,085227119022,SMA,2009,141 / 09 Tahun 2009,Kaur TU dan Umum
2150, Leksana,Karangkobar,Sugeng Mulyanto,"Banjarnegara, 4 Oktober 1987",Desa Leksana RT 006 RW 001,08112531275,SMA,2019,141.1 / 1043 Tahun 2019,Kepala Desa
2151, Leksana,Karangkobar,Fatono,"Banjarnegara, 5 Februari 1975",Desa Leksana RT 002 RW 003,081324867697,SMA,2003,5 Tahun 2017,Kepala Dusun II
2152, Leksana,Karangkobar,Bagus Pria Manggala,"Banjarnegara, 9 Desember 1993",Desa Leksana RT 003 RW 001,089666996660,DIII,2023,51 Tahun 2023,Kepala Dusun III
2153, Leksana,Karangkobar,Ika Nur Fauziah,"Banjarnegara, 27 Maret 1997",Desa Leksana RT 006 RW 001,081229651115,S1,2018,48 Tahun 2018,Kepala Dusun IV
2154, Leksana,Karangkobar,Eka Sarif Rokyat,"Banjarnegara, 14 September 1998",Desa Leksana RT 003 RW 002,082329340167,SMA,2023,52 Tahun 2023,Kepala Dusun V
2155, Leksana,Karangkobar,Indra Susanto,"Banjarnegara, 13 September 1987",Desa Leksana RT 005 RW 001,085227922182,S1,2017,20 Tahun 2017,Sekretaris Desa
2156, Leksana,Karangkobar,Yuda Hermawan,"Banyumas, 13 Maret 1991",Desa Leksana RT 002 RW 002,085326927430,SMA,2023,140 / 798 / Tahun 2023,Anggota
2157, Leksana,Karangkobar,Yoga Indra Prasetya,"Banjarnegara, 10 Desember 1997",Desa Leksana RT 003 RW 001,082136375861,S1,2023,140 / 798 / Tahun 2023,Anggota
2158, Leksana,Karangkobar,Bambang Rudiyatmoko,"Banjarnegara, 20 Januari 1982",Desa Leksana RT 002 RW 001,085292035223,S1,2023,140 / 798 / Tahun 2023,Anggota
2159, Leksana,Karangkobar,Umu Farkhah,"Banjarnegara, 19 Desember 1982",Desa Leksana RT 002 RW 004,085227624977,DIII,2023,140 / 798 / Tahun 2023,Anggota
2160, Leksana,Karangkobar,Djoko Wiedodo,"Klaten, 20 Agustus 1965",Desa Leksana RT 001 RW 005,081326886321,D1,2023,140 / 798 / Tahun 2023,Ketua
2161, Leksana,Karangkobar,Rintan Kusherawati,"Banjarnegara, 11 September 1997",Desa Leksana RT 008 RW 001,089508927814,SMA,2023,140 / 798 / Tahun 2023,Sekretaris
2162, Leksana,Karangkobar,Achmad Rofik,"Banjarnegara, 8 November 1978",Desa Leksana RT 003 RW 004,085601505830,S1,2023,140 / 798 / Tahun 2023,Wakil Ketua
2163, Lemahjaya,Wanadadi,SUMARGONO,"Banjarnegara, 12 Juli 1970",Lemahjaya RT 001 RW 004,085290290046,SMA,2008,-,Kasi Kesra
2164, Lemahjaya,Wanadadi,LIKIN EVAN PRATAMA,"Banjarnegara, 07 September 1972",Lemahjaya RT 004 RW 003,081226482769,MTs,2008,-,Kasi Pelayanan
2165, Lemahjaya,Wanadadi,BUDI IRAWAN,"Banjarnegara, 7 November 1987",Lemahjaya RT 002 RW 002,081226923937,S1,2020,-,Kasi Pemerintahan
2166, Lemahjaya,Wanadadi,ISNA MUFLIKHAH,"Banjarnegara, 05 Januari 1981",Lemahjaya RT 002 RW 001,085227345296,SMA,2008,-,Kaur Keuangan
2167, Lemahjaya,Wanadadi,SUWANDI MUCHTAR,"Banjarnegara, 11 Mei 1968",Lemahjaya RT 002 RW 002,081388278432,SMA,2008,-,Kaur Perencanaan
2168, Lemahjaya,Wanadadi,RYANITA SULISTYANINGTYAS,"Banjarnegara, 24 Juni 1991",Lemahjaya RT 005 RW 002,085817811533,D3,2018,-,Kaur TU &amp; Umum
2169, Lemahjaya,Wanadadi,SLAMET SETIYOKO,"Banjarnegara, 25 Agustus 1989",Lemahjaya RT 006 RW 004,082223227800,SMA,2019,-,Kepala Desa
2170, Lemahjaya,Wanadadi,SESTIYANI,Banjarnegara. 02 Maret 1991,Lemahjaya RT 001 RW 001,089678555833,SMK,2022,-,Kepala Dusun 1
2171, Lemahjaya,Wanadadi,ARIS KURNIAWAN,"Banjarnegara, 27 Agustus 1986",Lemahjaya RT 001 RW 002,081392472282,S1,2025,141.32/25/TAHUN 2025,Kepala Dusun 2
2172, Lemahjaya,Wanadadi,SLAMET SETIADI,"Banjarnegara, 28 Januari 1974",Lemahjaya RT 001 RW 003,085727897903,MTs,1998,-,Kepala Dusun 3
2173, Lemahjaya,Wanadadi,BAHRUN,"Banjarnegara, 11 April 1972",Lemahjaya RT 007 RW 004,085803344271,SMA,2008,-,Kepala Dusun 4
2174, Lemahjaya,Wanadadi,SARWONO,"Banjarnegara, 30 Juni 1970",Lemahjaya RT 004 RW 005,089691923841,SMA,2008,-,Kepala Dusun 5
2175, Lemahjaya,Wanadadi,SITI SALAMAH,"Banyumas, 10 Oktober 1982",Lemahjaya RT 006 RW 002,081326507747,S1,2018,-,Sekretaris Desa
2176, Lemahjaya,Wanadadi,AJI NUGROHO,"Banjarnegara, 29 November 1983",Lemahjaya RT 002 RW 005,082322078125,SMA,2024,400.10.2/1074 TAHUN 2024,Anggota
2177, Lemahjaya,Wanadadi,FAJAR SETIAWAN,"Banjarnegara, 21 Mei 1977",Lemahjaya RT 003 RW 001,087732617605,S1,2024,400.10.2/1074 TAHUN 2024,Anggota
2178, Lemahjaya,Wanadadi,NISLAM,"Banjarnegara, 20 Desember 1975",Lemahjaya RT 003 RW 003,085600172359,SMP,2024,400.10.2/1074 TAHUN 2024,Anggota
2179, Lemahjaya,Wanadadi,RISTRIAN RENDRA MEGA KUSUMA,"Banjarnegara, 25 November 1991",Lemahjaya RT 002 RW 005,089515050601,S1,2024,400.10.2/1074 TAHUN 2024,Anggota
2180, Lemahjaya,Wanadadi,AL AZIS NURHIDAYAT,"Banjarnegara, 19 Juni 1983",Lemahjaya RT 005 RW 002,085226820217,S1,2024,400.10.2/1074 TAHUN 2024,Ketua
2181, Lemahjaya,Wanadadi,LISA ROFIYANTI,"Banjarnegara, 19 Agustus 1998",Lemahjaya RT 002 RW 004,082112731410,SMA,2024,400.10.2/1074 TAHUN 2024,Sekretaris
2182, Lemahjaya,Wanadadi,BADIYONO,"Banjarnegara, 15 Mei 1969",Lemahjaya RT 003 RW 002,081383308006,SMA,2024,400.10.2/1074 TAHUN 2024,Wakil Ketua
2183, Lengkong,Rakit,MUSTAROM,"Banjarnegara, 19 Maret 1972",LENGKONG DEPOK RT 02/03,081327202883,SMA,2013,141/10/2013,Kasi Kesejahteraan
2184, Lengkong,Rakit,SITI ROKHANAH,"Banjarnegara, 15 Agustus 1972",LENGKONG DEPOK RT 10/01,082137988788,D III,2008,141/ 24 Tahun 2008,Kasi Pelayanan
2185, Lengkong,Rakit,MUSLIM,"Banjarnegara, 25 Juli 1980",LENGKONG DEPOK RT 01/05,082137539970,D II,2018,141.3/ 30 Tahun 2018,Kasi Pemerintahan
2186, Lengkong,Rakit,WARISAH,"Banjarnegara, 13 Januari 1972",LENGKONG DEPOK RT 09/01,089510258006,SMA,2002,142/03/2002,Kaur Keuangan
2187, Lengkong,Rakit,HOFUR,"Banjarnegara, 13 Mei 1978",LENGKONG DEPOK RT 03/01,082323190898,SMA,2005,141/16 Tahun 2005,Kaur Perencanaan
2188, Lengkong,Rakit,BASRI,"Banjarnegara, 06 Mei 1966",LENGKONG DEPOK RT 08/03,08895306742,SMA,1999,141/08/1993,Kaur TU dan Umum
2189, Lengkong,Rakit,MAKHADI,"Banjarnegara, 20 April 1981",LENGKONG DEPOK RT 06/02,085291499687,D III,2023,141/1560/2023,Kepala Desa
2190, Lengkong,Rakit,MASNGAD,"Banjarnegara, 18 Desember 1972",LENGKONG DEPOK RT 10/01,082325697969,D II,2005,141/ 16 tahun 2005,Kepala Dusun 1 Krajan
2191, Lengkong,Rakit,AGUS KURNIAWAN,"Banjarnegara, 22 Januari 1974",LENGKONG DEPOK RT 01/02,082226332279,S1,2006,141/ 05/ 2006,Kepala Dusun 2 Depok
2192, Lengkong,Rakit,SARWONO,"Banjarnegara, 07 Januari 1967",LENGKONG DEPOK RT 09/03,085227629854,SMA,2002,142/ 11/ 2002,Kepala Dusun 3 Blimbing
2193, Lengkong,Rakit,MUKHAMDI,"Banjarnegara, 03 Agustus 1975",LENGKONG DEPOK RT 01/04,087731110455,SMA,1998,141/ 05/ 1998,Kepala Dusun 4 Simpar
2194, Lengkong,Rakit,YUS DWIARTONO,"Banjarnegara, 07 Mei 1975",LENGKONG DEPOK RT 02/05,085329453445,SMA,2017,141.3/ 06 Tahun 2017,Kepala Dusun 5 Siteki
2195, Lengkong,Rakit,SUTRISNO,"Banjarnegara, 13 Juli 1987",LENGKONG DEPOK RT 02/02,0895273144415,S1,2017,141.3/ 04 tAHUN 2017,Sekretaris Desa
2196, Lengkong,Rakit,"INDRIAN WALUYO, SH","Banjarnegara, 10 Januari 1974",LENGKONG RT 04/01,081,S1,2023,140/874 Tahun 2023,Anggota BPD
2197, Lengkong,Rakit,IWAN DWI SAPUTRA,"Banjarnegara, 26 September 1995",Lengkong RT 03 RW 05,081,SLTA,2023,140/ 874 Tahun 2023,Anggota BPD
2198, Lengkong,Rakit,TRIO GUNAWAN,"Banjarnegara, 31 desember 1991",LENGKONG RT 07/02,081,SMA,2023,140/ 874 Tahun 2023,Anggota BPD
2199, Lengkong,Rakit,NAHWANTO,"Banjarnegara, 10 Mei 1987",LENGKONG RT 01/04,081,SLTA,2023,140/ 874 Tahun 2023,Anggota BPD
2200, Lengkong,Rakit,"WINARTI , S.I. Pust","Banjarnegara, 02 April 1987",Lengkong RT 01 RW 03,081,S1,2023,140/ 874 Tahun 2023,Anggota BPD
2201, Lengkong,Rakit,TUKHIRIN,"Banjarnegara, 26 Desember 1980",LENGKONG RT 03/03,081,SLTA,2023,140/ 874 Tahun 2023,Anggota BPD
2202, Lengkong,Rakit,WARYOTO,"Banjarnegara, 05 Mei 1959",LENGKONG RT 09/01,081,SLTA,2023,140/ 874 Tahun 2023,Ketua BPD
2203, Lengkong,Rakit,"BRAM TRINANDA PRIYO ADI, ST","Tuban, 05 Mei 1986",LENGKONG RT 02/02,081,S1,2023,140/ 874 Tahun 2023,Sekretaris BPD
2204, Lengkong,Rakit,"NASEH, S.Pd, M.Pd","Purbalingga, 23 Mei 1983",LENGKONG RT 01/ 03,081,S 2,2023,140/ 874 Tahun 2023,Wakil Ketua BPD
2205, Limbangan,Madukara,NURAHMAN,"BANJARNEGARA,13 JANUARI 1976",LIMBANGAN RT 2 RW 1,085877982699,SLTA,2024,141/32/TAHUN 2024,KADUS 1
2206, Limbangan,Madukara,AJI SUSANTO,"BANJARNEGARA,07 OKTOBER 1986",LIMBANGAN RT 1 RW 2,085643996840,S1,2021,141/36/TAHUN 2021,KADUS II
2207, Limbangan,Madukara,MARJO,"BANJARNEGARA,14 JULI 1967",LIMBANGAN RT 4 RW 3,082324985464,SLTA,2006,141/04/TAHUN 2006,KADUS III
2208, Limbangan,Madukara,ANI WINDI ASTUTI,"BANJARNEGARA,12 JUNI 1989",LIMBANGAN RT 2 RW 3,082315552789,S1,2017,141.1/31/TAHUN 2017,KASI KESEJAHTERAAN
2209, Limbangan,Madukara,ACHMADI,"BANJARNEGARA,8 JULI 1979",LIMBANGAN RT 2 RW 1,082136726171,S1,2017,141.1/5/TAHUN 2017,KASI PELAYANAN
2210, Limbangan,Madukara,SUPRIJANTO,"BANJARNEGARA,8 MARET 1971",LIMBANGAN RT 1 RW 1,085713614050,SLTA,2024,141/28/TAHUN 2024,KASI PEMERINTAHAN
2211, Limbangan,Madukara,MARNO,"BANJARNEGARA,01 AGUSTUS 1975",LIMBANGAN RT 2 RW 1,085600402900,S1,2024,141/29/TAHUN 2024,KAUR KEUANGAN
2212, Limbangan,Madukara,INDRATNO,"BANJARNEGARA,16 OKTOBER 1986",LIMBANGAN RT 2 RW 1,085227225407,SLTA,2024,141/30/TAHUN 2024,KAUR PERENCANAAN
2213, Limbangan,Madukara,SLAMET,"BANJARNEGARA,18 JANUARI 1972",LIMBANGAN RT 3 RW 1,085742927279,SLTA,2024,141/31/TAHUN 2024,KAUR TU DAN UMUM
2214, Limbangan,Madukara,PUJIANTO,"BANJARNEGARA,06 NOVEMBER 1982",LIMBANGAN RT 2 RW 3,085229105430,SMA,2019,400.10.2/956 TAHUN 2024,KEPALA DESA
2215, Limbangan,Madukara,ENDAKA PARAMITHA AYUNINGTYAS,"BANJARNEGARA,21 SEPTEMBER 1988",LIMBANGAN RT 3 RW 2,081575433219,S1,2017,141.1/30/TAHUN 2017,SEKRETARIS DESA
2216, Limbangan,Madukara,HELLY HERMAWAN,"BANJARNEGARA,24 JUNI 1970",LIMBANGAN RT 3 RW 2,085869575156,S1,2024,400.10.2/956 TAHUN 2024,ANGGOTA BPD
2217, Limbangan,Madukara,ARIS JUWANTO,"BANJARNEGARA,25 MARET 1983",LIMBANGAN RT 3 RW 3,082242328248,SLTA,2023,140/1386 TAHUN 2023,ANGGOTA BPD
2218, Limbangan,Madukara,PAIMUN,"BANJARNEGARA, 13 NOVEMBER 1964",LIMBANGAN RT 1 RW 1,081393897676,S1,2023,140/1386 TAHUN 2023,KETUA BPD
2219, Limbangan,Madukara,MAMIATIK,"BANJARNEGARA,16 SEPTEMBER 1981",LIMBANGAN RT 0 RW 1,082323444740,S1,2023,140/1386 TAHUN 2023,SEKRETARIS BPD
2220, Limbangan,Madukara,MARKILAH,"BANJARNEGARA,22 MARET 1971",LIMBANGAN RT 3 RW 3,085878751750,S1,2023,140/1386 TAHUN 2023,WAKIL KETUA BPD
2221, Linggasari,Wanadadi,Nugrah Yoga Santosa,"Banjarnegara, 26 Juni 1990",Linggasari RT 02 RW 01,081990590996,SMA,2017,141/ 28/ 2017,Kasi Kesejahteraan
2222, Linggasari,Wanadadi,Rahmat Widodo,"Banjarnegara, 04 Juli 1995",Linggasari RT 01 RW 05,085640063187,SMA,2020,141.3/ 43/ 2020,Kasi Pelayanan
2223, Linggasari,Wanadadi,Nur Budiati,"Banjarnegara, 10 Agustus 1980",Linggasari RT 02 RW 01,082314007119,SMA,2017,141/ 26/ 2017,Kasi Pemerintahan
2224, Linggasari,Wanadadi,Embun Lijayano Cahyo,"Banjarnegara, 02 November 1999",Linggasari RT 02 RW 01,081249467084,SMA,2020,141.3/ 44/ 2020,Kaur Keuangan
2225, Linggasari,Wanadadi,Akhmad Nur Fauzi,"Banjarnegara, 15 Januari 1991",Linggasari RT 01 RW 01,083123760883,SMA,2018,141/ 23/ 2018,Kaur Perencanaan
2226, Linggasari,Wanadadi,Pujiono,"Banjarnegara, 25 Desember 1968",Linggasari RT 01 RW 01,087824935989,SMA,2017,141/ 12/ 2017,Kaur TU dan Umum
2227, Linggasari,Wanadadi,Siti Ernam,"Banjarnegara, 10 Juni 1965",Linggasari RT 02 RW 01,081393735272,D3,2024,400.10.2/884/ Tahun 2024,Kepala Desa
2228, Linggasari,Wanadadi,Yatman,"Banjarnegara, 26 Sepetember 1970",Linggasari RT 01 RW 02,085201635857,SMA,2017,141/ 15/ 2017,Kepala Dusun II
2229, Linggasari,Wanadadi,Fauzan Nurkholish,"Banjarnegara, 31 Maret 1977",Linggasari RT 03 RW 03,085233869196,S1,2017,141/ 16/ 2017,Kepala Dusun III
2230, Linggasari,Wanadadi,Badarudin,"Banjarnegara, 26 Agustus 1966",Linggasari RT 02 RW 05,081310020300,S1,2017,141/ 17/ 2017,Kepala Dusun IV
2231, Linggasari,Wanadadi,Mardiyati,"Banjarnegara, 23 Juni 1983",Linggasari RT 02 RW 01,081325800815,SMA,2017,141/25/2017,Sekretaris Desa
2232, Luwung,Rakit,SLAMET PUJIANTO,"Banjarnegara, 23 September 1972",LUWUNG,081327663834,SMA,2017,141.3/03 /2017,KADUS I
2233, Luwung,Rakit,MOHAMAD JAFAR,"Banjarnegara, 11 Agustus 1973",LUWUNG,082323628464,SMA,2017,141.3/03 /2017,KADUS II
2234, Luwung,Rakit,MA'FUL,Banjarnegara. 20 Agustus 1967,LUWUNG,081328409875,SMA,2017,141.3/03 /2017,KADUS III
2235, Luwung,Rakit,UMU HIDAYATI,"Banjarnegara, 03 April 1988",LUWUNG,082328397561,S1,2022,141.3 /57/ 2022,KASI KESEJAHTERAAN
2236, Luwung,Rakit,SAROH AGUSTINA,"BANJARNEGARA, 15 Agustus 1991",LUWUNG,085869156391,S1,2022,141.3/51/2022,KASI PELAYANAN
2237, Luwung,Rakit,NUROKHMAN,"Banjarnegara, 07 Oktober 1968",LUWUNG,082134133978,SMA,2018,141/025/ 2018,KASI PEMERINTAHAN
2238, Luwung,Rakit,SUDIYANTO,"BANJARNEGARA, 10 JULI 1974",LUWUNG,081327428016,SMA,2017,141.3/03 /2017,KAUR KEUANGAN
2239, Luwung,Rakit,AHMAD WAHYU NUGROHO,"Banjarnegara, 03 November 1989",LUWUNG,08562640055,S1,2022,141.3 /56/ 2022,KAUR PERENCANAAN
2240, Luwung,Rakit,KHAMSIR,"Banjarnegara, 08 September 1976",LUWUNG,081384945767,DIII,2022,141.3/51/2022,KAUR TU DAN UMUM
2241, Luwung,Rakit,YULIA MINARSIH,"BANJARNEGARA, 10 JULI 1974",DESA LUWUNG RT 01 RW 03,082135610271,S1,2024,400.10.2/587 TAHUN 2024,KEPALA DESA
2242, Luwung,Rakit,SUBEJO,"Banjarnegara, 17 JUNI 1968",LUWUNG,082324931994,SMA,2018,141/ 025 /2018,SEKRETARIS DESA
2243, Luwung,Rakit,SRI SULISTYA UTAMI,"BANJARNEGARA, 13 APRIL 1975",LUWUNG,081393098710,S1,2023,140/1136 TAHUN 2023,ANGGOTA BPD
2244, Luwung,Rakit,SUPRAPTO,"BANJARNEGARA, 8 OKTOBER 1984",LUWUNG,085747816861,S1,2023,140/1136 TAHUN 2023,ANGGOTA BPD
2245, Luwung,Rakit,INDAH GEMPUR TRISNAWATI,"BANJARNEGARA, 7 JULI 1985",LUWUNG,085781456709,S1,2023,140/1136 TAHUN 2023,ANGGOTA BPD
2246, Luwung,Rakit,M. ALFATIH HUSAIN,"BANJARNEGARA, 15 MARET 1992",LUWUNG,088802801011,S1,2023,140/1136 TAHUN 2023,ANGGOTA BPD
2247, Luwung,Rakit,ERTOPO YUWONO,"BANJARNEGARA, 1 NOVEMBER 1983",LUWUNG,081325726463,S1,2023,140/1136 TAHUN 2023,KETUA BPD
2248, Luwung,Rakit,GUNAWAN WIBISONO,"BANJARNEGARA, 26 DESEMBER 1979",LUWUNG,081327057283,S1,2023,140/1136 TAHUN 2023,SEKRETARIS BPD
2249, Luwung,Rakit,SUKIRMAN,"BANJARNEGARA, 25 MEI 1982",LUWUNG,085229668173,SMA,2023,140/1136 TAHUN 2023,WAKIL KETUA BPD
2250, Madukara,Madukara,AGUS KHARIN,"Banjarnegara, 22 Agustus 1976","Madukara, Rt 02 Rw 04",+62 823-2844-0089,SMA,2013,141/30/2016,Kadus I
2251, Madukara,Madukara,SUYOTO,"Banjarnegara, 21 September 1966","Madukara, Rt 01 Rw 03",+62 852-9149-1221,SMA,2002,141/31/2016,Kadus II
2252, Madukara,Madukara,ALI FIKRI,"Banjarnegara, 10 Mei 1977","Madukara, Rt 03 Rw 01",+62 813-4481-9545,SMA,2011,141/32/2016,Kadus III
2253, Madukara,Madukara,TRI APRIANTO,"Banjarnegara, 05 April 1996","Madukara, Rt 01 Rw 06",+62 812-2522-5496,SMA,2017,141.32/25/2017,Kadus IV
2254, Madukara,Madukara,SUKASIH,"Banjarnegara, 11 Juli 1981","Madukara, Rt 02 Rw 07",+62 823-1416-3325,SMA,2010,141/33/2016,Kadus V
2255, Madukara,Madukara,DWI YOGI ARTATI,"Kebumen, 26 Desember 1967","Madukara, Rt 01 Rw 05",+62 812-1426-7203,SMA,2005,140/65/2022,Kasi Kesejahteraan
2256, Madukara,Madukara,BASUKI,"Banjarnegara, 02 Juni 1973","Madukara, Rt 02 Rw 03",+62 823-2684-4747,SMA,2000,140/65/2022,Kasi Pelayanan
2257, Madukara,Madukara,DWI RAHAYU,"Banjarnegara, 09 Maret 1986","Madukara, Rt 01 Rw 06",082316062880,Diploma II,2012,140/65/2022,Kasi Pemerintahan
2258, Madukara,Madukara,ERNA SETYANI,"Banjarnegara, 05 November 1979","Madukara, Rt 03 Rw 05",+62 878-3549-6803,SMA,2010,140/65/2022,Kaur Keuangan
2259, Madukara,Madukara,ARI DEWI UTAMI,"Banjarnegara, 02 Februari 1992","Madukara, Rt 02 Rw 03",+62 822-2409-6170,S1,2014,140/65/2022,Kaur Perencanaan
2260, Madukara,Madukara,JARWATI,"Banjarnegara, 07 Juni 1990","Madukara, Rt 03 Rw 03",+62 852-9121-8934,SMA,2017,140/65/2022,Kaur Tata Usaha dan Umum
2261, Madukara,Madukara,SODIKIN,"Banjarnegara, 16 Agustus 1950","Madukara, Rt 02 Rw 05",+62 822-2077-8405,Diploma II,2019,400.10.2/917 Tahun 2024,Kepala Desa
2262, Madukara,Madukara,SUGIANTO,"Banjaranegara, 24 Maret 1981","Madukara, Rt 03 Rw 05",+62 821-3565-5404,S1,2017,141.31/23/2017,Sekretaris Desa
2263, Madukara,Madukara,SUWANTO,"Banjarnegara, 01 Agustus 1981","Madukara, Rt 01 Rw 04",085327222253,SLTP,2023,140/795 TAHUN 2023,Anggota
2264, Madukara,Madukara,ADI SAPUTRA KUSUMA WARDANU,"Banjarnegara, 12 Januari 2002","Madukara, Rt 01 Rw 06",083822276790,SMA,2023,140/795 TAHUN 2023,Anggota
2265, Madukara,Madukara,TUMINGAN,"Banjarnegara, 25 April 1981","Madukara, Rt 03 Rw 06",081327083114,SMA,2023,140/795 TAHUN 2023,Anggota
2266, Madukara,Madukara,SUMINI,"Banjarnegara, 30 September 1978","Madukara, Rt 03  Rw 05",085227002775,S1,2023,140/795 TAHUN 2023,Anggota
2267, Madukara,Madukara,NURWIDAYAT,"Banjarnegara, 16 Agustus 1982","Madukara, Rt 02 Rw 03",082226776461,SMA,2023,140/795 TAHUN 2023,Ketua
2268, Madukara,Madukara,NIKEN RETNO INDRAYANI,"Banjarnegara, 24 Desember 1976","Madukara, Rt  03 Rw 05",085712641912,S1,2023,140/795 TAHUN 2023,Sekretaris
2269, Madukara,Madukara,SURATMAN,"Banjarnegara, 03 Januari 1978","Madukara, Rt 01 Rw 01",081568444723,SMA,2023,140/795 TAHUN 2023,Wakil Ketua
2270, Majalengka,Bawang,MURTINI,"Banjarnegara,10 Mei 1968",MAJALENGKA,088980914498,SMA,2016,141.3/35 TH 2016,Kasi Pemerintahan
2271, Majalengka,Bawang,ROSIANA TRI WINARNI,"Banjarnegara,20 Februari 1995",MAJALENGKA,081313126446,SMA,2019,141.3/30 TH 2019,Kaur Keuangan
2272, Majalengka,Bawang,TITIK WINARSIH,"Mojokerto,7 April 1978",MAJALENGKA,085229786978,D3,2016,141.3/32 TH 2016,Kaur Perencanaan
2273, Majalengka,Bawang,TRI YUNIARTI,"Banjarnegara,6 Juni 1975",MAJALENGKA,081215103757,SMA,2019,141.3/30 TH 2019,Kaur TU &amp; Umum
2274, Majalengka,Bawang,BUDI ARTANTO,"Banjarnegara,29 Januari 1972",MAJALENGKA,082243396340,D3,2019,141.1/980 TH 2019,Kepala Desa
2275, Majalengka,Bawang,ARIS,"Banjarnegara,23 April 1988",MAJALENGKA,082197848337,SMK,2022,141/34/Kep/TH 2022,Kepala Dusun Dogleg
2276, Majalengka,Bawang,NARYANTO,"Banjarnegara,14 Desember 1981",MAJALENGKA,088227235667,D3,2017,141.3/8 TH 2017,Kepala Dusun Karanggandul
2277, Majalengka,Bawang,KURNIADI HARTANTO,"Banjarnegara,11 Maret 1975",MAJALENGKA,088216277300,S1,2019,141.3/30 TH 2019,Kepala Dusun Lakapancar
2278, Majalengka,Bawang,AKHMAD RIDO ZAZULI,"Banjarnegara,18 Januari 2001",MAJALENGKA,082314111170,SMA,2023,141.3/23/Kep/Mjl/2023,Kepala Dusun Majalangu
2279, Majalengka,Bawang,KISNO,"Banjarnegara,8 November 1984",MAJALENGKA,081318524171,SMA,2017,141.3/9 TH 2017,Kepala Dusun Wiradrana
2280, Majalengka,Bawang,"ARIF HERU SETIYOKO, SE",Banjarnegara 11 juni 1981,"Majalengka RT 1 RW 9, Bawang, Banjarnegara",08112603347,S1,2017,141.3/7 TAHUN 2017,SEKRETARIS DESA
2281, Majalengka,Bawang,NUROKHIM ROKHIMI,"Banjarnegara,9 Oktober 1967",MAJALENGKA,081215348722,SLTP,2016,141.3/41 TH 2016,Staf Kasi Pelayanan
2282, Majasari,Pagentan,Tri Agung Hidayatullah,"Banjarnegara, 14 Juli 2000",Majasari RT 007 RW 001,082224205972,SMA,2021,141/024 TAHUN 2021,Kadus I
2283, Majasari,Pagentan,Khotim Hanafi,"Banjarnegara, 10 Oktober 1970",Majasari RT 001 RW 002,081325895670,SMA,2008,141/08 TAHUN 2008,Kadus II
2284, Majasari,Pagentan,Sukamto,"Banjarnegara, 04 Februari 1968",Majasari RT 002 RW 004,085154832637,SMA,2014,141/08/2018,Kadus III
2285, Majasari,Pagentan,Khadiroh Mut'mainah,"Banjarnegara, 27 Februari 1989",Majasari RT 001 RW 005,085291531222,SMK,2018,141/09/2018,Kadus IV
2286, Majasari,Pagentan,Jupri Ahwan,"Banjarnegara, 06 April 1970",Majasari RT 006 RW 001,085600638718,SMA,2000,141/001/2000,Kasi Kesra
2287, Majasari,Pagentan,Indah Rahmawati,"Banjarnegara, 23 Mei 1991",Majasari RT 001 RW 001,085290799899,SMK,2018,141/10/2018,Kasi Pelayanan
2288, Majasari,Pagentan,Herywidiyanto,"Banjarnegara, 06 September 1977",Majasari RT 001 RW 003,081215692525,SMA,2018,141/08/2018,Kasi Pemerintahan
2289, Majasari,Pagentan,Paryanti,"Banjarnegara, 16 Desember 1980",Majasari RT 004 RW 004,085328250820,SMA,2020,141/22 TAHUN 2020,Kaur Keuangan
2290, Majasari,Pagentan,Aji Prasetyo,"Banjarnegara, 04 Mei 1996",Majasari RT 002 RW 004,085185014220,SMA,2018,141/11/2018,Kaur Perencanaan
2291, Majasari,Pagentan,Mohamad Sauki Fadli,"Banjarnegara, 02 Agustus 1991",Majasari RT 001 RW 003,085200432630,S1,2021,141/023 TAHUN 2021,Kaur TU dan Umum
2292, Majasari,Pagentan,Abdullah Sukri,"Banjarnegara, 14 Desember 1960",Majasari RT 002 RW 004,081327429508,S1,2019,141.1/113 TAHUN 2019,Kepala Desa
2293, Majasari,Pagentan,Slamet Santosa,"Banjarnegara, 02 Juni 1973",Majasari RT 001 RW 003,081287563976,SMA,2018,141/09/2018,Sekretaris Desa
2294, Majasari,Pagentan,Maftuhah,"Wonosobo, 12 Agustus 1968",Majasari RT 002 RW 001,085228460449,S1,2023,140/513/2023,Anggota BPD
2295, Majasari,Pagentan,Ahmad Wardi,"Banjarnegara, 06 Maret 1969",Majasari RT 002 RW 001,085600172129,SMA,2023,140/513/2023,Anggota BPD
2296, Majasari,Pagentan,Muh. Udi Harno,"Wonosobo, 15 Mei 1968",Majasari RT 001 RW 005,085227110539,SLTA,2023,140/513/2023,Anggota BPD
2297, Majasari,Pagentan,Jauharoh,"Banjarnegara, 15 September 1959",Majasari RT 002 RW 004,085324254803,S1,2023,140/513/2023,Anggota BPD
2298, Majasari,Pagentan,Sobron,"Banjarnegara, 21 September 1981",Majasari RT 004 RW 005,082312247200,SLTA,2023,140/513/2023,Anggota BPD
2299, Majasari,Pagentan,AR. Supriyadi,"Banjarnegara, 18 Februari 1966",Majasari RT 001 RW 002,085293732229,S1,2023,140/513/2023,Ketua BPD
2300, Majasari,Pagentan,Zaenal Paswoto,"Banjarnegara, 07 Juli 1973",Majasari RT 003 RW 004,08112601189,SLTA,2023,140/513/2023,Sekretaris BPD
2301, Majatengah,Banjarmangu,Jupri Prasetyo,"Banjarnegara, 04 April 1974",Majatengah RT 2 RW 1,0822-2157-3273,SMA,2016,15 TAHUN 2016,Bendahara Desa
2302, Majatengah,Banjarmangu,Doni Adam Pramudita,"Banjarnegara, 18 Agustus 1992",Majatengah RT 2 RW 1,081393840320,SMA,2018,141/53 TAHUN 2018,Kadus I
2303, Majatengah,Banjarmangu,Khamdan Hidayat,"Banjarnegara, 08 Juli 1979",Majatengah RT 3 RW 2,082242473537,SMA,2016,18 TAHUN 2016,Kadus II
2304, Majatengah,Banjarmangu,Khaerul Amin,"Banjarnegara, 22 Mei 1985",Majatengah RT 3 RW 2,081227544179,SMA,2017,141/ 14 Tahun 2017,Kasi Kesejahteraan
2305, Majatengah,Kalibening,DARSONO,"Banjarnegara, 18 Maret 1968",Desa Majatengah Rt. 004 Rw. 002 Kec. Kalibening Kab. Banjarnegara,085817359455,SMA,1998,141/01/2017,Kasi Kesra
2306, Majatengah,Kalibening,LISYONO,"Banjarnegara, 14 Februari 1969",Desa Majatengah Rt. 03 Rw. 01 Kecamatan Kalibening Kabupaten Banjarnegara,081215104232,SMA,2014,141/01/2017,Kasi Pelayanan
2307, Majatengah,Banjarmangu,Ririn Purwaningsih,"Banjarnegara, 17 Februari 1992",Majatengah RT 1 RW 1,085233665005,SMA,2017,141/14 Tahun 2017,Kasi Pemerintahan
2308, Majatengah,Kalibening,SRI ANDRIYANI,"Banjarnegara, 6 November 1972",Desa Majatengah Rt. 001 Rw. 002 Kec. Kalibening Kab. Banjarnegara,085765854602,SMA,2008,141/01/2017,Kasi Pemerintahan
2309, Majatengah,Kalibening,RIRIN NUR INDAH SARI,"Banjarnegara, 10 September 1986",Desa Majatengah Rt. 001 Rw. 002 Kec. Kalibening Kab. Banjarnegara,082226833720,SMA,2014,141/01/2017,KAUR KEUANGAN
2310, Majatengah,Kalibening,MUSTOFA,"Banjarnegara, 1 Desember 1982",Desa Majatengah Rt. 02 Rw. 03 Kecamatan Kalibening Kabupaten Banjarnegara,082313488868,SMA,2017,141/09/2017,Kaur Perencanaan
2311, Majatengah,Banjarmangu,Badriah,"Banjarnegara, 27 April 1994",Majatengah RT 1 RW 1,082243335918,SMA,2024,141.31/ 33 TAHUN 2024,Kaur Perencanaan
2312, Majatengah,Banjarmangu,Alan Wahyu Pratiko,"Banjarnegara, 03 Juni 1993",Majatengah RT 3 RW 1,082298912376,SMA,2022,141.1/41 TAHUN 2022,Kaur Tata Usaha dan Umum
2313, Majatengah,Kalibening,ZAENAL ABIDIN,"Banjarnegara, 12 Agustus 1976",Desa Majatengah Rt. 02 Rw. 01 Kecamatan Kalibening Kabupaten Banjarnegara,085156981335,SMA,2008,141/01/2017,Kaur TU dan Umum
2314, Majatengah,Banjarmangu,Supangat,"Banjarnegara, 03 Juli 1984",majatengah RT 1 RW 1,0813-5974-5158,SMP,2025,400.10.2/585 Tahun 2025,Kepala Desa
2315, Majatengah,Kalibening,MUSTOFA,"Banjarnegara,",Desa Majatengah Rt. 02 Rw. 01 Kecamatan Kalibening Kabupaten Banjarnegara,081326677829,SMA,2019,141.1/1077/2019,Kepala Desa
2316, Majatengah,Kalibening,ANDREAN YUDHA NUGRAHA,"Banjarnegara, 9 November 1993",Desa Majatengah Rt. 03 Rw. 01 Kecamatan Kalibening Kabupaten Banjarnegara,082231620416,SMA,2022,141.32/22/2022,Kepala Dusun I Majatengah
2317, Majatengah,Kalibening,PURWANTO,"Banjarnegara, 2 Januari 1966",Desa Majatengah Rt. 03 Rw. 02 Kecamatan Kalibening Kabupaten Banjarnegara,087714144650,SMA,2000,141/01/2017,Kepala Dusun II Parakan
2318, Majatengah,Kalibening,ANA FITRIANI,"Banjarnegara, 15 Februari 1996",Desa Majatengah Rt. 01 Rw. 03 Kecamatan Kalibening Kabupaten Banjarnegara,082337673836,S1,2025,141.32/11/2025,Kepala Dusun III Sampang
2319, Majatengah,Kalibening,AVI MULYANI,"Banjarnegara, 29 Januari 1995",Desa Majatengah Rt. 004 Rw. 002 Kec. Kalibening Kab. Banjarnegara,085747386042,S1,2017,141/09/2017,Sekretaris Desa
2320, Majatengah,Banjarmangu,Eka Rusmiyanti,"Banjarnegara, 13 Januari 1991",Majatengah RT 3 RW 1,081390869155,SMA,2023,141.31/45 TAHUN 2023,Sekretaris Desa
2321, Majatengah,Banjarmangu,Alfi Fauziah,"Banjarnegara, 03 Mei 1995",Majatengah RT 3 RW 1,081391526281,SMA,2025,400.10.2/330 TAHUN 2025,Anggota
2322, Majatengah,Banjarmangu,Idnun Nurlaelan Hidayatulloh,"Banjarnegara, 21 Juli 1997",Majatengah RT 1 RW 2,082260753120,SMA,2023,140/1416 TAHUN 2023,Anggota
2323, Majatengah,Kalibening,UJI SUSIANTO,"Banjarnegara, 27 Juli 1993",Desa Majatengah Rt. 004 Rw. 003 Kec. Kalibening Kab. Banjarnegara,081339868744,S1,2023,140/587 Tahun 2023,Anggota BPD
2324, Majatengah,Kalibening,TURAH,"Banjarnegara, 17 Agustus 1980",Desa Majatengah Rt. 01 Rw. 03 Kecamatan Kalibening Kabupaten Banjarnegara,082220770309,SMP,2023,140/587 Tahun 2023,Anggota BPD
2325, Majatengah,Kalibening,ANI SUDIYANTI,"Banjarnegara, 25 November 1978",Desa Majatengah Rt. 004 Rw. 002 Kec. Kalibening Kab. Banjarnegara,085869587511,SMA,2023,140/587 Tahun 2023,Anggota BPD
2326, Majatengah,Banjarmangu,Supriyadi,"Banjarnegara, 10 September 1962",Majatengah RT 3 RW 1,081373133364,SMP,2023,140/1416 TAHUN 2023,Ketua
2327, Majatengah,Kalibening,IKHWAN,"Banjarnegara, 03 Juli 1963",Desa Majatengah Rt. 02 Rw. 01 Kecamatan Kalibening Kabupaten Banjarnegara,081383313533,SMA,2023,140/587 Tahun 2023,Ketua BPD
2328, Majatengah,Banjarmangu,Mistriati,"Banjarnegara, 19 Mei 1992",Majatengah RT 1 RW 1,081391009150,SMA,2023,140/1416 TAHUN 2023,Sekretaris
2329, Majatengah,Kalibening,KUAT WIDODO,"Banjarnegara, 10 Desember 1980",Desa Majatengah Rt. 02 Rw. 02 Kecamatan Kalibening Kabupaten Banjarnegara,085227407234,S1,2023,140/587 Tahun 2023,Sekretaris BPD
2330, Majatengah,Banjarmangu,Syaifulloh,"Banjarnegara,2 Juni 1987",Majatengah RT 4 RW 2,081338436615,SMA,2023,140/1416 TAHUN 2023,Wakil Ketua
2331, Majatengah,Kalibening,AHMAD YULI ABIDIN,"Wonosobo, 18 Juli 1964",Desa Majatengah Rt. 03 Rw. 01 Kecamatan Kalibening Kabupaten Banjarnegara,085601829973,SMA,2023,140/587 Tahun 2023,Wakil Ketua BPD
2332, Mandiraja Kulon,Mandiraja,MUCHANAN,"Banjarnegara, 5 Oktober 1970",Mandiraja Kulon RT 002 RW 001,085840275684,S1,2002,141/08,KADUS 1
2333, Mandiraja Kulon,Mandiraja,SABAR HADMANTO,"Banjarnegara, 5 Juni 1987",Mandiraja Kulon RT 008 RW 002,083819106221,SLTA,141/3,2023,KADUS 2
2334, Mandiraja Kulon,Mandiraja,YOGA ARY KURNIAWAN,"Banjarnegara, 16 Oktober1978",Mandiraja Kulon RT 004 RW 003,082136116000,SLTA,2012,141/12,KADUS 3
2335, Mandiraja Kulon,Mandiraja,SUDIN,"Banjarnegara, 05 Januari 1971",Mandiraja Kulon Rt 003 RW 004,085540555197,SLTA,2010,141/03,KADUS 4
2336, Mandiraja Kulon,Mandiraja,SADULLAH,"Banjarnegara, 8 Mei 1969",Mandiraja Kulon RT 002 RW 004,087844404905,SLTA,2002,141/08,KASI KESEJAHTERAAN
2337, Mandiraja Kulon,Mandiraja,ARIF TRI WIDYANTO,"Banjarnegara, 4 April 1981",Mandiraja Kulon Rt 003 RW 004,082310174850,SLTA,2007,141/07,KASI PELAYANAN
2338, Mandiraja Kulon,Mandiraja,WISNU WAHYU NUGROHO,"Banjarnegara, 15 Juni 1988",Desa Mandiraja Kulon RT 01 RW 04,082255876960,SMA,2025,141.3/45 Tahun 2025,Kasi Pemerintahan
2339, Mandiraja Kulon,Mandiraja,ETI DWI CAHYANI,"Banjarnegara, 28 Desember 1983",Mandiraja Kulon RT 002 RW 002,082324258552,SLTA,2021,141.3/41,KAUR KEUANGAN
2340, Mandiraja Kulon,Mandiraja,AMIN FADILAH,"Banjarnegara, 8 Januari 1982",Mandiraja Kulon RT 002 RW 001,085327422335,SLTA,2017,11,KAUR PERENCANAAN
2341, Mandiraja Kulon,Mandiraja,PAINO,"Banjarnegara, 27 Juli 1968",Mandiraja Kulon RT 005 RW 004,082131681523,SLTA,1990,141/01,KAUR TU &amp; UMUM
2342, Mandiraja Kulon,Mandiraja,SUWARYO,"Banjarnegara, 20 Juni 1969",Mandiraja Kulon RT 004 RW 002,082325458042,SLTA,2019,141/1020,KEPALA DESA
2343, Mandiraja Kulon,Mandiraja,UMI KURNIATI,"Banjarnegara, 29 Juni 1987",Mandiraja Kulon Rt 003 RW 003,085174312963,SLTA,2007,141/07,SEKDES
2344, Mandiraja Kulon,Mandiraja,HANIPAN,"Banjarnegara, 07 November 1969",Mandiraja Kulon RT 005 RW 001,0895411769988,SLTA,2014,141/01,STAF KASI PELAYANAN
2345, Mandiraja Kulon,Mandiraja,"SUMARNI, S.Pd","Banjarnegara, 5 Juni 1979",Mandiraja Kulon RT 005 RW 004,083109716658,S1,2023,140/1497,ANGGOTA
2346, Mandiraja Kulon,Mandiraja,"NOVITA HASMI, A.Md.Keb","Banjarnegara, 28 November 1988",Mandiraja Kulon RT 006 RW 001,082220025402,D3,2023,140/1497,ANGGOTA
2347, Mandiraja Kulon,Mandiraja,RUDI SASONGKO,"Banjarnegara, 28 Mei 1974",Mandiraja Kulon RT 006 RW 002,085845948544,SLTA,2023,140/1497,ANGGOTA
2348, Mandiraja Kulon,Mandiraja,SUJITO,"Banjarnegara, 8 April 1967",Mandiraja Kulon RT 006 RW 004,082326504688,SLTA,2023,140/1497,ANGGOTA
2349, Mandiraja Kulon,Mandiraja,SETIYO TRIYONO,"Banjarnegara, 14 Agustus 1974",Mandiraja Kulon RT 004 RW 002,0895606470857,SLTA,2023,140/1497,ANGGOTA
2350, Mandiraja Kulon,Mandiraja,MISRO,"Banjarnegara, 8 Desember 1960",Mandiraja Kulon Rt 003 RW 003,082138189680,SLTA,2023,140/1497,ANGGOTA
2351, Mandiraja Kulon,Mandiraja,"ZAENI ADHA, S.Pt","Banjarnegara, 28 Januari 1972",Mandiraja Kulon RT 006 RW 003,081327552441,S1,2023,140/1497,KETUA
2352, Mandiraja Kulon,Mandiraja,ANDRITA PUTRA SYAH ALAM,"Banjarnegara, 13 Juli 2002",Mandiraja Kulon RT 006 RW 001,089639442283,SLTA,2023,140/1497,SEKRETARIS
2353, Mandiraja Kulon,Mandiraja,MUTOHAR,"Banjarnegara, 10 Juni 1972",Mandiraja Kulon RT 003 RW 001,082325528230,SLTA,2023,140/1497,WAKIL KETUA
2354, Mandiraja Wetan,Mandiraja,"KHUMAIDA PRIHUTAMI, S.Pt","Banjarnegara, 23-12-1995",Mandiraja Wetan RT 07 RW 02,085747039655,S1,"2017,","140/13/X/2023, 141.3/38 TAHUN ",KASI KESEJAHTERAAN
2355, Mandiraja Wetan,Mandiraja,SLAMET,"Banjarnegara, 04-03-1965",Mandiraja Wetan RT 06 RW 02,085227851791,SMA,2018,141.3/32/2018,KASI PELAYANAN
2356, Mandiraja Wetan,Mandiraja,SYAHID ANWAR,"Banjarnegara, 28-10-1976",Mandiraja Wetan RT 06 RW 03,081327199972,S1,"2017,","141.3/42 TAHUN 2021, 141.3/38 ",KASI PEMERINTAHAN
2357, Mandiraja Wetan,Mandiraja,ANGGER HERLANA,"Banjarnegara, 29-10-1997",Mandiraja Wetan RT 01 RW 02,088227713603,SMA,2021,141.3/42 TAHUN 2021,KAUR KEUANGAN
2358, Mandiraja Wetan,Mandiraja,MISWANDI,"Banjarnegara, 02-02-1975",Mandiraja Wetan RT 06 RW 03,081327774232,SMA,2018,141.3/32/IV/2018,KAUR PERENCANAAN
2359, Mandiraja Wetan,Mandiraja,INUNG LUDI NOFIATI,"Banjarnegara,08-09-1984",RT 05 RW 03 Desa Mandiraja wetan,081229079892,DIII,"2017,","140/13/X/2017,  141.3/38 TAHUN",KAUR TU DAN UMUM
2360, Mandiraja Wetan,Mandiraja,"SUPRIYONO,SH","Banjarnegara, 21-03-1978",Mandiraja Wetan RT 01 RW 03,081392274249,S1,2025,400.10.2/92 Tahun 2025,KEPALA DESA
2361, Mandiraja Wetan,Mandiraja,SUGIYONO,"Banjarnegara, 19-09-1978",Mandiraja Wetan RT 02 RW 02,081240955129,SMA,2023,141.3/32/1V/2018,KEPALA DUSUN 1
2362, Mandiraja Wetan,Mandiraja,MISNO,"Banjarnegara, 27-12-1974",Mandiraja Wetan RT 07 RW 03,085291234454,SMA,2017,141/01/I/2017,KEPALA DUSUN 2
2363, Mandiraja Wetan,Mandiraja,DANANG SETIAJI,"Banjarnegara,28-10-1976",Mandiraja Wetan RT 06 RW 01,082220157686,SMA,2017,140/13/2017,Sekretaris Desa
2364, Mandiraja Wetan,Mandiraja,"WARTO, A.Md","Banjarnegara,26-12-1976",Mandiraja Wetan RT 06 RW 03,085741411600,DIII,2024,400.10.2/8 TAHUN 2024,Anggota
2365, Mandiraja Wetan,Mandiraja,SURYONO,"Banjarnegara,11-09-1967",Mandiraja Wetan RT 07 RW 02,088973228652,SLTP,2024,400.10.2/8 TAHUN 2024,Anggota
2366, Mandiraja Wetan,Mandiraja,EKA SETIA FEBRIANING,"Banjarnegara,24-02-1991",Mandiraja Wetan RT 07 RW 02,085784484727,SMA,2024,400.10.2/8 TAHUN 2024,Anggota
2367, Mandiraja Wetan,Mandiraja,"MA'RIFATUL JANNAH, SE","Banjarnegara,30-06-1979",Mandiraja Wetan RT 01 RW 03,082220969980,S1,2024,400.10.2/8 TAHUN 2024,Anggota
2368, Mandiraja Wetan,Mandiraja,"AGUS PRASETYA NUGRAHA, S.E","Banjarnegara, 18-09-1975",Mandiraja Wetan RT 06 RW 01,085147047363,S1,2024,400.10.2/8 TAHUN 2024,Anggota
2369, Mandiraja Wetan,Mandiraja,"NURUL UMAM PRABANGKIT, S.I.Pust","Banjarnegara,19-05-1985",Mandiraja Wetan RT 06 RW 02,082323743243,S1,2024,400.10.2/8 TAHUN 2024,Anggota
2370, Mandiraja Wetan,Mandiraja,"SUBHAN LATIF, S.Si","Banjarnegara,16-09-1984",Mandiraja Wetan RT 04 RW 02,085713557553,S1,2024,400.10.2/8 TAHUN 2024,Anggota
2371, Mandiraja Wetan,Mandiraja,"HANGGAR PRASTOWO, S.Pd, M.Si","Banjarnegara,19-11-1985",Mandiraja Wetan RT 04 RW 01,0856403373778,S2,2024,400.10.2/8 TAHUN 2024,Ketua
2372, Mandiraja Wetan,Mandiraja,"BAEDOWI, S.Pd.I","Banjarnegara, 18-09-1960",Mandiraja Wetan RT 01 RW 01,0811287053,S1,2024,400.10.2/8 TAHUN 2024,Wakil Ketua
2373, Mantrianom,Bawang,SULISNO,"BANJARNEGARA, 19 JULI 1978",MANTRIANOM RT 003 RW 007,081327345616,SLTA,2017,141.3/29/Kep/2017,KASI KESRA
2374, Mantrianom,Bawang,MOKHAMAD JAMALUDIN,"BANJARNEGARA, 23 FEBRUARI 2017",MANTRIANOM RT 005 RW 001,085701032663,SLTA,2010,141.3/15/II/2017,KASI PELAYANAN
2375, Mantrianom,Bawang,ACHMAD NURSIDIN,"BANJARNEGARA, 10 FEBRUARI 1983",MANTRIANOM RT 001 RW 001,081329995502,SLTA,2013,141.3/37 TAHUN 2023,KASI PEMERINTAHAN
2376, Mantrianom,Bawang,MAKHRUS SALAM,"BANJARNEGARA, 5 AGUSTUS 1980",MANTRIANOM RT 003 RW 008,085227710367,SLTA,2013,141.3/14/II/2017,KAUR KEUANGAN
2377, Mantrianom,Bawang,NURUL HUDA,"MAGELANG, 10 JANUARI 1970",NURUL HUDA,081328273145,SLTA,2003,141.3/13/II/2017,KAUR PERENCANAAN
2378, Mantrianom,Bawang,BUDI SUSANTO,"BANJARNEGARA, 7 APRIL 1981",MANTRIANOM RT 002 RW 005,085878278692,SLTA,2017,141.3/28/Kep/2017,KAUR TU &amp; UMUM
2379, Mantrianom,Bawang,KUSWOYO,"BANJARNEGARA, 4 JANUARI 1965",RT 01 RW 03 Desa Mantrianom,081327537365,SLTP,2019,141.1/991 TAHUN 2019,KEPALA DESA
2380, Mantrianom,Bawang,NOOR ZUBAEDAH ISMIATUN MUSLIMAH,"BANJARNEGARA, 17 AGUSTUS 1967",MANTRIANOM RT 002 RW 003,085291111627,SLTA,2002,141.3/17/II/2017,KEPALA DUSUN I
2381, Mantrianom,Bawang,ANGGUN PRASETYO,"BANJARNEGARA, 27 AGUSTUS 1990",MANTRIANOM RT 003 RW 008,081213995639,SLTA,2017,141.3/30/Kep/2017,KEPALA DUSUN II
2382, Mantrianom,Bawang,MASTUR,"BANJARNEGARA, 15 OKTOBER 1968","MANTRIANOM, RT 001 RW 006",081226818553,SLTA,2000,141.3/18/II/2017,KEPALA DUSUN III
2383, Mantrianom,Bawang,JAMALI,"BANJARNEGARA, 8 JUNI 1973","MANTRIANOM, RT 002 RW 002",089670244142,SLTA,2010,141.3/38 TAHUN 2023,KEPALA DUSUN IV
2384, Mantrianom,Bawang,ADITYA NOVARUNA WIDYAPRASIDDHA,"BANJARNEGARA, 3 NOVEMBER 1990",MANTRIANOM RT 001 RW 001,085215201609,S1,2017,141.3/27/Kep/2017,SEKRETARIS DESA
2385, Mantrianom,Bawang,"RIZAL DRI SATRIO ADI, A.Md.Kep","BANJARNEGARA, 22 JANUARI 1992",MANTRIANOM RT 004 RW 007,08156852461,D3,2023,140/1.018 TAHUN 2023,ANGGOTA BIDANG PELAKSANAAN PEMBANGUNAN DESA DAN PE
2386, Mantrianom,Bawang,"NANI MELI MARYANTI, A.Md.Keb","BANJARNEGARA, 16 AGUSTUS 1993",MANTRIANOM RT 002 RW 04,085728880118,D3,2023,140/1.018 TAHUN 2023,ANGGOTA BIDANG PENYELENGGARAAN PEMERINTAH DESA DAN
2387, Mantrianom,Bawang,NANANG YUDI HANDOKO,"BANJARNEGARA, 30 SEPTEMBER 1980",MANTRIANOM RT 002 RW 001,082328997000,SLTA,2023,140/1.018 TAHUN 2023,KETUA BIDANG PELAKSANAAN PEMBANGUNAN DESA DAN PEMB
2388, Mantrianom,Bawang,WALSONO,"KEBUMEN, 27 OKTOBER 1970",MANTRIANOM RT 001 RW 03,081327214230,SLTA,2023,140/1.018 TAHUN 2023,KETUA BIDANG PENYELENGGARAAN PEMERINTAH DESA DAN P
2389, Mantrianom,Bawang,"MOH. AMIN, S.Pd.","KUDUS, 20 JANUARI 1977",MANTRIANOM RT 003 RW 002,081542780119,S1,2023,140/1.018 TAHUN 2023,KETUA BPD
2390, Mantrianom,Bawang,"SITI NUGRAHAENI, S.E.","BANJARNEGARA, 2 DESEMBER 1982",MANTRIANOM RT 002 RW 001,085227538536,S1,2023,140/1.018 TAHUN 2023,SEKRETARIS BPD
2391, Mantrianom,Bawang,HERRY PURWOTO,"BANJARNEGARA, 11 DESEMBER 1964",MANTRIANOM RT 002 RW 005,082135111333,SLTA,2023,140/1.018 TAHUN 2023,WAKIL KETUA BPD
2392, Masaran,Bawang,YUGO BANGUN SAYEKTI,"BANJARNEGARA, 14 JANUARI 1987",MASARAN RT 03 RW 01,082325676557,SMK,2012,141/24/2016,KASI KESEJAHTERAAN
2393, Masaran,Bawang,NURJANA,"BANJARNEGARA, 15 APRIL 1985",MASARAN RT 02 RW 03,082324666582,SMA,2012,141.3/2025 TAHUN 2021,KASI PELAYANAN
2394, Masaran,Bawang,BUDI PRIATMOKO,"BANJARNEGARA, 02 JANUARI 1979",MASARAN RT 03 RW 02,085799638922,SMK,2008,141.3/23/2016,KASI PEMERINTAHAN
2395, Masaran,Bawang,ETI SUTIANA,"BANJARNEGARA, 14 FEBRUARI 1985",MASARAN RT 02 RW 01,081381604674,S1,2017,141.3/13 TAHUN 2017,KAUR KEUANGAN
2396, Masaran,Bawang,KARNA,"BANJARNEGARA, 06 DESEMBER 1965",MASARAN RT 04 RW 01,082325676527,SMA,1999,141.3/27/2016,KAUR PERENCANAAN
2397, Masaran,Bawang,NIMRON,"BANJARNEGARA, 19 JUNI 1977",MASARAN RT 01 RW 04,085291110199,D2,2008,141/24 TAHUN 2021,KAUR TU DAN UMUM
2398, Masaran,Bawang,DIAN EKA WINARTININGSIH,"BANJARNEGARA, 02 MARET 1990",MASARAN RT 01 RW 04,082328621145,S1,2025,141.1/622 TAHUN 2025,KEPALA DESA
2399, Masaran,Bawang,EDI WAKHITO,"BANJARNEGARA, 08 JULI 1966",MASARAN RT 02 RW 03,082324997637,S1,2008,141.3/29/2016,KEPALA DUSUN
2400, Masaran,Bawang,EKO BUDI TRIYONO,"BANJARNEGARA, 11 MARET 1987",MASARAN RT 01 RW 02,085291444321,SMA,2023,141.2/20 TAHUN 2023,KEPALA DUSUN
2401, Masaran,Bawang,EKA LENI INDRIYANI,"BANJARNEGARA, 06 NOVEMBER 1994",MASARAN RT 02 RW 04,081313123493,SMA,2023,141.3/21 TAHUN 2023,KEPALA DUSUN
2402, Masaran,Bawang,KUSMIYATI,"BANJARNEGARA, 31 MEI 1984",MASARAN RT 03 RW 01,088214885876,SMK,2017,141.3/06 TAHUN 2017,SEKRETARIS DESA
2403, Masaran,Bawang,TUGIMAN,"BANJARNEGARA, 31 OKTOBER 1977",MASARAN RT 01 RW 01,082135992193,SMP,2008,141.3/32/2016,STAF KAUR TU DAN UMUM
2404, Masaran,Bawang,TURHAMTO,"BANJARNEGARA, 28 AGUSTUS 1986",MASARAN RT 04 RW 02,088232258080,SLTA,2024,400.10.2 /1074 TAHUN 2024,ANGGOTA BPD
2405, Masaran,Bawang,TEGUH PUJIONO,"BANJARNEGARA, 17 DESEMBER 1968",MASARAN RT 02 RW 01,085726452001,S1,2024,400.10.2/1074 TAHUN 2024,ANGGOTA BPD
2406, Masaran,Bawang,SYAMSUL MA'ARIF,"BANJARNEGARA, 29 AGUSTUS 1974",MASARAN RT 01 RW 04,085227755643,D3,2024,400.10.2/1074 TAHUN 2024,ANGGOTA BPD
2407, Masaran,Bawang,SLAMET WIDODO,"SUKOHARJO, 10 JULI 1966",MASARAN RT 04 RW 01,085227084499,SMA,2024,400.10.2/1074 TAHUN 2024,KETUA BPD
2408, Masaran,Bawang,KUSBUDI ASTUTI,"BANJARNEGARA, 24 MEI 1968",MASARAN RT 02 RW 01,081391226076,S1,2024,400.10.2/1074 TAHUN 2024,SEKRETARIS BPD
2409, Masaran,Bawang,MUNASIR,"BANJARNEGARA, 15 JULI 1960",MASARAN RT 01 RW 02,082328372350,SMA,2024,400.10.2/1074 TAHUN 2024,WAKIL KETUA BPD
2410, Medayu,Wanadadi,Tukhadi,"Banjarnegara, 09-02-1969",Desa Medayu RT 01 RW 03 Kec. Wanadadi Kab. Banjarnegara,+62 852-2660-5616,SLTA,2017,141/12 Tahun 2017,Kasi Kesejahteraan
2411, Medayu,Wanadadi,Juwariyah,"Banjarnegara, 05-08-1977",Desa Medayu RT 01 RW 02 Kec. Wanadadi Kab. Banjarnegara,+62 821-3782-6962,SLTA,2017,141/14 Tahun 2017,Kasi Pelayanan
2412, Medayu,Wanadadi,"Juniati, S.Pd","Banjarnegara, 08-06-1984",Desa Medayu RT 06 RW 01 Kec. Wanadadi Kab. Banjarnegara,+62 882-1545-8061,S1,2019,141/25 Tahun 2019,Kasi Pemerintahan
2413, Medayu,Wanadadi,Niran,"Banjarnegara, 16-07-1968",Desa Medayu RT 03 RW 04 Kec. Wanadadi Kab. Banjarnegara,+62 852-2793-7827,SLTA,2017,141/12 Tahun 2017,Kaur Keuangan
2414, Medayu,Wanadadi,"Indah Prasetyowati, Amd","Banyumas, 29-01-1981",Desa Medayu RT 01 RW 02 Kec. Wanadadi Kab. Banjarnegara,+62 852-9396-9978,D3,2017,141/18 Tahun 2017,Kaur Perencanaan
2415, Medayu,Wanadadi,Suyoko,"Banjarnegara, 05-05-1965",Desa Medayu RT 04 RW 04 Kec. Wanadadi Kab. Banjarnegara,+62 813-2752-2284,SLTA,2019,141/21 Tahun 2019,Kaur TU Dan Umum
2416, Medayu,Wanadadi,"Anugrah Elan Septian, SM","Banjarnegara, 27-09-1997",Desa Medayu RT 05 RW 01 Kec. Wanadadi Kab. Banjarnegara,+62 857-9979-7333,S1,2025,11,Kepala Desa
2417, Medayu,Wanadadi,"Taufan Permana, S.Pd, MM","DKI Jakarta, 14 September 1985",Desa Medayu RT 06 RW 01 Kec. Wanadadi Kab. Banjarnegara,081225576150,S2,2023,141/55 Tahun 2023,Kepala Dusun I
2418, Medayu,Wanadadi,Sarwadi,"Banjarnegara, 10-04-1966",Desa Medayu RT 01 RW 02 Kec. Wanadadi Kab. Banjarnegara,+62 852-2618-0428,SLTA,2017,141/22 Tahun 2017,Kepala Dusun II
2419, Medayu,Wanadadi,"Supriyono, Amd","Banjarnegara, 05-05-1980",Desa Medayu RT 01 RW 03 Kec. Wanadadi Kab. Banjarnegara,+62 882-2539-1455,D3,2017,141/23 Tahun 2017,Kepala Dusun III
2420, Medayu,Wanadadi,Nihad,"Banjarnegara, 27-09-1965",Desa Medayu RT 03 RW 04 Kec. Wanadadi Kab. Banjarnegara,+62 813-2676-4565,SLTA,2017,141/26 Tahun 2017,Kepala Dusun IV
2421, Medayu,Wanadadi,"Sugeng Sukirman, S.Kom","Banjarnegara, 23-05-1980",Desa Medayu RT 04 RW 04 Kec. Wanadadi Kab. Banjarnegara,+62 852-2751-8506,S1,2018,5/22 Tahun 2018,Sekretaris Desa
2422, Medayu,Wanadadi,"Tugiran, S.Pd","Banjarnegara, 25-10-1975",Desa Medayu RT 03 RW 03 Kec. Wanadadi Kab. Banjarnegara,081 sekian-sekian,S1,2023,140/955 Tahun 2023,Anggota Bidang Pembangunan Desa
2423, Medayu,Wanadadi,"Tugiran, S.Pd.I","Banjarnegara, 11-12-1976",Desa Medayu RT 07 RW 04 Kec. Wanadadi Kab. Banjarnegara,+62 815-4117-9149,S1,2023,140/955 Tahun 2023,Anggota Bidang Pemerintahan Desa
2424, Medayu,Wanadadi,"Markum, S.Pd","Banjarnegara, 13-02-1960",Desa Medayu RT 02 RW 04 Kec. Wanadadi Kab. Banjarnegara,+62 812-1565-8234,S1,2023,140/955 Tahun 2023,Ketua Bidang Pembangunan Desa
2425, Medayu,Wanadadi,"Rohyati, S.Pust","Banjarnegara, 30-12-1984",Desa Medayu RT 05 RW 01 Kec. Wanadadi Kab. Banjarnegara,+62 812-1581-5625,S1,2023,140/955 Tahun 2023,Ketua Bidang Pemerintahan Desa
2426, Medayu,Wanadadi,"Dakir, S.Pd","Banjarnegara, 07-05-1968",Desa Medayu RT 04 RW 01 Kec. Wanadadi Kab. Banjarnegara,+62 813-2779-5393,S1,2023,140/955 Tahun 2023,Ketua BPD
2427, Medayu,Wanadadi,Drs. Kuswari,"Cilacap, 11-05-1966",Desa Medayu RT 06 RW 01 Kec. Wanadadi Kab. Banjarnegara,+62 812-2761-659,S1,2023,140/955 Tahun 2023,Sekretaris BPD
2428, Medayu,Wanadadi,"Sugito, S.Pd.SD","Banjarnegara, 20-02-1960",Desa Medayu RT 01 RW 02 Kec. Wanadadi Kab. Banjarnegara,+62 823-2603-2318,S1,2023,140/955 Tahun 2023,Wakil Ketua BPD
2429, Mertasari,Purwanegara,UMI RAHAYU,"BANJARNEGARA, 26 SEPTEMBER 1988",DESA MERTASARI RT 01 RW 01,085227430704,SLTA,2019,140/33 TAHUN 2019,KASI KESEJAHTERAAN
2430, Mertasari,Purwanegara,KARTIYAH,"BANJARNEGARA, 25 MEI 1972",MERTASARI RT 01 RW 02,085870960036,SLTP,2011,21 TAHUN 2011,KASI PELAYANAN
2431, Mertasari,Purwanegara,GUNAWAN,"BANJARNEGARA, 25 OKTOBER 1968",DESA MERTASARI RT 04 RW 01,087893175777,S1,2005,07 TAHUN 2005,KASI PEMERINTAHAN
2432, Mertasari,Purwanegara,JAZULI HENDRO PURWANTORO,"BANJARNEGARA, 19 JULI 1980",DESA MERTASARI RT 01 RW 01,085291586666,D III,2008,141/12/ TAHUN 2008,KAUR KEUANGAN
2433, Mertasari,Purwanegara,ERI HARTANTO,"BANJARNEGARA, 31 JULI 1986",DESA MERTASARI RT 01 RW 02,085227265354,SLTA,2018,08 TAHUN 2018,KAUR PERENCANAAN
2434, Mertasari,Purwanegara,SUNGADI,"BANJARNEGARA, 04 MARET 1974",MERTASARI RT O2 RW 05,085600636488,SLTA,2008,141/12 TAHUN 2008,KAUR TU DAN UMUM
2435, Mertasari,Purwanegara,SUDONO SUSANTO,"BANJARNEGARA, 03 OKTOBER 1977",DESA MERTASARI RT 05 RW 05,082322960000,S1,2024,400.10.2/960 Tahun 2024,KEPALA DESA
2436, Mertasari,Purwanegara,NARIS PRIANTO,"BANJARNEGARA, 17 DESEMBER 1979",DESA MERTASARI RT 02 RW 01,082136609684,SLTA,2021,140/56 TAHUN 2021,KEPALA DUSUN 1
2437, Mertasari,Purwanegara,EDI PRAYITNO,"BANJARNEGARA, 19 JUNI 1974",DESA MERTASARI RT 01 RW 02,087772657714,SLTA,2011,21 TAHUN 2011,KEPALA DUSUN 2
2438, Mertasari,Purwanegara,SUGIARNO,"BANJARNEGARA, 15 JUNI 1967",DESA MERTASARI RT 02 RW 03,082134103477,SLTA,2002,140/14/VIII/2002,KEPALA DUSUN 3
2439, Mertasari,Purwanegara,PARSIM,"BANJARNEGARA, 06 FEBRUARI 1977",DESA MERTASARI RT 01 RW 04,082138102143,D1,2011,21 TAHUN 2011,KEPALA DUSUN 4
2440, Mertasari,Purwanegara,HENDRAWAN SUSENO,"BANJARNEGARA, 16 NOPEMBER 1998",DESA MERTASARI RT 06 RW 05,081297346583,SLTA,2022,141/55/TAHUN 2022,KEPALA DUSUN 5
2441, Mertasari,Purwanegara,DEDY HARYANTO,"BANJARNEGARA, 08 APRIL 1982",DESA MERTASARI RT 04 RW 01,085227205300,SLTA,2018,141/50 TAHUN 2018,SEKRETARIS DESA
2442, Mertasari,Purwanegara,NURUL KHUSAINI,"BANJARNEGARA, 26 APRIL 1982",DESA MERTASARI RT 01 RW 01,085200525666,SLTA,2011,21 TAHUN 2011,STAF KASI PELAYANAN
2443, Mertasari,Purwanegara,RADIONO,"BANJARNEGARA, 22 SEPTEMBER 1981",DESA MERTASARI RT 01 RW 04,081393947308,S 2,2023,140/927 TAHUN 2023,BIDANG PEMBANGUNAN DESA
2444, Mertasari,Purwanegara,YUNIATI,"BANJARNEGARA, 20 JUNI 1971",DESA MERTASARI RT 02 RW 03,085227037855,SLTA,2023,140/927 TAHUN 2023,BIDANG PEMBERDAYAAN MASYARAKAT
2445, Mertasari,Purwanegara,MURNIATI,"BANJARNEGARA, 06 MEI 1984",DESA MERTASARI RT 06 RW 05,085291752741,SLTA,2023,140/927 TAHUN 2023,BIDANG PEMBINAAN  KEMASYARAKATAN
2446, Mertasari,Purwanegara,SEKHUN,"BANJARNEGARA, 11 NOPEMBER 1971",DESA MERTASARI RT 05 RW 03,082242256988,D 3,2023,140/927 TAHUN 2023,BIDANG PENYELENGGARA PEMERINTAHAN DESA
2447, Mertasari,Purwanegara,SARJO AZM,"BANJARNEGARA, 13 MARET 1968",DESA MERTASARI RT 03 RW 03,082311023568,SLTP,2023,140/927 TAHUN 2023,KETUA
2448, Mertasari,Purwanegara,MARDIYANTO,"BANJARNEGARA, 18 JULI 1985",DESA MERTASARI RT 04 RW 02,081325131345,SLTA,2023,140/927 TAHUN 2023,SEKRETARIS
2449, Mertasari,Purwanegara,WASITO,"TANJUNG KARANG, 15 JUNI 1961",DESA MERTASARI RT 01 RW 01,081327931352,SLTA,2023,140/927 TAHUN 2023,WAKIL KETUA
2450, Metawana,Pagentan,Sidi Suherman,"Banjarnegara, 28 September 1965",Metawana Rt 001 Rw 002,082328310952,SMA,2024,400.10.2/595 Tahun 2024,Kepala Desa
2451, Metawana,Pagentan,Catur Widya S,"Banjarnegara, 01 September 1972",Metawana,082132343541,SMA,2017,141.2/30/Tahun 2017,Kepala Dusun 1
2452, Metawana,Pagentan,Misro,"Banjarnegara, 14 April 1980",Metawana,081329547454,SMA,2017,141.2/27/Tahun 2017,Kepala Dusun 2
2453, Metawana,Pagentan,Muchodam,"Banjarnegara, 12 Agustus 1968",Metawana,081574453297,SMA,2017,141.2/33/Tahun 2017,Kepala Dusun 3
2454, Metawana,Pagentan,Jemu,"Banjarnegara, 03 Februari 1990",Metawana,085227194444,SMA,2025,141.2/16/Tahun 2025,Kepala Seksi Kesejahteraan
2455, Metawana,Pagentan,Andriyanto,"Banjarnegara, 02 Maret 1993",Metawana,082323444848,S-1,2019,141.31/66/Tahun 2019,Kepala Seksi Pelayanan
2456, Metawana,Pagentan,Zaenal Abidin,"Banjarnegara, 23 November 1990",Metawana,082322252862,SMA,2019,141.31/67/Tahun 2019,Kepala Seksi Pemerintahan
2457, Metawana,Pagentan,Sidi Suherman,"Banjarnegara, 08 November 1999",Metawana Rt 001 Rw 002,081228963473,S1,2025,141.31/66/Tahun 2019,Kepala Urusan Keuangan
2458, Metawana,Pagentan,Parmin,"Banjarnegara, 16 September 1990",Metawana,081215265353,D-2,2017,141.2/15/Tahun 2017,Kepala Urusan Perencanaan
2459, Metawana,Pagentan,Nono,"Banjarnegara, 21 September 1983",Metawana,085810501203,SMA,2017,141.2/16/Tahun 2017,Kepala Urusan TU dan Umum
2460, Metawana,Pagentan,Supardi,"Banjarnegara, 12 Agustus 1980",Metawana,082220249700,S-1,2017,141.2/14/Tahun 2017,Sekretaris Desa
2461, Metawana,Pagentan,Sunarti,"Banjarnegara, 01 Juli 1976",Metawana,085326628018,SMA,2017,141.2/29/Tahun 2017,Staf TU dan Umum
2462, Metawana,Pagentan,Dik Yoyo,"Banjarnegara, 07 September 1995",Metawana Rt 001 Rw 003,081228963473,SMA,2023,140/495/2023,Anggota
2463, Metawana,Pagentan,Tofik Setyanto,"Banjarnegara, 23 April 1996",Metawana Rt 002 Rw 002,081228963473,S-1,2023,141/17 Tahun 2025,Anggota
2464, Metawana,Pagentan,Noviana Rizki Utami,"Banjarnegara, 12 November 1998",Metawana Rt 001 Rw 003,081228963473,D-3,2023,140/495/2023,Anggota
2465, Metawana,Pagentan,Lukman Muhtarom,"Banjarnegara, 04 Maret 1998",Metawana Rt 001 Rw 002,082226925748,S-1,2023,140/495/2023,Anggota
2466, Metawana,Pagentan,Achmad Syaifudin Efendi,"Banjarnegara, 26 Juli 1974",Metawana Rt 001 Rw 001,085647600374,S-1,2023,140/495/2023,Ketua
2467, Metawana,Pagentan,Jemu,"Bajarnegara, 03 Februari 1990",Metawana Rt 003 Rw 001,085227194444,SMA,2023,141/17 Tahun 2025,Sekretaris
2468, Metawana,Pagentan,Umiatiningsih,"Banjarnegara, 17 Agustus 1977",Metawana Rt 002 Rw 002,085244858029,S-1,2023,140/495/2023,Wakil Ketua
2469, Mlaya,Punggelan,WIWIT SAIFULOH,"BANJARNEGARA ,18 SEPTEMBER 1994",MLAYA RT 04 RW 01,081226527043,SMA,2021,27 Tahun 2021,KASI KESEJAHTRAAN
2470, Mlaya,Punggelan,MEGA,"BANJARNEGARA ,08 MARET 1975",MLAYA RT 02 RW 02,081326983309,SMP,2016,20 Tahun 2016,KASI PELAYANAN
2471, Mlaya,Punggelan,RIDHO,"BANJARNEGARA ,12 SEPTEMBER 1989",MLAYA RT 01 RW 01,085227226633,DIPLOMA 3,2020,27 TAHUN 2020,KASI PEMERINTAHAN
2472, Mlaya,Punggelan,SARWANTO,"BANJARNEGARA ,07 FEBRUARI 1987",MLAYA RT 01 RW 02,081331540018,SMA,2016,20 Tahun 2016,KASI PERENCANAAN
2473, Mlaya,Punggelan,DARYATI,"BANJARNEGARA ,06 MEI 1977",MLAYA RT 04 RW 04,082134191973,SMA,2017,23 Tahun 2017,KAUR KEUANGAN
2474, Mlaya,Punggelan,LISDIANTORO,"BANJARNEGARA ,28 NOVEMBER 1996",MLAYA RT 02 RW 04,082133861178,SMA,2020,27 Tahun 2020,KAUR TU DAN UMUM
2475, Mlaya,Punggelan,AFRIYANTO,"BANJARNEGARA ,07 APRIL 1987",MLAYA RT 03 RW 02,085227177722,SMA,2016,20 TAHUN 2016,KEPALA DUSUN 2
2476, Mlaya,Punggelan,NOFI FAJARYANTI,"BANJARNEGARA ,05 NOVEMBER 1988",MLAYA RT 03 RW 03,081328712507,SMAA,2020,27 TAHUN 2020,KEPALA DUSUN 3
2477, Mlaya,Punggelan,TARJI,"BANJARNEGARA ,02 JANUARI 1967",MLAYA RT 03 RW 04,081215023933,SMP,2016,20 TAHUN 2016,KEPALA DUSUN 4
2478, Mlaya,Punggelan,RISNO KISTOYO,"BANJARNEGARA ,10 AGUSTUS 1966",MLAYA RT 03 RW 01,082136758000,DIPLOMA 2,2018,01 Tahun 2018,SEKERTARIS DESA
2479, Mlaya,Punggelan,MUHASI,"BANJARNEGARA ,17 JULI 1961",MLAYA RT 01 RW 03,082220236081,SMP,2023,140/1504/tahun 2023,ANGGOTA
2480, Mlaya,Punggelan,MIKO ANDRIANTO,"BANJARNEGARA , 17 JULI 2002",MLAYA RT 003 RW 004,0,SMA,2023,140/1504/tahun 2023,ANGGOTA
2481, Mlaya,Punggelan,WAWAN,BANJARNEGARA 19 MEI 1997,MLAYA  RT 006 RW 003,0,SMA,2023,140/1504/tahun 2023,ANGGOTA
2482, Mlaya,Punggelan,GALIH SETIA PRICHATIN,"BANJARNEGARA , 10 SEPTEMBER 2005",MLAYA RT 07 RW 02,0,SMA,2023,140/1504/tahun 2023,ANGGOTA
2483, Mlaya,Punggelan,MILAHATIN,"BANJARNEGARA ,12 FEBRUARI 1989",MLAYA RT 01 RW 02,081252110021,SMA,2023,140/1504/tahun 2023,KETUA
2484, Mlaya,Punggelan,RINDI SETIANI,"BANJARNEGARA ,17 JULI 1996",MLAYA RT 02 RW 03,082224175672,SMA,2023,140/1504/tahun 2023,sekertaris
2485, Mlaya,Punggelan,ISWANDANU TRI NUR SETYO,"BANJARNEGARA , 13 AGUSTUS 1998",MLAYA RT 01 TW 01,082322210919,DIPLOMA 3,2023,140/1504/tahun 2023,WAKIL KETUA
2486, Nagasari,Pagentan,SUSILOWATI,"Banjarnegara, 05 Mei 1992",Nagasari RT 03 RW 03,085290839141,S1,2022,141/037 Tahun 2022,Kadus
2487, Nagasari,Pagentan,BEJA,"Banjarnegara, 11 Desember 1976",Nagasari RT 03 RW 02,082324931522,SMA,2016,141/042 Tahun 2016,Kadus
2488, Nagasari,Pagentan,SAMIN,"Banjarnegara, 01 Mei 1968",Nagasari RT 03 RW 04,082226113839,SMP,2016,141/044 Tahun 2016,Kadus
2489, Nagasari,Pagentan,SUDARNO,"Banjarnegara, 28 April 1970",Nagasari RT 01 RW 01,085227234128,SMA,2016,141/041 Tahun 2016,Kadus
2490, Nagasari,Pagentan,PUJIONO,"Banjarnegara, 04 Juli 1983",Nagasari RT 02 RW 03,081315997673,SMA,2016,141/035 Tahun 2016,Kasi Kesra
2491, Nagasari,Pagentan,MARKITO,"Banjarnegara, 16 Juni 1984",Nagasari RT 01 RW 02,085141641774,SMA,2019,141/01 Tahun 2019,Kasi Pelayanan
2492, Nagasari,Pagentan,SIGIT DWI MULYANTO,"Banjarnegara, 06 Juni 2000",Nagasari RT 01 RW 01,085134575895,SMA,2025,141/47 Tahun 2025,Kasi Pemerintahan
2493, Nagasari,Pagentan,Mahmudi,"Banjarnegara, 07 April 1978",Nagasari RT 02 RW 03,082314130124,SMA,2019,141/02 Tahun 2019,Kaur Keuangan
2494, Nagasari,Pagentan,TARJO,"Banjarnegara, 28 November 1979",Nagasari RT 03 RW 04,082226113839,SMA,2016,141/037 Tahun 2016,Kaur Perencanaan
2495, Nagasari,Pagentan,TOHA,"Banjarnegara, 18 Juli 1966",Nagasari RT 02 RW 01,081226683127,SMP,2016,141/039 Tahun 2016,Kaur TU dan UMUM
2496, Nagasari,Pagentan,SAFRUDIN,"Banjarnegara, 19 November 1961",Nagasari RT 01 RW 01,082328618586,SMA,2019,141.1/1117 Tahun 2019,Kepala Desa
2497, Nagasari,Pagentan,AHMAD,"Banjarnegara, 09 Juni 1987",Nagasari RT 02 RW 02,081353216795,SMA,2018,141/048 Tahun 2018,Sekretaris Desa
2498, Nagasari,Pagentan,SOIMAH,"Banjarnegara, 18 Januari 2000",Nagasari RT 03 RW 03,082328458431,SMA,2023,140/1543 Tahun 2023,Anggota
2499, Nagasari,Pagentan,RAHMADI,"Banjarnegara, 06 Juni 1968",Nagasari RT 02 RW 02,O81329306131,SMP,2023,140/1543 Tahun 2023,Anggota
2500, Nagasari,Pagentan,EKA ZAMILATUN,"Banjarnegara, 29 Mei 1988",Nagasari RT 01 RW 03,082314116551,S1,2023,140/1543 Tahun 2023,Anggota
2501, Nagasari,Pagentan,AHMAD SUTRISNO,"Banjarnegara, 17 Januari 1974",Nagasari RT 01 RW 04,081229742184,SMP,2023,140/1543 Tahun 2023,Ketua
2502, Nagasari,Pagentan,RIDWAN,"Banjarnegara, 07 Juli 1976",Nagasari RT 01 RW 01,081328131850,SMP,2023,140/1543 Tahun 2023,Wakil Ketua
2503, Pagak,Purwareja Klampok,ARI SUSANTO,"Banjarnegara, 07 Maret 1989","Pagak, Rt 04 Rw 02",082228112529,DII,2014,141/17/Tahun 2014,"Kadus II, Banjardawa"
2504, Pagak,Purwareja Klampok,BAHRUDIN,"Purbalingga, 16 Mei 1966","Pagak, Rt 02 Rw 03",081259922891,SLTA,2005,141/01/Tahun 2005,"Kadus III, Depok"
2505, Pagak,Purwareja Klampok,SIDIN,"Banjarnegara, 25 Juni 1968","Pagak, Rt 03 Rw 04",0821 3877 8767,SLTA,2005,141/03/Tahun 2005,"Kadus IV, Jatimaya"
2506, Pagak,Purwareja Klampok,"DWI MURDIYATI, A.Md","Banjarnegara, 29 Agustus 1982","Pagak, Rt 04 Rw 01",082314941249,DIII,2017,141/14/V/2017,Kasi Kesejahteraan
2507, Pagak,Purwareja Klampok,SUHARTININGSIH,"Banjarnegara, 09 Oktober 1981",Pagak Rt 01 Rw 02,085641553008,SLTA,2016,141.3/20/XII/2016,Kasi Pelayanan
2508, Pagak,Purwareja Klampok,HAFID LUKMANSAH,"Banjarnegara, 20 November 1991","Pagak, Rt 05 Rw 01",082137102514,SLTA,2017,141/13/V/2017,Kasi Pemerintahan
2509, Pagak,Purwareja Klampok,YAMAN,"Banjarnegara, 03 Mei 1968","Pagak, Rt 01 Rw 02",085712273050,SLTA,2016,141.3/21/XII/2016,Kaur Keuangan
2510, Pagak,Purwareja Klampok,AKHMAD FAOJI,"Banjarnegara, 23 Desember 1968","Pagak, Rt 03 Rw 03",081572236429,SLTA,2016,141.3/19/XII/2016,Kaur Perencanaan
2511, Pagak,Purwareja Klampok,JOARDI,"Banjarnegara, 07 Mei 1964","Pagak, Rt 02 Rw 03",081575927006,SLTA,2016,141.3/22/XII/2016,Kaur TU dan Umum
2512, Pagak,Purwareja Klampok,"SUDARWO,S.H","Banjarnegara, 10 Januari 1976",Desa Pagak RT 01 RW 02 Kecamatan Purwareja Klampok Kabupaten Banjarnegara,082135764534,S1,2019,400.10.2,Kepala Desa
2513, Pagak,Purwareja Klampok,"ANISA KUSUMA WARDANI, S.P","Banjarnegara, 03 Mei 1995",Desa Pagak RT 03 RW 01 Kecamatan Purwareja Klampok Kabupaten Banjarnegara,085201392472,S1,2017,141/12/V/2017,Sekretaris Desa
2514, Pagak,Purwareja Klampok,SARYONO,"Banjarnegara, 28 Juli 1983","Pagak, Rt 05 Rw 02",082329707583,SLTA,2009,141/07/ Tahun 2009,Staf Pelayanan
2515, Pagak,Purwareja Klampok,ROCHMAN,"Banjarnegara,  10 Juni 1976","Pagak, Rt 02 Rw 01",085869031471,SLTA,2004,141/009/XII/Tahun 2004,Staff TU dan Umum
2516, Pagak,Purwareja Klampok,YULI PURNOMO,"BANJARNEGARA, 15-07-1978",Desa Pagak RT 04 RW 01 Kecamatan Purwareja Klampok Kabupaten Banjarnegara,081326006295,SMA,2023,140/862 TAHUN 2023,ANGGOTA
2517, Pagak,Purwareja Klampok,FARIDAH,"BANJARNEGARA, 17-02-1977",Desa Pagak RT 03 RW 03 Kecamatan Purwareja Klampok Kabupaten Banjarnegara,085641719562,SMA,2023,140/862 TAHUN 2023,ANGGOTA
2518, Pagak,Purwareja Klampok,SAGOTO,"BANJARNEGARA, 22-10-1974",Desa Pagak RT 02 RW 03 Kecamatan Purwareja Klampok Kabupaten Banjarnegara,088137355446,S1,2023,140/862 TAHUN 2023,KETUA
2519, Pagak,Purwareja Klampok,FIANA EKA RAHMAWATI,"BANJARNEGARA, 13-01-1998",Desa Pagak RT 04 RW 02 Kecamatan Purwareja Klampok Kabupaten Banjarnegara,081230775508,S1,2023,140/862 TAHUN 2023,SEKRETARIS BPD
2520, Pagak,Purwareja Klampok,FAJARUDIN,"BANJARNEGARA, 30-01-1990",Desa Pagak RT 02 RW 02 Kecamatan Purwareja Klampok Kabupaten Banjarnegara,089678586823,SMA,2023,140/862 TAHUN 2023,SEKSI PEMBANGUNAN
2521, Pagak,Purwareja Klampok,PRIYATIN,"BANJARNEGARA, 09-04-1986",Desa Pagak RT 01 RW 04 Kecamatan Purwareja Klampok Kabupaten Banjarnegara,085727144160,SMA,2023,140/862 TAHUN 2023,SEKSI PEMERINTAHAN
2522, Pagak,Purwareja Klampok,KHOTIYAH,"BANJARNEGARA, 11-01-1968",Desa Pagak RT 05 RW 01 Kecamatan Purwareja Klampok Kabupaten Banjarnegara,082133414358,SMA,2023,140/862 TAHUN 2023,WAKIL KETUA
2523, Pagedongan,Pagedongan,Pujiono,"Banjarnegara, 9 Februari 1977",Pagedongan RT 002 RW 006,0882008627306,SMA,2016,141/43 TAHUN 2016,KASI KESEJAHTERAAN
2524, Pagedongan,Pagedongan,Dhian Kurniati,"Banjarnegara, 25 Oktober 1984","Pagedongan, RT 001 RW 007",0882007548917,S1,2018,141.3/29 Tahun 2018,KASI PELAYANAN
